thisN,thisTrialN,thisRepN,mouse.x,mouse.y,mouse.leftButton,mouse.midButton,mouse.rightButton,mouse.time,mouse.clicked_name,trials.thisRepN,trials.thisTrialN,trials.thisN,trials.thisIndex,thisRow.t,notes,instructions.started,text.started,text.stopped,instructions.stopped,num_distr,trial.started,fixation.started,target.started,mouse.started,trial.stopped,trials.mouse.x,trials.mouse.y,trials.mouse.leftButton,trials.mouse.midButton,trials.mouse.rightButton,trials.mouse.time,trials.mouse.clicked_name,thankyou.started,text_2.started,text_2.stopped,thankyou.stopped,participant,session,date,expName,expVersion,psychopyVersion,frameRate,expStart,
,,,,,,,,,,,,,,,,0.0054568749910686165,0.011904499988304451,2.054533457994694,2.0000709169980837,,,,,,,,,,,,,,,,,,005,001,2025-09-27_23h25.51.621,VisualSearch,,2025.1.1,119.30914042590526,2025-09-27 23h25.58.852697 +0530,
0,0,0,[np.float64(0.18333333333333332)],[np.float64(-0.32555555555555554)],[1],[0],[0],[1.319607375000487],['target'],0,0,0,0,2.054533457994694,,,,,,10,2.0368527499958873,2.054533457994694,2.054533457994694,0.03687783300119918,3.356536249993951,[np.float64(0.18333333333333332)],[np.float64(-0.32555555555555554)],[1],[0],[0],[1.319607375000487],['target'],,,,,005,001,2025-09-27_23h25.51.621,VisualSearch,,2025.1.1,119.30914042590526,2025-09-27 23h25.58.852697 +0530,
1,0,1,[np.float64(0.11444444444444445)],[np.float64(-0.43333333333333335)],[1],[0],[0],[1.2171997080004076],['target'],1,0,1,0,3.3775740829878487,,,,,,5,3.3676114580011927,3.3775740829878487,3.3775740829878487,0.010886500007472932,4.584879292000551,[np.float64(0.11444444444444445)],[np.float64(-0.43333333333333335)],[1],[0],[0],[1.2171997080004076],['target'],,,,,005,001,2025-09-27_23h25.51.621,VisualSearch,,2025.1.1,119.30914042590526,2025-09-27 23h25.58.852697 +0530,
2,0,2,[np.float64(0.14555555555555555)],[np.float64(0.20666666666666667)],[1],[0],[0],[1.1359402920061257],['target'],2,0,2,0,4.6111700420005945,,,,,,5,4.599484541991842,4.6111700420005945,4.6111700420005945,0.014441374994930811,5.735502874988015,[np.float64(0.14555555555555555)],[np.float64(0.20666666666666667)],[1],[0],[0],[1.1359402920061257],['target'],,,,,005,001,2025-09-27_23h25.51.621,VisualSearch,,2025.1.1,119.30914042590526,2025-09-27 23h25.58.852697 +0530,
3,0,3,[np.float64(-0.1922222222222222)],[np.float64(0.03333333333333333)],[1],[0],[0],[1.434025541995652],['target'],3,0,3,0,5.763756249987637,,,,,,5,5.752488375001121,5.763756249987637,5.763756249987637,0.01678933299263008,7.186579207991599,[np.float64(-0.1922222222222222)],[np.float64(0.03333333333333333)],[1],[0],[0],[1.434025541995652],['target'],,,,,005,001,2025-09-27_23h25.51.621,VisualSearch,,2025.1.1,119.30914042590526,2025-09-27 23h25.58.852697 +0530,
4,0,4,[np.float64(-0.39222222222222225)],[np.float64(0.45555555555555555)],[1],[0],[0],[1.4848233750090003],['target'],4,0,4,0,7.231312332995003,,,,,,10,7.216579207990435,7.231312332995003,7.231312332995003,0.02980450000904966,8.701451582994196,[np.float64(-0.39222222222222225)],[np.float64(0.45555555555555555)],[1],[0],[0],[1.4848233750090003],['target'],,,,,005,001,2025-09-27_23h25.51.621,VisualSearch,,2025.1.1,119.30914042590526,2025-09-27 23h25.58.852697 +0530,
5,0,5,[np.float64(0.16555555555555557)],[np.float64(-0.19333333333333333)],[1],[0],[0],[1.5477679169998737],['target'],5,0,5,0,8.733563332993072,,,,,,10,8.721830750000663,8.733563332993072,8.733563332993072,0.020227624991093762,10.269652999995742,[np.float64(0.16555555555555557)],[np.float64(-0.19333333333333333)],[1],[0],[0],[1.5477679169998737],['target'],,,,,005,001,2025-09-27_23h25.51.621,VisualSearch,,2025.1.1,119.30914042590526,2025-09-27 23h25.58.852697 +0530,
6,0,6,[np.float64(0.34)],[np.float64(-0.15)],[1],[0],[0],[1.1440622500085738],['target'],6,0,6,0,10.302299957998912,,,,,,10,10.290934374992503,10.302299957998912,10.302299957998912,0.021111458001541905,11.43504437500087,[np.float64(0.34)],[np.float64(-0.15)],[1],[0],[0],[1.1440622500085738],['target'],,,,,005,001,2025-09-27_23h25.51.621,VisualSearch,,2025.1.1,119.30914042590526,2025-09-27 23h25.58.852697 +0530,
7,0,7,[np.float64(-0.23777777777777778)],[np.float64(0.1322222222222222)],[1],[0],[0],[1.241584542003693],['target'],7,0,7,0,11.45622562499193,,,,,,5,11.446081916990806,11.45622562499193,11.45622562499193,0.010889041994232684,12.687748124997597,[np.float64(-0.23777777777777778)],[np.float64(0.1322222222222222)],[1],[0],[0],[1.241584542003693],['target'],,,,,005,001,2025-09-27_23h25.51.621,VisualSearch,,2025.1.1,119.30914042590526,2025-09-27 23h25.58.852697 +0530,
8,0,8,"[np.float64(0.3), np.float64(0.2922222222222222)]","[np.float64(0.2911111111111111), np.float64(0.2911111111111111)]","[1, 1]","[0, 0]","[0, 0]","[1.2472838749963557, 1.7658358750049956]","[None, 'target']",8,0,8,0,12.716418750002049,,,,,,5,12.704749541997444,12.716418750002049,12.716418750002049,0.016806833998998627,14.470650916991872,"[np.float64(0.3), np.float64(0.2922222222222222)]","[np.float64(0.2911111111111111), np.float64(0.2911111111111111)]","[1, 1]","[0, 0]","[0, 0]","[1.2472838749963557, 1.7658358750049956]","[None, 'target']",,,,,005,001,2025-09-27_23h25.51.621,VisualSearch,,2025.1.1,119.30914042590526,2025-09-27 23h25.58.852697 +0530,
9,0,9,[np.float64(-0.17666666666666667)],[np.float64(-0.23555555555555555)],[1],[0],[0],[1.7642412919958588],['target'],9,0,9,0,14.499305833000108,,,,,,5,14.48827179199725,14.499305833000108,14.499305833000108,0.017394582988345064,16.252566374998423,[np.float64(-0.17666666666666667)],[np.float64(-0.23555555555555555)],[1],[0],[0],[1.7642412919958588],['target'],,,,,005,001,2025-09-27_23h25.51.621,VisualSearch,,2025.1.1,119.30914042590526,2025-09-27 23h25.58.852697 +0530,
10,0,10,[np.float64(0.4911111111111111)],[np.float64(0.4477777777777778)],[1],[0],[0],[1.6348974170105066],['target'],10,0,10,0,16.278927082996233,,,,,,5,16.26744112499,16.278927082996233,16.278927082996233,0.01471204099652823,17.902401707993704,[np.float64(0.4911111111111111)],[np.float64(0.4477777777777778)],[1],[0],[0],[1.6348974170105066],['target'],,,,,005,001,2025-09-27_23h25.51.621,VisualSearch,,2025.1.1,119.30914042590526,2025-09-27 23h25.58.852697 +0530,
11,0,11,[np.float64(0.43333333333333335)],[np.float64(0.03222222222222222)],[1],[0],[0],[1.0688146250031423],['target'],11,0,11,0,17.928888624999672,,,,,,5,17.917281082991394,17.928888624999672,17.928888624999672,0.014716999998199753,18.98615762499685,[np.float64(0.43333333333333335)],[np.float64(0.03222222222222222)],[1],[0],[0],[1.0688146250031423],['target'],,,,,005,001,2025-09-27_23h25.51.621,VisualSearch,,2025.1.1,119.30914042590526,2025-09-27 23h25.58.852697 +0530,
12,0,12,[np.float64(0.46111111111111114)],[np.float64(-0.07222222222222222)],[1],[0],[0],[1.1558856670017121],['target'],12,0,12,0,19.02552174999437,,,,,,10,19.012637624997296,19.02552174999437,19.02552174999437,0.026297417003661394,20.168589624998276,[np.float64(0.46111111111111114)],[np.float64(-0.07222222222222222)],[1],[0],[0],[1.1558856670017121],['target'],,,,,005,001,2025-09-27_23h25.51.621,VisualSearch,,2025.1.1,119.30914042590526,2025-09-27 23h25.58.852697 +0530,
13,0,13,[np.float64(-0.04)],[np.float64(0.33111111111111113)],[1],[0],[0],[1.422442041002796],['target'],13,0,13,0,20.1911152919929,,,,,,5,20.180818832988734,20.1911152919929,20.1911152919929,0.012052958001731895,21.603327916993294,[np.float64(-0.04)],[np.float64(0.33111111111111113)],[1],[0],[0],[1.422442041002796],['target'],,,,,005,001,2025-09-27_23h25.51.621,VisualSearch,,2025.1.1,119.30914042590526,2025-09-27 23h25.58.852697 +0530,
14,0,14,[np.float64(0.22444444444444445)],[np.float64(-0.06555555555555556)],[1],[0],[0],[1.1511986670084298],['target'],14,0,14,0,21.630160041997442,,,,,,5,21.618507082996075,21.630160041997442,21.630160041997442,0.015016290999483317,22.769768874990405,[np.float64(0.22444444444444445)],[np.float64(-0.06555555555555556)],[1],[0],[0],[1.1511986670084298],['target'],,,,,005,001,2025-09-27_23h25.51.621,VisualSearch,,2025.1.1,119.30914042590526,2025-09-27 23h25.58.852697 +0530,
15,0,15,[np.float64(-0.4022222222222222)],[np.float64(-0.47555555555555556)],[1],[0],[0],[2.0701363749976736],['target'],15,0,15,0,22.795833374999347,,,,,,5,22.78492241699132,22.795833374999347,22.795833374999347,0.014992458003689535,24.855135291989427,[np.float64(-0.4022222222222222)],[np.float64(-0.47555555555555556)],[1],[0],[0],[2.0701363749976736],['target'],,,,,005,001,2025-09-27_23h25.51.621,VisualSearch,,2025.1.1,119.30914042590526,2025-09-27 23h25.58.852697 +0530,
16,0,16,[np.float64(0.33)],[np.float64(-0.2866666666666667)],[1],[0],[0],[2.033360375004122],['target'],16,0,16,0,24.899423582988675,,,,,,10,24.88530283299042,24.899423582988675,24.899423582988675,0.029967417009174824,26.918714707993786,[np.float64(0.33)],[np.float64(-0.2866666666666667)],[1],[0],[0],[2.033360375004122],['target'],,,,,005,001,2025-09-27_23h25.51.621,VisualSearch,,2025.1.1,119.30914042590526,2025-09-27 23h25.58.852697 +0530,
17,0,17,[np.float64(-0.48444444444444446)],[np.float64(0.27)],[1],[0],[0],[1.6127757909998763],['target'],17,0,17,0,26.951292666999507,,,,,,10,26.939662499993574,26.951292666999507,26.951292666999507,0.020779500002390705,28.552491666996502,[np.float64(-0.48444444444444446)],[np.float64(0.27)],[1],[0],[0],[1.6127757909998763],['target'],,,,,005,001,2025-09-27_23h25.51.621,VisualSearch,,2025.1.1,119.30914042590526,2025-09-27 23h25.58.852697 +0530,
18,0,18,[np.float64(-0.03888888888888889)],[np.float64(0.29555555555555557)],[1],[0],[0],[1.8290901250002207],['target'],18,0,18,0,28.58460670799832,,,,,,10,28.5732513749972,28.58460670799832,28.58460670799832,0.02058545799809508,30.402380250001443,[np.float64(-0.03888888888888889)],[np.float64(0.29555555555555557)],[1],[0],[0],[1.8290901250002207],['target'],,,,,005,001,2025-09-27_23h25.51.621,VisualSearch,,2025.1.1,119.30914042590526,2025-09-27 23h25.58.852697 +0530,
19,0,19,[np.float64(0.4088888888888889)],[np.float64(0.2677777777777778)],[1],[0],[0],[1.7471313749992987],['target'],19,0,19,0,30.433344499993837,,,,,,10,30.422222666995367,30.433344499993837,30.433344499993837,0.01969212500262074,32.16941550000047,[np.float64(0.4088888888888889)],[np.float64(0.2677777777777778)],[1],[0],[0],[1.7471313749992987],['target'],,,,,005,001,2025-09-27_23h25.51.621,VisualSearch,,2025.1.1,119.30914042590526,2025-09-27 23h25.58.852697 +0530,
20,0,20,[np.float64(0.3244444444444444)],[np.float64(-0.017777777777777778)],[1],[0],[0],[1.5460509170079604],['target'],20,0,20,0,32.201694707997376,,,,,,10,32.1899796249927,32.201694707997376,32.201694707997376,0.02041333299712278,33.73608574998798,[np.float64(0.3244444444444444)],[np.float64(-0.017777777777777778)],[1],[0],[0],[1.5460509170079604],['target'],,,,,005,001,2025-09-27_23h25.51.621,VisualSearch,,2025.1.1,119.30914042590526,2025-09-27 23h25.58.852697 +0530,
21,0,21,[np.float64(0.24333333333333335)],[np.float64(0.5)],[1],[0],[0],[1.3235981249890756],['target'],21,0,21,0,33.75693133298773,,,,,,5,33.74743654199119,33.75693133298773,33.75693133298773,0.011185541006852873,35.07111641699157,[np.float64(0.24333333333333335)],[np.float64(0.5)],[1],[0],[0],[1.3235981249890756],['target'],,,,,005,001,2025-09-27_23h25.51.621,VisualSearch,,2025.1.1,119.30914042590526,2025-09-27 23h25.58.852697 +0530,
22,0,22,[np.float64(-0.3477777777777778)],[np.float64(-0.19777777777777777)],[1],[0],[0],[1.451261959009571],['target'],22,0,22,0,35.097237750000204,,,,,,5,35.0859988329903,35.097237750000204,35.097237750000204,0.014681000000564381,36.537333624990424,[np.float64(-0.3477777777777778)],[np.float64(-0.19777777777777777)],[1],[0],[0],[1.451261959009571],['target'],,,,,005,001,2025-09-27_23h25.51.621,VisualSearch,,2025.1.1,119.30914042590526,2025-09-27 23h25.58.852697 +0530,
23,0,23,[np.float64(-0.13333333333333333)],[np.float64(-0.30666666666666664)],[1],[0],[0],[0.967754542012699],['target'],23,0,23,0,36.5641732919903,,,,,,5,36.55265974999929,36.5641732919903,36.5641732919903,0.015131207997910678,37.52047333298833,[np.float64(-0.13333333333333333)],[np.float64(-0.30666666666666664)],[1],[0],[0],[0.967754542012699],['target'],,,,,005,001,2025-09-27_23h25.51.621,VisualSearch,,2025.1.1,119.30914042590526,2025-09-27 23h25.58.852697 +0530,
24,0,24,[np.float64(-0.08555555555555555)],[np.float64(-0.4588888888888889)],[1],[0],[0],[1.7226442910032347],['target'],24,0,24,0,37.560984333002125,,,,,,10,37.54682316699473,37.560984333002125,37.560984333002125,0.026186375005636364,39.26950716698775,[np.float64(-0.08555555555555555)],[np.float64(-0.4588888888888889)],[1],[0],[0],[1.7226442910032347],['target'],,,,,005,001,2025-09-27_23h25.51.621,VisualSearch,,2025.1.1,119.30914042590526,2025-09-27 23h25.58.852697 +0530,
25,0,25,[np.float64(0.2644444444444444)],[np.float64(0.37333333333333335)],[1],[0],[0],[1.4801483339979313],['target'],25,0,25,0,39.30209924999508,,,,,,10,39.29033808299573,39.30209924999508,39.30209924999508,0.020682374990428798,40.77052883298893,[np.float64(0.2644444444444444)],[np.float64(0.37333333333333335)],[1],[0],[0],[1.4801483339979313],['target'],,,,,005,001,2025-09-27_23h25.51.621,VisualSearch,,2025.1.1,119.30914042590526,2025-09-27 23h25.58.852697 +0530,
26,0,26,[np.float64(-0.21444444444444444)],[np.float64(0.03777777777777778)],[1],[0],[0],[1.2889566669909982],['target'],26,0,26,0,40.79078258298978,,,,,,5,40.78157920799276,40.79078258298978,40.79078258298978,0.010904208000283688,42.07060370799445,[np.float64(-0.21444444444444444)],[np.float64(0.03777777777777778)],[1],[0],[0],[1.2889566669909982],['target'],,,,,005,001,2025-09-27_23h25.51.621,VisualSearch,,2025.1.1,119.30914042590526,2025-09-27 23h25.58.852697 +0530,
27,0,27,[np.float64(-0.19555555555555557)],[np.float64(-0.37555555555555553)],[1],[0],[0],[1.9061618330015335],['target'],27,0,27,0,42.10968608300027,,,,,,10,42.09659191699757,42.10968608300027,42.10968608300027,0.025823625008342788,44.00280412498978,[np.float64(-0.19555555555555557)],[np.float64(-0.37555555555555553)],[1],[0],[0],[1.9061618330015335],['target'],,,,,005,001,2025-09-27_23h25.51.621,VisualSearch,,2025.1.1,119.30914042590526,2025-09-27 23h25.58.852697 +0530,
28,0,28,[np.float64(-0.21555555555555556)],[np.float64(-0.04111111111111111)],[1],[0],[0],[1.461910041005467],['target'],28,0,28,0,44.034888082998805,,,,,,10,44.02350558299804,44.034888082998805,44.034888082998805,0.020528416003799066,45.48546254199755,[np.float64(-0.21555555555555556)],[np.float64(-0.04111111111111111)],[1],[0],[0],[1.461910041005467],['target'],,,,,005,001,2025-09-27_23h25.51.621,VisualSearch,,2025.1.1,119.30914042590526,2025-09-27 23h25.58.852697 +0530,
29,0,29,[np.float64(-0.2633333333333333)],[np.float64(-0.16)],[1],[0],[0],[1.3732367909979075],['target'],29,0,29,0,45.506950416995096,,,,,,5,45.49676358299621,45.506950416995096,45.506950416995096,0.011150582999107428,46.87006587498763,[np.float64(-0.2633333333333333)],[np.float64(-0.16)],[1],[0],[0],[1.3732367909979075],['target'],,,,,005,001,2025-09-27_23h25.51.621,VisualSearch,,2025.1.1,119.30914042590526,2025-09-27 23h25.58.852697 +0530,
30,0,30,[np.float64(0.11333333333333333)],[np.float64(0.12222222222222222)],[1],[0],[0],[1.5687279170088004],['target'],30,0,30,0,46.89617062499747,,,,,,5,46.884769582989975,46.89617062499747,46.89617062499747,0.014544166988343932,48.45355716699851,[np.float64(0.11333333333333333)],[np.float64(0.12222222222222222)],[1],[0],[0],[1.5687279170088004],['target'],,,,,005,001,2025-09-27_23h25.51.621,VisualSearch,,2025.1.1,119.30914042590526,2025-09-27 23h25.58.852697 +0530,
31,0,31,[np.float64(-0.022222222222222223)],[np.float64(-0.15)],[1],[0],[0],[1.3721137919928879],['target'],31,0,31,0,48.49409370799549,,,,,,10,48.47994525000104,48.49409370799549,48.49409370799549,0.026227875001495704,49.85209924999799,[np.float64(-0.022222222222222223)],[np.float64(-0.15)],[1],[0],[0],[1.3721137919928879],['target'],,,,,005,001,2025-09-27_23h25.51.621,VisualSearch,,2025.1.1,119.30914042590526,2025-09-27 23h25.58.852697 +0530,
32,0,32,[np.float64(0.4922222222222222)],[np.float64(-0.08666666666666667)],[1],[0],[0],[1.490921333010192],['target'],32,0,32,0,49.872987999988254,,,,,,5,49.86330966699461,49.872987999988254,49.872987999988254,0.011061791999964043,51.35429866699269,[np.float64(0.4922222222222222)],[np.float64(-0.08666666666666667)],[1],[0],[0],[1.490921333010192],['target'],,,,,005,001,2025-09-27_23h25.51.621,VisualSearch,,2025.1.1,119.30914042590526,2025-09-27 23h25.58.852697 +0530,
33,0,33,[np.float64(0.08555555555555555)],[np.float64(-0.10111111111111111)],[1],[0],[0],[1.270142332999967],['target'],33,0,33,0,51.379160832992056,,,,,,5,51.367645874997834,51.379160832992056,51.379160832992056,0.013171124999644235,52.63785183300206,[np.float64(0.08555555555555555)],[np.float64(-0.10111111111111111)],[1],[0],[0],[1.270142332999967],['target'],,,,,005,001,2025-09-27_23h25.51.621,VisualSearch,,2025.1.1,119.30914042590526,2025-09-27 23h25.58.852697 +0530,
34,0,34,[np.float64(-0.3811111111111111)],[np.float64(-0.31555555555555553)],[1],[0],[0],[1.2838780829915777],['target'],34,0,34,0,52.663638250000076,,,,,,5,52.652709457994206,52.663638250000076,52.663638250000076,0.014700792002258822,53.93665199998941,[np.float64(-0.3811111111111111)],[np.float64(-0.31555555555555553)],[1],[0],[0],[1.2838780829915777],['target'],,,,,005,001,2025-09-27_23h25.51.621,VisualSearch,,2025.1.1,119.30914042590526,2025-09-27 23h25.58.852697 +0530,
35,0,35,[np.float64(-0.028888888888888888)],[np.float64(0.2544444444444444)],[1],[0],[0],[1.3263911659887526],['target'],35,0,35,0,53.97400587498851,,,,,,10,53.96071295799629,53.97400587498851,53.97400587498851,0.02389566699275747,55.28714349999791,[np.float64(-0.028888888888888888)],[np.float64(0.2544444444444444)],[1],[0],[0],[1.3263911659887526],['target'],,,,,005,001,2025-09-27_23h25.51.621,VisualSearch,,2025.1.1,119.30914042590526,2025-09-27 23h25.58.852697 +0530,
36,0,36,[np.float64(0.3011111111111111)],[np.float64(-0.0044444444444444444)],[1],[0],[0],[1.1725336659874301],['target'],36,0,36,0,55.30894733298919,,,,,,5,55.29861983298906,55.30894733298919,55.30894733298919,0.01132958299422171,56.471221749990946,[np.float64(0.3011111111111111)],[np.float64(-0.0044444444444444444)],[1],[0],[0],[1.1725336659874301],['target'],,,,,005,001,2025-09-27_23h25.51.621,VisualSearch,,2025.1.1,119.30914042590526,2025-09-27 23h25.58.852697 +0530,
37,0,37,[np.float64(-0.03777777777777778)],[np.float64(-0.04)],[1],[0],[0],[1.3517649590066867],['target'],37,0,37,0,56.49621120799566,,,,,,5,56.48558129199955,56.49621120799566,56.49621120799566,0.01419733400689438,57.83740754199971,[np.float64(-0.03777777777777778)],[np.float64(-0.04)],[1],[0],[0],[1.3517649590066867],['target'],,,,,005,001,2025-09-27_23h25.51.621,VisualSearch,,2025.1.1,119.30914042590526,2025-09-27 23h25.58.852697 +0530,
38,0,38,[np.float64(-0.043333333333333335)],[np.float64(-0.3477777777777778)],[1],[0],[0],[1.1421892079961253],['target'],38,0,38,0,57.874097166990396,,,,,,10,57.861303541998495,57.874097166990396,57.874097166990396,0.023730457993224263,59.00353354199615,[np.float64(-0.043333333333333335)],[np.float64(-0.3477777777777778)],[1],[0],[0],[1.1421892079961253],['target'],,,,,005,001,2025-09-27_23h25.51.621,VisualSearch,,2025.1.1,119.30914042590526,2025-09-27 23h25.58.852697 +0530,
39,0,39,[np.float64(0.4711111111111111)],[np.float64(-0.18666666666666668)],[1],[0],[0],[1.8790980409976328],['target'],39,0,39,0,59.03652466699714,,,,,,10,59.02462608298811,59.03652466699714,59.03652466699714,0.02094304199272301,60.90378300000157,[np.float64(0.4711111111111111)],[np.float64(-0.18666666666666668)],[1],[0],[0],[1.8790980409976328],['target'],,,,,005,001,2025-09-27_23h25.51.621,VisualSearch,,2025.1.1,119.30914042590526,2025-09-27 23h25.58.852697 +0530,
40,0,40,"[np.float64(-0.44333333333333336), np.float64(-0.4444444444444444)]","[np.float64(0.37777777777777777), np.float64(0.35333333333333333)]","[1, 1]","[0, 0]","[0, 0]","[2.828882791000069, 3.462018457998056]","[None, 'target']",40,0,40,0,60.93694729199342,,,,,,10,60.92496520798886,60.93694729199342,60.93694729199342,0.021009082993259653,64.38705674999801,"[np.float64(-0.44333333333333336), np.float64(-0.4444444444444444)]","[np.float64(0.37777777777777777), np.float64(0.35333333333333333)]","[1, 1]","[0, 0]","[0, 0]","[2.828882791000069, 3.462018457998056]","[None, 'target']",,,,,005,001,2025-09-27_23h25.51.621,VisualSearch,,2025.1.1,119.30914042590526,2025-09-27 23h25.58.852697 +0530,
41,0,41,[np.float64(-0.06333333333333334)],[np.float64(0.38666666666666666)],[1],[0],[0],[0.9801416249974864],['target'],41,0,41,0,64.41825433299528,,,,,,10,64.40702499999315,64.41825433299528,64.41825433299528,0.019773583000642247,65.38721470799646,[np.float64(-0.06333333333333334)],[np.float64(0.38666666666666666)],[1],[0],[0],[0.9801416249974864],['target'],,,,,005,001,2025-09-27_23h25.51.621,VisualSearch,,2025.1.1,119.30914042590526,2025-09-27 23h25.58.852697 +0530,
42,0,42,[np.float64(-0.21444444444444444)],[np.float64(0.41)],[1],[0],[0],[1.2226225000049453],['target'],42,0,42,0,65.40861924999626,,,,,,5,65.39837304200046,65.40861924999626,65.40861924999626,0.011014874995453283,66.62106325000059,[np.float64(-0.21444444444444444)],[np.float64(0.41)],[1],[0],[0],[1.2226225000049453],['target'],,,,,005,001,2025-09-27_23h25.51.621,VisualSearch,,2025.1.1,119.30914042590526,2025-09-27 23h25.58.852697 +0530,
43,0,43,[np.float64(0.4722222222222222)],[np.float64(-0.2288888888888889)],[1],[0],[0],[1.9398348749964498],['target'],43,0,43,0,66.66112687499844,,,,,,10,66.6469082919939,66.66112687499844,66.66112687499844,0.02567195799201727,68.58678399999917,[np.float64(0.4722222222222222)],[np.float64(-0.2288888888888889)],[1],[0],[0],[1.9398348749964498],['target'],,,,,005,001,2025-09-27_23h25.51.621,VisualSearch,,2025.1.1,119.30914042590526,2025-09-27 23h25.58.852697 +0530,
44,0,44,[np.float64(-0.3888888888888889)],[np.float64(-0.08444444444444445)],[1],[0],[0],[1.3345934999961173],['target'],44,0,44,0,68.60839891700016,,,,,,5,68.59790670798975,68.60839891700016,68.60839891700016,0.010971124997013249,69.93257620799704,[np.float64(-0.3888888888888889)],[np.float64(-0.08444444444444445)],[1],[0],[0],[1.3345934999961173],['target'],,,,,005,001,2025-09-27_23h25.51.621,VisualSearch,,2025.1.1,119.30914042590526,2025-09-27 23h25.58.852697 +0530,
45,0,45,[np.float64(-0.45222222222222225)],[np.float64(0.027777777777777776)],[1],[0],[0],[1.0255875419970835],['target'],45,0,45,0,69.95889041699411,,,,,,5,69.94729162499425,69.95889041699411,69.95889041699411,0.014542167002218775,70.97295004199259,[np.float64(-0.45222222222222225)],[np.float64(0.027777777777777776)],[1],[0],[0],[1.0255875419970835],['target'],,,,,005,001,2025-09-27_23h25.51.621,VisualSearch,,2025.1.1,119.30914042590526,2025-09-27 23h25.58.852697 +0530,
46,0,46,[np.float64(-0.24444444444444444)],[np.float64(-0.06888888888888889)],[1],[0],[0],[1.1209792500012554],['target'],46,0,46,0,71.01282620799611,,,,,,10,70.99911920799059,71.01282620799611,71.01282620799611,0.02597266700468026,72.12014037500194,[np.float64(-0.24444444444444444)],[np.float64(-0.06888888888888889)],[1],[0],[0],[1.1209792500012554],['target'],,,,,005,001,2025-09-27_23h25.51.621,VisualSearch,,2025.1.1,119.30914042590526,2025-09-27 23h25.58.852697 +0530,
47,0,47,[np.float64(0.025555555555555557)],[np.float64(0.2877777777777778)],[1],[0],[0],[1.2246963750076247],['target'],47,0,47,0,72.13974995799072,,,,,,5,72.13040420800098,72.13974995799072,72.13974995799072,0.010114042001077905,73.3551687500003,[np.float64(0.025555555555555557)],[np.float64(0.2877777777777778)],[1],[0],[0],[1.2246963750076247],['target'],,,,,005,001,2025-09-27_23h25.51.621,VisualSearch,,2025.1.1,119.30914042590526,2025-09-27 23h25.58.852697 +0530,
48,0,48,[np.float64(-0.28888888888888886)],[np.float64(0.19333333333333333)],[1],[0],[0],[1.458749417011859],['target'],48,0,48,0,73.3930209579994,,,,,,10,73.37957120798819,73.3930209579994,73.3930209579994,0.024232499999925494,74.8383721249993,[np.float64(-0.28888888888888886)],[np.float64(0.19333333333333333)],[1],[0],[0],[1.458749417011859],['target'],,,,,005,001,2025-09-27_23h25.51.621,VisualSearch,,2025.1.1,119.30914042590526,2025-09-27 23h25.58.852697 +0530,
49,0,49,[np.float64(0.13777777777777778)],[np.float64(-0.1288888888888889)],[1],[0],[0],[1.6280712089937879],['target'],49,0,49,0,74.87117212500016,,,,,,10,74.85939754199353,74.87117212500016,74.87117212500016,0.020853916998021305,76.48751133299083,[np.float64(0.13777777777777778)],[np.float64(-0.1288888888888889)],[1],[0],[0],[1.6280712089937879],['target'],,,,,005,001,2025-09-27_23h25.51.621,VisualSearch,,2025.1.1,119.30914042590526,2025-09-27 23h25.58.852697 +0530,
50,0,50,[np.float64(-0.008888888888888889)],[np.float64(0.3655555555555556)],[1],[0],[0],[1.4556768339971313],['target'],50,0,50,0,76.50946912499785,,,,,,5,76.49895699998888,76.50946912499785,76.50946912499785,0.01129816600587219,77.95469162499649,[np.float64(-0.008888888888888889)],[np.float64(0.3655555555555556)],[1],[0],[0],[1.4556768339971313],['target'],,,,,005,001,2025-09-27_23h25.51.621,VisualSearch,,2025.1.1,119.30914042590526,2025-09-27 23h25.58.852697 +0530,
51,0,51,[np.float64(0.43666666666666665)],[np.float64(-0.07)],[1],[0],[0],[1.5019111669971608],['target'],51,0,51,0,77.97987595800078,,,,,,5,77.96823712499463,77.97987595800078,77.97987595800078,0.013406957994448021,79.47020299998985,[np.float64(0.43666666666666665)],[np.float64(-0.07)],[1],[0],[0],[1.5019111669971608],['target'],,,,,005,001,2025-09-27_23h25.51.621,VisualSearch,,2025.1.1,119.30914042590526,2025-09-27 23h25.58.852697 +0530,
52,0,52,[np.float64(-0.2011111111111111)],[np.float64(-0.27111111111111114)],[1],[0],[0],[1.7559708329936257],['target'],52,0,52,0,79.49324641699786,,,,,,5,79.48255441700167,79.49324641699786,79.49324641699786,0.012213124995469116,81.23857766699803,[np.float64(-0.2011111111111111)],[np.float64(-0.27111111111111114)],[1],[0],[0],[1.7559708329936257],['target'],,,,,005,001,2025-09-27_23h25.51.621,VisualSearch,,2025.1.1,119.30914042590526,2025-09-27 23h25.58.852697 +0530,
53,0,53,[np.float64(0.20333333333333334)],[np.float64(0.37)],[1],[0],[0],[1.5100970409985166],['target'],53,0,53,0,81.2731804579962,,,,,,10,81.26042308298929,81.2731804579962,81.2731804579962,0.021709791995817795,82.77056079199247,[np.float64(0.20333333333333334)],[np.float64(0.37)],[1],[0],[0],[1.5100970409985166],['target'],,,,,005,001,2025-09-27_23h25.51.621,VisualSearch,,2025.1.1,119.30914042590526,2025-09-27 23h25.58.852697 +0530,
54,0,54,[np.float64(0.39111111111111113)],[np.float64(-0.4577777777777778)],[1],[0],[0],[1.859423916990636],['target'],54,0,54,0,82.79044050000084,,,,,,5,82.78114583299612,82.79044050000084,82.79044050000084,0.010442958009662107,84.6406529579981,[np.float64(0.39111111111111113)],[np.float64(-0.4577777777777778)],[1],[0],[0],[1.859423916990636],['target'],,,,,005,001,2025-09-27_23h25.51.621,VisualSearch,,2025.1.1,119.30914042590526,2025-09-27 23h25.58.852697 +0530,
55,0,55,[np.float64(0.4888888888888889)],[np.float64(-0.07444444444444444)],[1],[0],[0],[1.26959379199252],['target'],55,0,55,0,84.68264766699576,,,,,,10,84.66855624999152,84.68264766699576,84.68264766699576,0.02769849999458529,85.93817699998908,[np.float64(0.4888888888888889)],[np.float64(-0.07444444444444444)],[1],[0],[0],[1.26959379199252],['target'],,,,,005,001,2025-09-27_23h25.51.621,VisualSearch,,2025.1.1,119.30914042590526,2025-09-27 23h25.58.852697 +0530,
56,0,56,"[np.float64(-0.4711111111111111), np.float64(-0.46)]","[np.float64(0.1811111111111111), np.float64(0.17222222222222222)]","[1, 1]","[0, 0]","[0, 0]","[1.664020292009809, 2.1971234170050593]","[None, 'target']",56,0,56,0,85.96761466699536,,,,,,10,85.95669433299918,85.96761466699536,85.96761466699536,0.018367374999797903,88.153865166998,"[np.float64(-0.4711111111111111), np.float64(-0.46)]","[np.float64(0.1811111111111111), np.float64(0.17222222222222222)]","[1, 1]","[0, 0]","[0, 0]","[1.664020292009809, 2.1971234170050593]","[None, 'target']",,,,,005,001,2025-09-27_23h25.51.621,VisualSearch,,2025.1.1,119.30914042590526,2025-09-27 23h25.58.852697 +0530,
57,0,57,[np.float64(0.49333333333333335)],[np.float64(-0.16555555555555557)],[1],[0],[0],[1.5233125829981873],['target'],57,0,57,0,88.1744112919987,,,,,,5,88.16502829200181,88.1744112919987,88.1744112919987,0.010990958006004803,89.68839224999829,[np.float64(0.49333333333333335)],[np.float64(-0.16555555555555557)],[1],[0],[0],[1.5233125829981873],['target'],,,,,005,001,2025-09-27_23h25.51.621,VisualSearch,,2025.1.1,119.30914042590526,2025-09-27 23h25.58.852697 +0530,
58,0,58,[np.float64(0.27111111111111114)],[np.float64(-0.006666666666666667)],[1],[0],[0],[1.1743727499997476],['target'],58,0,58,0,89.7273685419932,,,,,,10,89.7136763749877,89.7273685419932,89.7273685419932,0.02511962500284426,90.88808720798988,[np.float64(0.27111111111111114)],[np.float64(-0.006666666666666667)],[1],[0],[0],[1.1743727499997476],['target'],,,,,005,001,2025-09-27_23h25.51.621,VisualSearch,,2025.1.1,119.30914042590526,2025-09-27 23h25.58.852697 +0530,
59,0,59,[np.float64(0.4033333333333333)],[np.float64(0.4444444444444444)],[1],[0],[0],[1.5063359170017065],['target'],59,0,59,0,90.90941191698948,,,,,,5,90.89909416699084,90.90941191698948,90.90941191698948,0.010859707996132784,92.40549791698868,[np.float64(0.4033333333333333)],[np.float64(0.4444444444444444)],[1],[0],[0],[1.5063359170017065],['target'],,,,,005,001,2025-09-27_23h25.51.621,VisualSearch,,2025.1.1,119.30914042590526,2025-09-27 23h25.58.852697 +0530,
60,0,60,[np.float64(-0.04555555555555556)],[np.float64(-0.034444444444444444)],[1],[0],[0],[1.3854355000075884],['target'],60,0,60,0,92.4302121669898,,,,,,5,92.41962712499662,92.4302121669898,92.4302121669898,0.013966875005280599,93.80512325000018,[np.float64(-0.04555555555555556)],[np.float64(-0.034444444444444444)],[1],[0],[0],[1.3854355000075884],['target'],,,,,005,001,2025-09-27_23h25.51.621,VisualSearch,,2025.1.1,119.30914042590526,2025-09-27 23h25.58.852697 +0530,
61,0,61,[np.float64(0.3977777777777778)],[np.float64(0.10111111111111111)],[1],[0],[0],[1.3938882500078762],['target'],61,0,61,0,93.83984687499469,,,,,,10,93.82748083298793,93.83984687499469,93.83984687499469,0.022191957992617972,95.22141179199389,[np.float64(0.3977777777777778)],[np.float64(0.10111111111111111)],[1],[0],[0],[1.3938882500078762],['target'],,,,,005,001,2025-09-27_23h25.51.621,VisualSearch,,2025.1.1,119.30914042590526,2025-09-27 23h25.58.852697 +0530,
62,0,62,[np.float64(-0.27666666666666667)],[np.float64(-0.3022222222222222)],[1],[0],[0],[1.7810840830061352],['target'],62,0,62,0,95.25102704198798,,,,,,10,95.24003958299,95.25102704198798,95.25102704198798,0.018470416995114647,97.02117441699374,[np.float64(-0.27666666666666667)],[np.float64(-0.3022222222222222)],[1],[0],[0],[1.7810840830061352],['target'],,,,,005,001,2025-09-27_23h25.51.621,VisualSearch,,2025.1.1,119.30914042590526,2025-09-27 23h25.58.852697 +0530,
63,0,63,[np.float64(-0.17888888888888888)],[np.float64(-0.3477777777777778)],[1],[0],[0],[1.0301873749995138],['target'],63,0,63,0,97.05232162500033,,,,,,10,97.04071137499704,97.05232162500033,97.05232162500033,0.019384457991691306,98.07094774999132,[np.float64(-0.17888888888888888)],[np.float64(-0.3477777777777778)],[1],[0],[0],[1.0301873749995138],['target'],,,,,005,001,2025-09-27_23h25.51.621,VisualSearch,,2025.1.1,119.30914042590526,2025-09-27 23h25.58.852697 +0530,
64,0,64,[np.float64(-0.4255555555555556)],[np.float64(-0.21666666666666667)],[1],[0],[0],[1.3132186669972725],['target'],64,0,64,0,98.15045033299248,,,,,,5,98.1423465830012,98.15045033299248,98.15045033299248,0.0712462920055259,99.4556303749996,[np.float64(-0.4255555555555556)],[np.float64(-0.21666666666666667)],[1],[0],[0],[1.3132186669972725],['target'],,,,,005,001,2025-09-27_23h25.51.621,VisualSearch,,2025.1.1,119.30914042590526,2025-09-27 23h25.58.852697 +0530,
65,0,65,[np.float64(-0.03)],[np.float64(0.34)],[1],[0],[0],[1.4021810419944813],['target'],65,0,65,0,99.48145412499434,,,,,,5,99.47000320799998,99.48145412499434,99.48145412499434,0.014199791999999434,100.87224554199202,[np.float64(-0.03)],[np.float64(0.34)],[1],[0],[0],[1.4021810419944813],['target'],,,,,005,001,2025-09-27_23h25.51.621,VisualSearch,,2025.1.1,119.30914042590526,2025-09-27 23h25.58.852697 +0530,
66,0,66,[np.float64(-0.057777777777777775)],[np.float64(-0.08555555555555555)],[1],[0],[0],[1.2564967080106726],['target'],66,0,66,0,100.91060124999785,,,,,,10,100.89755058300216,100.91060124999785,100.91060124999785,0.025143416991340928,102.15408512498834,[np.float64(-0.057777777777777775)],[np.float64(-0.08555555555555555)],[1],[0],[0],[1.2564967080106726],['target'],,,,,005,001,2025-09-27_23h25.51.621,VisualSearch,,2025.1.1,119.30914042590526,2025-09-27 23h25.58.852697 +0530,
67,0,67,[np.float64(-0.4711111111111111)],[np.float64(-0.15)],[1],[0],[0],[1.2483275830018101],['target'],67,0,67,0,102.1849868749996,,,,,,10,102.17341887499788,102.1849868749996,102.1849868749996,0.019184582997695543,103.42179287500039,[np.float64(-0.4711111111111111)],[np.float64(-0.15)],[1],[0],[0],[1.2483275830018101],['target'],,,,,005,001,2025-09-27_23h25.51.621,VisualSearch,,2025.1.1,119.30914042590526,2025-09-27 23h25.58.852697 +0530,
68,0,68,[np.float64(-0.11444444444444445)],[np.float64(-0.24555555555555555)],[1],[0],[0],[1.245605208008783],['target'],68,0,68,0,103.45374408298812,,,,,,10,103.44198491699353,103.45374408298812,103.45374408298812,0.020042499992996454,104.6876319169969,[np.float64(-0.11444444444444445)],[np.float64(-0.24555555555555555)],[1],[0],[0],[1.245605208008783],['target'],,,,,005,001,2025-09-27_23h25.51.621,VisualSearch,,2025.1.1,119.30914042590526,2025-09-27 23h25.58.852697 +0530,
69,0,69,[np.float64(-0.33444444444444443)],[np.float64(-0.2822222222222222)],[1],[0],[0],[1.2823651670041727],['target'],69,0,69,0,104.71633462500176,,,,,,10,104.7055188749946,104.71633462500176,104.71633462500176,0.0177455840021139,105.98793266699067,[np.float64(-0.33444444444444443)],[np.float64(-0.2822222222222222)],[1],[0],[0],[1.2823651670041727],['target'],,,,,005,001,2025-09-27_23h25.51.621,VisualSearch,,2025.1.1,119.30914042590526,2025-09-27 23h25.58.852697 +0530,
70,0,70,[np.float64(0.3233333333333333)],[np.float64(0.011111111111111112)],[1],[0],[0],[1.596120250003878],['target'],70,0,70,0,106.02016533300048,,,,,,10,106.00853741700121,106.02016533300048,106.02016533300048,0.020452333003049716,107.60470133299532,[np.float64(0.3233333333333333)],[np.float64(0.011111111111111112)],[1],[0],[0],[1.596120250003878],['target'],,,,,005,001,2025-09-27_23h25.51.621,VisualSearch,,2025.1.1,119.30914042590526,2025-09-27 23h25.58.852697 +0530,
71,0,71,[np.float64(0.10555555555555556)],[np.float64(-0.07555555555555556)],[1],[0],[0],[1.0086467079963768],['target'],71,0,71,0,107.62526358298783,,,,,,5,107.61519029199553,107.62526358298783,107.62526358298783,0.010337875006371178,108.6239312079997,[np.float64(0.10555555555555556)],[np.float64(-0.07555555555555556)],[1],[0],[0],[1.0086467079963768],['target'],,,,,005,001,2025-09-27_23h25.51.621,VisualSearch,,2025.1.1,119.30914042590526,2025-09-27 23h25.58.852697 +0530,
72,0,72,[np.float64(-0.45)],[np.float64(-0.08666666666666667)],[1],[0],[0],[1.4160459590057144],['target'],72,0,72,0,108.6509301670012,,,,,,5,108.63920654199319,108.6509301670012,108.6509301670012,0.015050875008455478,110.05531883299409,[np.float64(-0.45)],[np.float64(-0.08666666666666667)],[1],[0],[0],[1.4160459590057144],['target'],,,,,005,001,2025-09-27_23h25.51.621,VisualSearch,,2025.1.1,119.30914042590526,2025-09-27 23h25.58.852697 +0530,
73,0,73,[np.float64(-0.44666666666666666)],[np.float64(-0.3611111111111111)],[1],[0],[0],[1.2104697909962852],['target'],73,0,73,0,110.09202541699051,,,,,,10,110.07826275000116,110.09202541699051,110.09202541699051,0.022805166998296045,111.28877216699766,[np.float64(-0.44666666666666666)],[np.float64(-0.3611111111111111)],[1],[0],[0],[1.2104697909962852],['target'],,,,,005,001,2025-09-27_23h25.51.621,VisualSearch,,2025.1.1,119.30914042590526,2025-09-27 23h25.58.852697 +0530,
74,0,74,[np.float64(0.20666666666666667)],[np.float64(-0.2822222222222222)],[1],[0],[0],[1.4646939579979517],['target'],74,0,74,0,111.31826979199832,,,,,,10,111.30704025000159,111.31826979199832,111.31826979199832,0.018125500006135553,112.77177549999033,[np.float64(0.20666666666666667)],[np.float64(-0.2822222222222222)],[1],[0],[0],[1.4646939579979517],['target'],,,,,005,001,2025-09-27_23h25.51.621,VisualSearch,,2025.1.1,119.30914042590526,2025-09-27 23h25.58.852697 +0530,
75,0,75,[np.float64(-0.3977777777777778)],[np.float64(-0.3377777777777778)],[1],[0],[0],[1.3751320830051554],['target'],75,0,75,0,112.79018145799637,,,,,,5,112.78124466699956,112.79018145799637,112.79018145799637,0.00933854200411588,114.15644487499958,[np.float64(-0.3977777777777778)],[np.float64(-0.3377777777777778)],[1],[0],[0],[1.3751320830051554],['target'],,,,,005,001,2025-09-27_23h25.51.621,VisualSearch,,2025.1.1,119.30914042590526,2025-09-27 23h25.58.852697 +0530,
76,0,76,[np.float64(0.3422222222222222)],[np.float64(-0.2511111111111111)],[1],[0],[0],[1.3520448329945793],['target'],76,0,76,0,114.1819301249925,,,,,,5,114.17065045799245,114.1819301249925,114.1819301249925,0.014044459006981924,115.5227573329903,[np.float64(0.3422222222222222)],[np.float64(-0.2511111111111111)],[1],[0],[0],[1.3520448329945793],['target'],,,,,005,001,2025-09-27_23h25.51.621,VisualSearch,,2025.1.1,119.30914042590526,2025-09-27 23h25.58.852697 +0530,
77,0,77,[np.float64(0.15333333333333332)],[np.float64(-0.17)],[1],[0],[0],[1.1366022919974057],['target'],77,0,77,0,115.54767454200191,,,,,,5,115.53661258298962,115.54767454200191,115.54767454200191,0.013696291993255727,116.67327883299731,[np.float64(0.15333333333333332)],[np.float64(-0.17)],[1],[0],[0],[1.1366022919974057],['target'],,,,,005,001,2025-09-27_23h25.51.621,VisualSearch,,2025.1.1,119.30914042590526,2025-09-27 23h25.58.852697 +0530,
78,0,78,[np.float64(0.18777777777777777)],[np.float64(-0.03222222222222222)],[1],[0],[0],[0.9194029589998536],['target'],78,0,78,0,116.69769604199973,,,,,,5,116.68664829200134,116.69769604199973,116.69769604199973,0.013213290993007831,117.60611054199398,[np.float64(0.18777777777777777)],[np.float64(-0.03222222222222222)],[1],[0],[0],[0.9194029589998536],['target'],,,,,005,001,2025-09-27_23h25.51.621,VisualSearch,,2025.1.1,119.30914042590526,2025-09-27 23h25.58.852697 +0530,
79,0,79,[np.float64(0.1711111111111111)],[np.float64(-0.11444444444444445)],[1],[0],[0],[1.9742109580110991],['target'],79,0,79,0,117.64406674999918,,,,,,10,117.63042208299157,117.64406674999918,117.64406674999918,0.024151500008883886,119.60467387500103,[np.float64(0.1711111111111111)],[np.float64(-0.11444444444444445)],[1],[0],[0],[1.9742109580110991],['target'],,,,,005,001,2025-09-27_23h25.51.621,VisualSearch,,2025.1.1,119.30914042590526,2025-09-27 23h25.58.852697 +0530,
80,0,80,[np.float64(-0.21888888888888888)],[np.float64(-0.06111111111111111)],[1],[0],[0],[1.932012165998458],['target'],80,0,80,0,119.63398624998808,,,,,,10,119.62296633300139,119.63398624998808,119.63398624998808,0.018143624998629093,121.55502712499583,[np.float64(-0.21888888888888888)],[np.float64(-0.06111111111111111)],[1],[0],[0],[1.932012165998458],['target'],,,,,005,001,2025-09-27_23h25.51.621,VisualSearch,,2025.1.1,119.30914042590526,2025-09-27 23h25.58.852697 +0530,
81,0,81,[np.float64(0.29)],[np.float64(-0.37333333333333335)],[1],[0],[0],[1.5833369169995422],['target'],81,0,81,0,121.5745955829916,,,,,,5,121.56521899999643,121.5745955829916,121.5745955829916,0.010034125007223338,123.14864212500106,[np.float64(0.29)],[np.float64(-0.37333333333333335)],[1],[0],[0],[1.5833369169995422],['target'],,,,,005,001,2025-09-27_23h25.51.621,VisualSearch,,2025.1.1,119.30914042590526,2025-09-27 23h25.58.852697 +0530,
82,0,82,[np.float64(-0.46111111111111114)],[np.float64(-0.056666666666666664)],[1],[0],[0],[1.3410819999990053],['target'],82,0,82,0,123.17724204200204,,,,,,5,123.16556758299703,123.17724204200204,123.17724204200204,0.016733249998651445,124.5067027079931,[np.float64(-0.46111111111111114)],[np.float64(-0.056666666666666664)],[1],[0],[0],[1.3410819999990053],['target'],,,,,005,001,2025-09-27_23h25.51.621,VisualSearch,,2025.1.1,119.30914042590526,2025-09-27 23h25.58.852697 +0530,
83,0,83,[np.float64(-0.012222222222222223)],[np.float64(-0.12666666666666668)],[1],[0],[0],[1.3348777080100263],['target'],83,0,83,0,124.53362245799508,,,,,,5,124.52174549999472,124.53362245799508,124.53362245799508,0.014883625000948086,125.85668674999033,[np.float64(-0.012222222222222223)],[np.float64(-0.12666666666666668)],[1],[0],[0],[1.3348777080100263],['target'],,,,,005,001,2025-09-27_23h25.51.621,VisualSearch,,2025.1.1,119.30914042590526,2025-09-27 23h25.58.852697 +0530,
84,0,84,[np.float64(0.0077777777777777776)],[np.float64(0.03888888888888889)],[1],[0],[0],[1.0357639169960748],['target'],84,0,84,0,125.88075229199603,,,,,,5,125.87013254199701,125.88075229199603,125.88075229199603,0.013284790999023244,126.90595849999227,[np.float64(0.0077777777777777776)],[np.float64(0.03888888888888889)],[1],[0],[0],[1.0357639169960748],['target'],,,,,005,001,2025-09-27_23h25.51.621,VisualSearch,,2025.1.1,119.30914042590526,2025-09-27 23h25.58.852697 +0530,
85,0,85,[np.float64(0.4388888888888889)],[np.float64(0.26)],[1],[0],[0],[1.556904791999841],['target'],85,0,85,0,126.93138004199136,,,,,,5,126.91976549998799,126.93138004199136,126.93138004199136,0.013624250001157634,128.47675658299704,[np.float64(0.4388888888888889)],[np.float64(0.26)],[1],[0],[0],[1.556904791999841],['target'],,,,,005,001,2025-09-27_23h25.51.621,VisualSearch,,2025.1.1,119.30914042590526,2025-09-27 23h25.58.852697 +0530,
86,0,86,[np.float64(0.01)],[np.float64(0.42333333333333334)],[1],[0],[0],[1.2956799999956274],['target'],86,0,86,0,128.50642649999645,,,,,,5,128.49418029199296,128.50642649999645,128.50642649999645,0.01721770800941158,129.78991658298764,[np.float64(0.01)],[np.float64(0.42333333333333334)],[1],[0],[0],[1.2956799999956274],['target'],,,,,005,001,2025-09-27_23h25.51.621,VisualSearch,,2025.1.1,119.30914042590526,2025-09-27 23h25.58.852697 +0530,
87,0,87,[np.float64(0.39)],[np.float64(-0.1388888888888889)],[1],[0],[0],[2.3231274169957032],['target'],87,0,87,0,129.82881395799632,,,,,,10,129.81576570800098,129.82881395799632,129.82881395799632,0.025686042004963383,132.13893895799993,[np.float64(0.39)],[np.float64(-0.1388888888888889)],[1],[0],[0],[2.3231274169957032],['target'],,,,,005,001,2025-09-27_23h25.51.621,VisualSearch,,2025.1.1,119.30914042590526,2025-09-27 23h25.58.852697 +0530,
88,0,88,[np.float64(-0.3844444444444444)],[np.float64(-0.1988888888888889)],[1],[0],[0],[1.4288517079985468],['target'],88,0,88,0,132.1712342499959,,,,,,10,132.15969162499823,132.1712342499959,132.1712342499959,0.020583292003721,133.58858920799685,[np.float64(-0.3844444444444444)],[np.float64(-0.1988888888888889)],[1],[0],[0],[1.4288517079985468],['target'],,,,,005,001,2025-09-27_23h25.51.621,VisualSearch,,2025.1.1,119.30914042590526,2025-09-27 23h25.58.852697 +0530,
89,0,89,[np.float64(0.3466666666666667)],[np.float64(0.2966666666666667)],[1],[0],[0],[1.5740094159991713],['target'],89,0,89,0,133.60989212499408,,,,,,5,133.59979616699275,133.60989212499408,133.60989212499408,0.011060042001190595,135.17387279200193,[np.float64(0.3466666666666667)],[np.float64(0.2966666666666667)],[1],[0],[0],[1.5740094159991713],['target'],,,,,005,001,2025-09-27_23h25.51.621,VisualSearch,,2025.1.1,119.30914042590526,2025-09-27 23h25.58.852697 +0530,
90,0,90,[np.float64(0.08)],[np.float64(-0.3288888888888889)],[1],[0],[0],[1.807285041999421],['target'],90,0,90,0,135.21121499998844,,,,,,10,135.19790054199984,135.21121499998844,135.21121499998844,0.023866042000008747,137.00523574999534,[np.float64(0.08)],[np.float64(-0.3288888888888889)],[1],[0],[0],[1.807285041999421],['target'],,,,,005,001,2025-09-27_23h25.51.621,VisualSearch,,2025.1.1,119.30914042590526,2025-09-27 23h25.58.852697 +0530,
91,0,91,[np.float64(-0.31777777777777777)],[np.float64(-0.12555555555555556)],[1],[0],[0],[1.2802159580023726],['target'],91,0,91,0,137.03674374999537,,,,,,10,137.02529862499796,137.03674374999537,137.03674374999537,0.019911333001800813,138.3055558329943,[np.float64(-0.31777777777777777)],[np.float64(-0.12555555555555556)],[1],[0],[0],[1.2802159580023726],['target'],,,,,005,001,2025-09-27_23h25.51.621,VisualSearch,,2025.1.1,119.30914042590526,2025-09-27 23h25.58.852697 +0530,
92,0,92,[np.float64(0.40555555555555556)],[np.float64(-0.42333333333333334)],[1],[0],[0],[1.5241334169986658],['target'],92,0,92,0,138.32476237499213,,,,,,5,138.31569350000063,138.32476237499213,138.32476237499213,0.010007832999690436,139.83989504199417,[np.float64(0.40555555555555556)],[np.float64(-0.42333333333333334)],[1],[0],[0],[1.5241334169986658],['target'],,,,,005,001,2025-09-27_23h25.51.621,VisualSearch,,2025.1.1,119.30914042590526,2025-09-27 23h25.58.852697 +0530,
93,0,93,[np.float64(0.4677777777777778)],[np.float64(0.06)],[1],[0],[0],[1.2578542090050178],['target'],93,0,93,0,139.87747700000182,,,,,,10,139.8640695829963,139.87747700000182,139.87747700000182,0.024010250010178424,141.12196562498866,[np.float64(0.4677777777777778)],[np.float64(0.06)],[1],[0],[0],[1.2578542090050178],['target'],,,,,005,001,2025-09-27_23h25.51.621,VisualSearch,,2025.1.1,119.30914042590526,2025-09-27 23h25.58.852697 +0530,
94,0,94,[np.float64(0.3377777777777778)],[np.float64(0.36444444444444446)],[1],[0],[0],[1.3073985829978483],['target'],94,0,94,0,141.14187224999478,,,,,,5,141.13270445799571,141.14187224999478,141.14187224999478,0.010593583006993867,142.44017129199347,[np.float64(0.3377777777777778)],[np.float64(0.36444444444444446)],[1],[0],[0],[1.3073985829978483],['target'],,,,,005,001,2025-09-27_23h25.51.621,VisualSearch,,2025.1.1,119.30914042590526,2025-09-27 23h25.58.852697 +0530,
95,0,95,[np.float64(0.0011111111111111111)],[np.float64(-0.49333333333333335)],[1],[0],[0],[1.6389343750051921],['target'],95,0,95,0,142.48115574999247,,,,,,10,142.46639483299805,142.48115574999247,142.48115574999247,0.026060333009809256,144.1053670419933,[np.float64(0.0011111111111111111)],[np.float64(-0.49333333333333335)],[1],[0],[0],[1.6389343750051921],['target'],,,,,005,001,2025-09-27_23h25.51.621,VisualSearch,,2025.1.1,119.30914042590526,2025-09-27 23h25.58.852697 +0530,
96,0,96,[np.float64(0.4622222222222222)],[np.float64(0.12222222222222222)],[1],[0],[0],[2.099427499997546],['target'],96,0,96,0,144.13508770799672,,,,,,10,144.123629624999,144.13508770799672,144.13508770799672,0.018114709004294127,146.22310624999227,[np.float64(0.4622222222222222)],[np.float64(0.12222222222222222)],[1],[0],[0],[2.099427499997546],['target'],,,,,005,001,2025-09-27_23h25.51.621,VisualSearch,,2025.1.1,119.30914042590526,2025-09-27 23h25.58.852697 +0530,
97,0,97,[np.float64(0.23)],[np.float64(-0.29888888888888887)],[1],[0],[0],[1.2897780000057537],['target'],97,0,97,0,146.24243920799927,,,,,,5,146.23346224999113,146.24243920799927,146.24243920799927,0.010202582998317666,147.52330783299112,[np.float64(0.23)],[np.float64(-0.29888888888888887)],[1],[0],[0],[1.2897780000057537],['target'],,,,,005,001,2025-09-27_23h25.51.621,VisualSearch,,2025.1.1,119.30914042590526,2025-09-27 23h25.58.852697 +0530,
98,0,98,[np.float64(-0.04)],[np.float64(0.11666666666666667)],[1],[0],[0],[1.1086715410056058],['target'],98,0,98,0,147.56032974999107,,,,,,10,147.54774933299632,147.56032974999107,147.56032974999107,0.02427616600471083,148.65646320799715,[np.float64(-0.04)],[np.float64(0.11666666666666667)],[1],[0],[0],[1.1086715410056058],['target'],,,,,005,001,2025-09-27_23h25.51.621,VisualSearch,,2025.1.1,119.30914042590526,2025-09-27 23h25.58.852697 +0530,
99,0,99,[np.float64(0.16555555555555557)],[np.float64(0.3388888888888889)],[1],[0],[0],[1.4972600000037346],['target'],99,0,99,0,148.6855247499916,,,,,,10,148.67528999999922,148.6855247499916,148.6855247499916,0.01865275000454858,150.17260016698856,[np.float64(0.16555555555555557)],[np.float64(0.3388888888888889)],[1],[0],[0],[1.4972600000037346],['target'],,,,,005,001,2025-09-27_23h25.51.621,VisualSearch,,2025.1.1,119.30914042590526,2025-09-27 23h25.58.852697 +0530,
100,0,100,[np.float64(0.013333333333333334)],[np.float64(0.4077777777777778)],[1],[0],[0],[1.2232625000033295],['target'],100,0,100,0,150.19389349999256,,,,,,5,150.18408320799062,150.19389349999256,150.19389349999256,0.011338583004544489,151.40741208299005,[np.float64(0.013333333333333334)],[np.float64(0.4077777777777778)],[1],[0],[0],[1.2232625000033295],['target'],,,,,005,001,2025-09-27_23h25.51.621,VisualSearch,,2025.1.1,119.30914042590526,2025-09-27 23h25.58.852697 +0530,
101,0,101,"[np.float64(-0.31), np.float64(-0.3055555555555556)]","[np.float64(-0.1511111111111111), np.float64(-0.1511111111111111)]","[1, 1]","[0, 0]","[0, 0]","[1.468886749993544, 2.0020009169966215]","[None, 'target']",101,0,101,0,151.43193362499005,,,,,,5,151.42136083298828,151.43193362499005,151.43193362499005,0.013791292003588751,153.42342004198872,"[np.float64(-0.31), np.float64(-0.3055555555555556)]","[np.float64(-0.1511111111111111), np.float64(-0.1511111111111111)]","[1, 1]","[0, 0]","[0, 0]","[1.468886749993544, 2.0020009169966215]","[None, 'target']",,,,,005,001,2025-09-27_23h25.51.621,VisualSearch,,2025.1.1,119.30914042590526,2025-09-27 23h25.58.852697 +0530,
102,0,102,[np.float64(-0.03111111111111111)],[np.float64(-0.25222222222222224)],[1],[0],[0],[1.2065640000073472],['target'],102,0,102,0,153.46229095799208,,,,,,10,153.44928549999895,153.46229095799208,153.46229095799208,0.025678541001980193,154.6558901249955,[np.float64(-0.03111111111111111)],[np.float64(-0.25222222222222224)],[1],[0],[0],[1.2065640000073472],['target'],,,,,005,001,2025-09-27_23h25.51.621,VisualSearch,,2025.1.1,119.30914042590526,2025-09-27 23h25.58.852697 +0530,
103,0,103,[np.float64(0.4122222222222222)],[np.float64(-0.08222222222222222)],[1],[0],[0],[1.8325844170030905],['target'],103,0,103,0,154.68640029199014,,,,,,10,154.67476774999523,154.68640029199014,154.68640029199014,0.018728875002125278,156.50740916699579,[np.float64(0.4122222222222222)],[np.float64(-0.08222222222222222)],[1],[0],[0],[1.8325844170030905],['target'],,,,,005,001,2025-09-27_23h25.51.621,VisualSearch,,2025.1.1,119.30914042590526,2025-09-27 23h25.58.852697 +0530,
104,0,104,[np.float64(-0.1)],[np.float64(0.2922222222222222)],[1],[0],[0],[1.2698798750061542],['target'],104,0,104,0,156.53053866699338,,,,,,5,156.5199603749934,156.53053866699338,156.53053866699338,0.012385041991365142,157.78989749999892,[np.float64(-0.1)],[np.float64(0.2922222222222222)],[1],[0],[0],[1.2698798750061542],['target'],,,,,005,001,2025-09-27_23h25.51.621,VisualSearch,,2025.1.1,119.30914042590526,2025-09-27 23h25.58.852697 +0530,
105,0,105,[np.float64(-0.26222222222222225)],[np.float64(0.41333333333333333)],[1],[0],[0],[1.2093522080103867],['target'],105,0,105,0,157.82638358300028,,,,,,10,157.81308399999398,157.82638358300028,157.82638358300028,0.023049916009767912,159.02247020800132,[np.float64(-0.26222222222222225)],[np.float64(0.41333333333333333)],[1],[0],[0],[1.2093522080103867],['target'],,,,,005,001,2025-09-27_23h25.51.621,VisualSearch,,2025.1.1,119.30914042590526,2025-09-27 23h25.58.852697 +0530,
106,0,106,[np.float64(0.2588888888888889)],[np.float64(-0.2733333333333333)],[1],[0],[0],[1.5995765410043532],['target'],106,0,106,0,159.05125187498925,,,,,,10,159.0403250829986,159.05125187498925,159.05125187498925,0.01772333399276249,160.63994499998807,[np.float64(0.2588888888888889)],[np.float64(-0.2733333333333333)],[1],[0],[0],[1.5995765410043532],['target'],,,,,005,001,2025-09-27_23h25.51.621,VisualSearch,,2025.1.1,119.30914042590526,2025-09-27 23h25.58.852697 +0530,
107,0,107,[np.float64(-0.05333333333333334)],[np.float64(-0.03333333333333333)],[1],[0],[0],[1.3082109580136603],['target'],107,0,107,0,160.65833291699528,,,,,,5,160.64954254199984,160.65833291699528,160.65833291699528,0.009447207994526252,161.957822707991,[np.float64(-0.05333333333333334)],[np.float64(-0.03333333333333333)],[1],[0],[0],[1.3082109580136603],['target'],,,,,005,001,2025-09-27_23h25.51.621,VisualSearch,,2025.1.1,119.30914042590526,2025-09-27 23h25.58.852697 +0530,
108,0,108,[np.float64(-0.11555555555555555)],[np.float64(-0.14666666666666667)],[1],[0],[0],[1.1848112080042483],['target'],108,0,108,0,161.9836990420008,,,,,,5,161.97255579198827,161.9836990420008,161.9836990420008,0.014578792004613206,163.15743079199456,[np.float64(-0.11555555555555555)],[np.float64(-0.14666666666666667)],[1],[0],[0],[1.1848112080042483],['target'],,,,,005,001,2025-09-27_23h25.51.621,VisualSearch,,2025.1.1,119.30914042590526,2025-09-27 23h25.58.852697 +0530,
109,0,109,[np.float64(0.0811111111111111)],[np.float64(0.2877777777777778)],[1],[0],[0],[1.7126320829993347],['target'],109,0,109,0,163.18393687499338,,,,,,5,163.1724171669921,163.18393687499338,163.18393687499338,0.014827040999080054,164.88512687500042,[np.float64(0.0811111111111111)],[np.float64(0.2877777777777778)],[1],[0],[0],[1.7126320829993347],['target'],,,,,005,001,2025-09-27_23h25.51.621,VisualSearch,,2025.1.1,119.30914042590526,2025-09-27 23h25.58.852697 +0530,
110,0,110,[np.float64(0.3566666666666667)],[np.float64(0.2833333333333333)],[1],[0],[0],[1.6405928330059396],['target'],110,0,110,0,164.91191758299829,,,,,,5,164.9002562079986,164.91191758299829,164.91191758299829,0.014944708993425593,166.54090454199468,[np.float64(0.3566666666666667)],[np.float64(0.2833333333333333)],[1],[0],[0],[1.6405928330059396],['target'],,,,,005,001,2025-09-27_23h25.51.621,VisualSearch,,2025.1.1,119.30914042590526,2025-09-27 23h25.58.852697 +0530,
111,0,111,"[np.float64(-0.11222222222222222), np.float64(-0.10555555555555556)]","[np.float64(0.017777777777777778), np.float64(0.0044444444444444444)]","[1, 1]","[0, 0]","[0, 0]","[1.2354132499895059, 1.685052832996007]","[None, 'target']",111,0,111,0,166.5671454580006,,,,,,5,166.55547387499246,166.5671454580006,166.5671454580006,0.014415124998777173,168.24057670799084,"[np.float64(-0.11222222222222222), np.float64(-0.10555555555555556)]","[np.float64(0.017777777777777778), np.float64(0.0044444444444444444)]","[1, 1]","[0, 0]","[0, 0]","[1.2354132499895059, 1.685052832996007]","[None, 'target']",,,,,005,001,2025-09-27_23h25.51.621,VisualSearch,,2025.1.1,119.30914042590526,2025-09-27 23h25.58.852697 +0530,
112,0,112,[np.float64(-0.44222222222222224)],[np.float64(-0.12111111111111111)],[1],[0],[0],[1.4851465839892626],['target'],112,0,112,0,168.26715404199786,,,,,,5,168.25543345799088,168.26715404199786,168.26715404199786,0.01467562498874031,169.74064174998784,[np.float64(-0.44222222222222224)],[np.float64(-0.12111111111111111)],[1],[0],[0],[1.4851465839892626],['target'],,,,,005,001,2025-09-27_23h25.51.621,VisualSearch,,2025.1.1,119.30914042590526,2025-09-27 23h25.58.852697 +0530,
113,0,113,[np.float64(-0.08222222222222222)],[np.float64(-0.24888888888888888)],[1],[0],[0],[1.5151207909948425],['target'],113,0,113,0,169.7653740419919,,,,,,5,169.75369104198762,169.7653740419919,169.7653740419919,0.01289016600640025,171.26896187500097,[np.float64(-0.08222222222222222)],[np.float64(-0.24888888888888888)],[1],[0],[0],[1.5151207909948425],['target'],,,,,005,001,2025-09-27_23h25.51.621,VisualSearch,,2025.1.1,119.30914042590526,2025-09-27 23h25.58.852697 +0530,
114,0,114,[np.float64(0.4)],[np.float64(0.10777777777777778)],[1],[0],[0],[1.5869713330030208],['target'],114,0,114,0,171.29954599999473,,,,,,5,171.28726904198993,171.29954599999473,171.29954599999473,0.017996166992816143,172.87429641699418,[np.float64(0.4)],[np.float64(0.10777777777777778)],[1],[0],[0],[1.5869713330030208],['target'],,,,,005,001,2025-09-27_23h25.51.621,VisualSearch,,2025.1.1,119.30914042590526,2025-09-27 23h25.58.852697 +0530,
115,0,115,[np.float64(-0.28888888888888886)],[np.float64(0.19666666666666666)],[1],[0],[0],[2.107156917001703],['target'],115,0,115,0,172.9125619999977,,,,,,10,172.89912533298775,172.9125619999977,172.9125619999977,0.02466912500676699,175.00632483299705,[np.float64(-0.28888888888888886)],[np.float64(0.19666666666666666)],[1],[0],[0],[2.107156917001703],['target'],,,,,005,001,2025-09-27_23h25.51.621,VisualSearch,,2025.1.1,119.30914042590526,2025-09-27 23h25.58.852697 +0530,
116,0,116,[np.float64(-0.08555555555555555)],[np.float64(-0.20444444444444446)],[1],[0],[0],[1.4644587920047343],['target'],116,0,116,0,175.03639754198957,,,,,,10,175.02499416698993,175.03639754198957,175.03639754198957,0.018522707992815413,176.48949912498938,[np.float64(-0.08555555555555555)],[np.float64(-0.20444444444444446)],[1],[0],[0],[1.4644587920047343],['target'],,,,,005,001,2025-09-27_23h25.51.621,VisualSearch,,2025.1.1,119.30914042590526,2025-09-27 23h25.58.852697 +0530,
117,0,117,[np.float64(0.09444444444444444)],[np.float64(-0.15777777777777777)],[1],[0],[0],[1.2410100419947412],['target'],117,0,117,0,176.5104558749881,,,,,,5,176.50047020798957,176.5104558749881,176.5104558749881,0.010827957987203263,177.74154737500066,[np.float64(0.09444444444444444)],[np.float64(-0.15777777777777777)],[1],[0],[0],[1.2410100419947412],['target'],,,,,005,001,2025-09-27_23h25.51.621,VisualSearch,,2025.1.1,119.30914042590526,2025-09-27 23h25.58.852697 +0530,
118,0,118,[np.float64(0.25555555555555554)],[np.float64(0.14888888888888888)],[1],[0],[0],[1.3187337910057977],['target'],118,0,118,0,177.76645141698828,,,,,,5,177.75533133299905,177.76645141698828,177.76645141698828,0.013622833008412272,179.07412837499578,[np.float64(0.25555555555555554)],[np.float64(0.14888888888888888)],[1],[0],[0],[1.3187337910057977],['target'],,,,,005,001,2025-09-27_23h25.51.621,VisualSearch,,2025.1.1,119.30914042590526,2025-09-27 23h25.58.852697 +0530,
119,0,119,[np.float64(0.3011111111111111)],[np.float64(-0.06444444444444444)],[1],[0],[0],[1.090916290995665],['target'],119,0,119,0,179.1122648749879,,,,,,10,179.0986078329879,179.1122648749879,179.1122648749879,0.024321916003827937,180.1895617919945,[np.float64(0.3011111111111111)],[np.float64(-0.06444444444444444)],[1],[0],[0],[1.090916290995665],['target'],,,,,005,001,2025-09-27_23h25.51.621,VisualSearch,,2025.1.1,119.30914042590526,2025-09-27 23h25.58.852697 +0530,
120,0,120,[np.float64(-0.4311111111111111)],[np.float64(0.12111111111111111)],[1],[0],[0],[1.69154529098887],['target'],120,0,120,0,180.20774837498902,,,,,,5,180.19936187499843,180.20774837498902,180.20774837498902,0.009671292005805299,181.89097483298974,[np.float64(-0.4311111111111111)],[np.float64(0.12111111111111111)],[1],[0],[0],[1.69154529098887],['target'],,,,,005,001,2025-09-27_23h25.51.621,VisualSearch,,2025.1.1,119.30914042590526,2025-09-27 23h25.58.852697 +0530,
121,0,121,[np.float64(0.2111111111111111)],[np.float64(0.24222222222222223)],[1],[0],[0],[1.3858830410026712],['target'],121,0,121,0,181.91710449999664,,,,,,5,181.90560666700185,181.91710449999664,181.91710449999664,0.014469875008217059,183.29152766699553,[np.float64(0.2111111111111111)],[np.float64(0.24222222222222223)],[1],[0],[0],[1.3858830410026712],['target'],,,,,005,001,2025-09-27_23h25.51.621,VisualSearch,,2025.1.1,119.30914042590526,2025-09-27 23h25.58.852697 +0530,
122,0,122,[np.float64(0.17222222222222222)],[np.float64(-0.3466666666666667)],[1],[0],[0],[2.109005915990565],['target'],122,0,122,0,183.32796354198945,,,,,,10,183.31477274998906,183.32796354198945,183.32796354198945,0.023110957990866154,185.42382429199643,[np.float64(0.17222222222222222)],[np.float64(-0.3466666666666667)],[1],[0],[0],[2.109005915990565],['target'],,,,,005,001,2025-09-27_23h25.51.621,VisualSearch,,2025.1.1,119.30914042590526,2025-09-27 23h25.58.852697 +0530,
123,0,123,[np.float64(0.3433333333333333)],[np.float64(-0.36444444444444446)],[1],[0],[0],[2.1409425000019837],['target'],123,0,123,0,185.44329012499657,,,,,,5,185.43411608299357,185.44329012499657,185.44329012499657,0.01014620800560806,187.575125791991,[np.float64(0.3433333333333333)],[np.float64(-0.36444444444444446)],[1],[0],[0],[2.1409425000019837],['target'],,,,,005,001,2025-09-27_23h25.51.621,VisualSearch,,2025.1.1,119.30914042590526,2025-09-27 23h25.58.852697 +0530,
124,0,124,[np.float64(-0.0077777777777777776)],[np.float64(0.03888888888888889)],[1],[0],[0],[1.5239337499951944],['target'],124,0,124,0,187.61322941699473,,,,,,10,187.5996343329898,187.61322941699473,187.61322941699473,0.024349415994947776,189.12361016699288,[np.float64(-0.0077777777777777776)],[np.float64(0.03888888888888889)],[1],[0],[0],[1.5239337499951944],['target'],,,,,005,001,2025-09-27_23h25.51.621,VisualSearch,,2025.1.1,119.30914042590526,2025-09-27 23h25.58.852697 +0530,
125,0,125,[np.float64(-0.3511111111111111)],[np.float64(0.3466666666666667)],[1],[0],[0],[1.5822598329978064],['target'],125,0,125,0,189.15409304200148,,,,,,10,189.14272879199416,189.15409304200148,189.15409304200148,0.018972541991388425,190.7250437920011,[np.float64(-0.3511111111111111)],[np.float64(0.3466666666666667)],[1],[0],[0],[1.5822598329978064],['target'],,,,,005,001,2025-09-27_23h25.51.621,VisualSearch,,2025.1.1,119.30914042590526,2025-09-27 23h25.58.852697 +0530,
126,0,126,[np.float64(0.36666666666666664)],[np.float64(-0.39666666666666667)],[1],[0],[0],[1.389534250003635],['target'],126,0,126,0,190.74391941700014,,,,,,5,190.7351769169909,190.74391941700014,190.74391941700014,0.009984125004848465,192.1247674999904,[np.float64(0.36666666666666664)],[np.float64(-0.39666666666666667)],[1],[0],[0],[1.389534250003635],['target'],,,,,005,001,2025-09-27_23h25.51.621,VisualSearch,,2025.1.1,119.30914042590526,2025-09-27 23h25.58.852697 +0530,
127,0,127,[np.float64(-0.14777777777777779)],[np.float64(0.11)],[1],[0],[0],[1.108907707995968],['target'],127,0,127,0,192.16083224999602,,,,,,10,192.14809908298776,192.16083224999602,192.16083224999602,0.023195041008875705,193.2570625419903,[np.float64(-0.14777777777777779)],[np.float64(0.11)],[1],[0],[0],[1.108907707995968],['target'],,,,,005,001,2025-09-27_23h25.51.621,VisualSearch,,2025.1.1,119.30914042590526,2025-09-27 23h25.58.852697 +0530,
128,0,128,"[np.float64(0.24888888888888888), np.float64(0.2411111111111111)]","[np.float64(-0.37666666666666665), np.float64(-0.35333333333333333)]","[1, 1]","[0, 0]","[0, 0]","[1.3571253340051044, 1.8017215420113644]","[None, 'target']",128,0,128,0,193.27702929198858,,,,,,5,193.26755216698803,193.27702929198858,193.27702929198858,0.010342707988456823,195.06935608299682,"[np.float64(0.24888888888888888), np.float64(0.2411111111111111)]","[np.float64(-0.37666666666666665), np.float64(-0.35333333333333333)]","[1, 1]","[0, 0]","[0, 0]","[1.3571253340051044, 1.8017215420113644]","[None, 'target']",,,,,005,001,2025-09-27_23h25.51.621,VisualSearch,,2025.1.1,119.30914042590526,2025-09-27 23h25.58.852697 +0530,
129,0,129,[np.float64(-0.29888888888888887)],[np.float64(0.5)],[1],[0],[0],[1.659479084002669],['target'],129,0,129,0,195.11200804199325,,,,,,10,195.09745320799993,195.11200804199325,195.11200804199325,0.027863333001732826,196.75697541699628,[np.float64(-0.29888888888888887)],[np.float64(0.5)],[1],[0],[0],[1.659479084002669],['target'],,,,,005,001,2025-09-27_23h25.51.621,VisualSearch,,2025.1.1,119.30914042590526,2025-09-27 23h25.58.852697 +0530,
130,0,130,[np.float64(0.01888888888888889)],[np.float64(0.45444444444444443)],[1],[0],[0],[1.1906270000035875],['target'],130,0,130,0,196.7771410419955,,,,,,5,196.76732204199652,196.7771410419955,196.7771410419955,0.010201750003034249,197.95800412500103,[np.float64(0.01888888888888889)],[np.float64(0.45444444444444443)],[1],[0],[0],[1.1906270000035875],['target'],,,,,005,001,2025-09-27_23h25.51.621,VisualSearch,,2025.1.1,119.30914042590526,2025-09-27 23h25.58.852697 +0530,
131,0,131,[np.float64(-0.15222222222222223)],[np.float64(0.016666666666666666)],[1],[0],[0],[1.308803457999602],['target'],131,0,131,0,197.99433162499918,,,,,,10,197.98115524998866,197.99433162499918,197.99433162499918,0.023013583006104454,199.28999920799106,[np.float64(-0.15222222222222223)],[np.float64(0.016666666666666666)],[1],[0],[0],[1.308803457999602],['target'],,,,,005,001,2025-09-27_23h25.51.621,VisualSearch,,2025.1.1,119.30914042590526,2025-09-27 23h25.58.852697 +0530,
132,0,132,[np.float64(0.0044444444444444444)],[np.float64(0.04111111111111111)],[1],[0],[0],[2.4740248750022147],['target'],132,0,132,0,199.30921233299887,,,,,,5,199.3006685829896,199.30921233299887,199.30921233299887,0.01052470799186267,201.77476079198823,[np.float64(0.0044444444444444444)],[np.float64(0.04111111111111111)],[1],[0],[0],[2.4740248750022147],['target'],,,,,005,001,2025-09-27_23h25.51.621,VisualSearch,,2025.1.1,119.30914042590526,2025-09-27 23h25.58.852697 +0530,
133,0,133,"[np.float64(0.41555555555555557), np.float64(0.43555555555555553)]","[np.float64(-0.33555555555555555), np.float64(-0.33444444444444443)]","[1, 1]","[0, 0]","[0, 0]","[1.2871753329964122, 2.920686957993894]","[None, 'target']",133,0,133,0,201.79940845799865,,,,,,5,201.78777279199858,201.79940845799865,201.79940845799865,0.012853166001150385,204.70852408299106,"[np.float64(0.41555555555555557), np.float64(0.43555555555555553)]","[np.float64(-0.33555555555555555), np.float64(-0.33444444444444443)]","[1, 1]","[0, 0]","[0, 0]","[1.2871753329964122, 2.920686957993894]","[None, 'target']",,,,,005,001,2025-09-27_23h25.51.621,VisualSearch,,2025.1.1,119.30914042590526,2025-09-27 23h25.58.852697 +0530,
134,0,134,"[np.float64(0.16111111111111112), np.float64(0.15555555555555556)]","[np.float64(-0.15222222222222223), np.float64(-0.15333333333333332)]","[1, 1]","[0, 0]","[0, 0]","[1.040176208000048, 1.5240351249958621]","[None, 'target']",134,0,134,0,204.74699962500017,,,,,,10,204.73363245799555,204.74699962500017,204.74699962500017,0.024922332988353446,206.25772545799555,"[np.float64(0.16111111111111112), np.float64(0.15555555555555556)]","[np.float64(-0.15222222222222223), np.float64(-0.15333333333333332)]","[1, 1]","[0, 0]","[0, 0]","[1.040176208000048, 1.5240351249958621]","[None, 'target']",,,,,005,001,2025-09-27_23h25.51.621,VisualSearch,,2025.1.1,119.30914042590526,2025-09-27 23h25.58.852697 +0530,
135,0,135,[np.float64(0.32)],[np.float64(-0.40555555555555556)],[1],[0],[0],[1.0806224160041893],['target'],135,0,135,0,206.28817112499382,,,,,,10,206.27683366699785,206.28817112499382,206.28817112499382,0.018942166992928833,207.357516707998,[np.float64(0.32)],[np.float64(-0.40555555555555556)],[1],[0],[0],[1.0806224160041893],['target'],,,,,005,001,2025-09-27_23h25.51.621,VisualSearch,,2025.1.1,119.30914042590526,2025-09-27 23h25.58.852697 +0530,
136,0,136,[np.float64(0.2088888888888889)],[np.float64(0.4622222222222222)],[1],[0],[0],[1.3692549170082202],['target'],136,0,136,0,207.37653874998796,,,,,,5,207.36767283298832,207.37653874998796,207.37653874998796,0.010008166995248757,208.73701212499873,[np.float64(0.2088888888888889)],[np.float64(0.4622222222222222)],[1],[0],[0],[1.3692549170082202],['target'],,,,,005,001,2025-09-27_23h25.51.621,VisualSearch,,2025.1.1,119.30914042590526,2025-09-27 23h25.58.852697 +0530,
137,0,137,[np.float64(-0.5033333333333333)],[np.float64(0.4177777777777778)],[1],[0],[0],[1.50636274999124],['target'],137,0,137,0,208.76474166699336,,,,,,5,208.75249220799014,208.76474166699336,208.76474166699336,0.01527712499955669,210.25891150000098,[np.float64(-0.5033333333333333)],[np.float64(0.4177777777777778)],[1],[0],[0],[1.50636274999124],['target'],,,,,005,001,2025-09-27_23h25.51.621,VisualSearch,,2025.1.1,119.30914042590526,2025-09-27 23h25.58.852697 +0530,
138,0,138,[np.float64(0.14)],[np.float64(0.08333333333333333)],[1],[0],[0],[1.4859052500105463],['target'],138,0,138,0,210.28496662499674,,,,,,5,210.27340987499338,210.28496662499674,210.28496662499674,0.01434158299525734,211.7593804999924,[np.float64(0.14)],[np.float64(0.08333333333333333)],[1],[0],[0],[1.4859052500105463],['target'],,,,,005,001,2025-09-27_23h25.51.621,VisualSearch,,2025.1.1,119.30914042590526,2025-09-27 23h25.58.852697 +0530,
139,0,139,[np.float64(-0.2611111111111111)],[np.float64(-0.13444444444444445)],[1],[0],[0],[1.219591125001898],['target'],139,0,139,0,211.78370079198794,,,,,,5,211.77264895799453,211.78370079198794,211.78370079198794,0.013102625001920387,212.99230254199938,[np.float64(-0.2611111111111111)],[np.float64(-0.13444444444444445)],[1],[0],[0],[1.219591125001898],['target'],,,,,005,001,2025-09-27_23h25.51.621,VisualSearch,,2025.1.1,119.30914042590526,2025-09-27 23h25.58.852697 +0530,
140,0,140,[np.float64(-0.3988888888888889)],[np.float64(0.19333333333333333)],[1],[0],[0],[1.284534792008344],['target'],140,0,140,0,213.01811558299232,,,,,,5,213.0069638749992,213.01811558299232,213.01811558299232,0.014503250000416301,214.2915601249988,[np.float64(-0.3988888888888889)],[np.float64(0.19333333333333333)],[1],[0],[0],[1.284534792008344],['target'],,,,,005,001,2025-09-27_23h25.51.621,VisualSearch,,2025.1.1,119.30914042590526,2025-09-27 23h25.58.852697 +0530,
141,0,141,[np.float64(-0.35)],[np.float64(-0.31)],[1],[0],[0],[1.1540696250012843],['target'],141,0,141,0,214.31603258299583,,,,,,5,214.30473029198765,214.31603258299583,214.31603258299583,0.013012124996748753,215.45885529198858,[np.float64(-0.35)],[np.float64(-0.31)],[1],[0],[0],[1.1540696250012843],['target'],,,,,005,001,2025-09-27_23h25.51.621,VisualSearch,,2025.1.1,119.30914042590526,2025-09-27 23h25.58.852697 +0530,
142,0,142,[np.float64(0.15)],[np.float64(-0.12444444444444444)],[1],[0],[0],[1.7091939590027323],['target'],142,0,142,0,215.49553749999905,,,,,,10,215.4821312080021,215.49553749999905,215.49553749999905,0.023138792006648146,217.1913666670007,[np.float64(0.15)],[np.float64(-0.12444444444444444)],[1],[0],[0],[1.7091939590027323],['target'],,,,,005,001,2025-09-27_23h25.51.621,VisualSearch,,2025.1.1,119.30914042590526,2025-09-27 23h25.58.852697 +0530,
143,0,143,[np.float64(-0.23444444444444446)],[np.float64(0.13333333333333333)],[1],[0],[0],[1.0398321249958826],['target'],143,0,143,0,217.21222229200066,,,,,,5,217.20195770799182,217.21222229200066,217.21222229200066,0.010447375010699034,218.24185620799835,[np.float64(-0.23444444444444446)],[np.float64(0.13333333333333333)],[1],[0],[0],[1.0398321249958826],['target'],,,,,005,001,2025-09-27_23h25.51.621,VisualSearch,,2025.1.1,119.30914042590526,2025-09-27 23h25.58.852697 +0530,
144,0,144,[np.float64(-0.33111111111111113)],[np.float64(-0.19)],[1],[0],[0],[1.1192797500116285],['target'],144,0,144,0,218.2676378749893,,,,,,5,218.25616254199122,218.2676378749893,218.2676378749893,0.014148208007100038,219.37550304199976,[np.float64(-0.33111111111111113)],[np.float64(-0.19)],[1],[0],[0],[1.1192797500116285],['target'],,,,,005,001,2025-09-27_23h25.51.621,VisualSearch,,2025.1.1,119.30914042590526,2025-09-27 23h25.58.852697 +0530,
145,0,145,[np.float64(0.31)],[np.float64(0.27666666666666667)],[1],[0],[0],[1.518179874998168],['target'],145,0,145,0,219.4018935829954,,,,,,5,219.39032391698856,219.4018935829954,219.4018935829954,0.014670583012048155,220.9085653749935,[np.float64(0.31)],[np.float64(0.27666666666666667)],[1],[0],[0],[1.518179874998168],['target'],,,,,005,001,2025-09-27_23h25.51.621,VisualSearch,,2025.1.1,119.30914042590526,2025-09-27 23h25.58.852697 +0530,
146,0,146,[np.float64(-0.38555555555555554)],[np.float64(-0.15888888888888889)],[1],[0],[0],[1.6192491249967134],['target'],146,0,146,0,220.93431295799382,,,,,,5,220.9229573749908,220.93431295799382,220.93431295799382,0.014236125003662892,222.5422681249911,[np.float64(-0.38555555555555554)],[np.float64(-0.15888888888888889)],[1],[0],[0],[1.6192491249967134],['target'],,,,,005,001,2025-09-27_23h25.51.621,VisualSearch,,2025.1.1,119.30914042590526,2025-09-27 23h25.58.852697 +0530,
147,0,147,[np.float64(0.09222222222222222)],[np.float64(0.33666666666666667)],[1],[0],[0],[1.386129999998957],['target'],147,0,147,0,222.5666425419913,,,,,,5,222.55615154199768,222.5666425419913,222.5666425419913,0.013724874996114522,223.9423350829893,[np.float64(0.09222222222222222)],[np.float64(0.33666666666666667)],[1],[0],[0],[1.386129999998957],['target'],,,,,005,001,2025-09-27_23h25.51.621,VisualSearch,,2025.1.1,119.30914042590526,2025-09-27 23h25.58.852697 +0530,
148,0,148,[np.float64(0.41333333333333333)],[np.float64(0.4177777777777778)],[1],[0],[0],[1.3744937499868684],['target'],148,0,148,0,223.97929187498812,,,,,,10,223.96630441700108,223.97929187498812,223.97929187498812,0.0238362079981016,225.34084191700094,[np.float64(0.41333333333333333)],[np.float64(0.4177777777777778)],[1],[0],[0],[1.3744937499868684],['target'],,,,,005,001,2025-09-27_23h25.51.621,VisualSearch,,2025.1.1,119.30914042590526,2025-09-27 23h25.58.852697 +0530,
149,0,149,[np.float64(0.25222222222222224)],[np.float64(0.4388888888888889)],[1],[0],[0],[1.0473293749964796],['target'],149,0,149,0,225.37223866699787,,,,,,10,225.360589332995,225.37223866699787,225.37223866699787,0.019605333000072278,226.4079685829929,[np.float64(0.25222222222222224)],[np.float64(0.4388888888888889)],[1],[0],[0],[1.0473293749964796],['target'],,,,,005,001,2025-09-27_23h25.51.621,VisualSearch,,2025.1.1,119.30914042590526,2025-09-27 23h25.58.852697 +0530,
150,0,150,"[np.float64(0.13333333333333333), np.float64(0.13666666666666666)]","[np.float64(0.2922222222222222), np.float64(0.29333333333333333)]","[1, 1]","[0, 0]","[0, 0]","[0.891132042001118, 1.45851616699656]","[None, 'target']",150,0,150,0,226.42724737498793,,,,,,5,226.41833887499524,226.42724737498793,226.42724737498793,0.010223665987723507,227.87693520799803,"[np.float64(0.13333333333333333), np.float64(0.13666666666666666)]","[np.float64(0.2922222222222222), np.float64(0.29333333333333333)]","[1, 1]","[0, 0]","[0, 0]","[0.891132042001118, 1.45851616699656]","[None, 'target']",,,,,005,001,2025-09-27_23h25.51.621,VisualSearch,,2025.1.1,119.30914042590526,2025-09-27 23h25.58.852697 +0530,
151,0,151,[np.float64(0.10666666666666667)],[np.float64(0.03)],[1],[0],[0],[0.9539509579917649],['target'],151,0,151,0,227.91857333299413,,,,,,10,227.90387470799033,227.91857333299413,227.91857333299413,0.026711375001468696,228.85786637499405,[np.float64(0.10666666666666667)],[np.float64(0.03)],[1],[0],[0],[0.9539509579917649],['target'],,,,,005,001,2025-09-27_23h25.51.621,VisualSearch,,2025.1.1,119.30914042590526,2025-09-27 23h25.58.852697 +0530,
152,0,152,"[np.float64(0.08666666666666667), np.float64(0.1)]","[np.float64(-0.47333333333333333), np.float64(-0.46555555555555556)]","[1, 1]","[0, 0]","[0, 0]","[1.64747554200585, 2.2809386250009993]","[None, 'target']",152,0,152,0,228.88767687499058,,,,,,10,228.87673279199225,228.88767687499058,228.88767687499058,0.018720792009844445,231.15771845799463,"[np.float64(0.08666666666666667), np.float64(0.1)]","[np.float64(-0.47333333333333333), np.float64(-0.46555555555555556)]","[1, 1]","[0, 0]","[0, 0]","[1.64747554200585, 2.2809386250009993]","[None, 'target']",,,,,005,001,2025-09-27_23h25.51.621,VisualSearch,,2025.1.1,119.30914042590526,2025-09-27 23h25.58.852697 +0530,
153,0,153,[np.float64(-0.29444444444444445)],[np.float64(-0.3622222222222222)],[1],[0],[0],[1.2402167079999344],['target'],153,0,153,0,231.1771307500021,,,,,,5,231.16822470798797,231.1771307500021,231.1771307500021,0.010341000001062639,232.40849729199545,[np.float64(-0.29444444444444445)],[np.float64(-0.3622222222222222)],[1],[0],[0],[1.2402167079999344],['target'],,,,,005,001,2025-09-27_23h25.51.621,VisualSearch,,2025.1.1,119.30914042590526,2025-09-27 23h25.58.852697 +0530,
154,0,154,[np.float64(-0.0044444444444444444)],[np.float64(0.3477777777777778)],[1],[0],[0],[1.5750241249916144],['target'],154,0,154,0,232.44703866700002,,,,,,10,232.43300945799274,232.44703866700002,232.44703866700002,0.024352500011445954,234.00808708299883,[np.float64(-0.0044444444444444444)],[np.float64(0.3477777777777778)],[1],[0],[0],[1.5750241249916144],['target'],,,,,005,001,2025-09-27_23h25.51.621,VisualSearch,,2025.1.1,119.30914042590526,2025-09-27 23h25.58.852697 +0530,
155,0,155,[np.float64(0.2911111111111111)],[np.float64(-0.42333333333333334)],[1],[0],[0],[1.5412241659942083],['target'],155,0,155,0,234.02830024999275,,,,,,5,234.01898958299716,234.02830024999275,234.02830024999275,0.01075870799832046,235.5602789580007,[np.float64(0.2911111111111111)],[np.float64(-0.42333333333333334)],[1],[0],[0],[1.5412241659942083],['target'],,,,,005,001,2025-09-27_23h25.51.621,VisualSearch,,2025.1.1,119.30914042590526,2025-09-27 23h25.58.852697 +0530,
156,0,156,[np.float64(0.18888888888888888)],[np.float64(-0.12666666666666668)],[1],[0],[0],[1.0010150000016438],['target'],156,0,156,0,235.58665645799192,,,,,,5,235.57497495799907,235.58665645799192,235.58665645799192,0.014542000004439615,236.57605070799764,[np.float64(0.18888888888888888)],[np.float64(-0.12666666666666668)],[1],[0],[0],[1.0010150000016438],['target'],,,,,005,001,2025-09-27_23h25.51.621,VisualSearch,,2025.1.1,119.30914042590526,2025-09-27 23h25.58.852697 +0530,
157,0,157,[np.float64(0.2677777777777778)],[np.float64(-0.2011111111111111)],[1],[0],[0],[0.9522304170095595],['target'],157,0,157,0,236.60143345799588,,,,,,5,236.59041837499535,236.60143345799588,236.60143345799588,0.014215125003829598,237.54271020799933,[np.float64(0.2677777777777778)],[np.float64(-0.2011111111111111)],[1],[0],[0],[0.9522304170095595],['target'],,,,,005,001,2025-09-27_23h25.51.621,VisualSearch,,2025.1.1,119.30914042590526,2025-09-27 23h25.58.852697 +0530,
158,0,158,[np.float64(0.3566666666666667)],[np.float64(-0.37777777777777777)],[1],[0],[0],[1.2025904589972924],['target'],158,0,158,0,237.5667380829982,,,,,,5,237.55576116699376,237.5667380829982,237.5667380829982,0.012896583008114249,238.75841524999123,[np.float64(0.3566666666666667)],[np.float64(-0.37777777777777777)],[1],[0],[0],[1.2025904589972924],['target'],,,,,005,001,2025-09-27_23h25.51.621,VisualSearch,,2025.1.1,119.30914042590526,2025-09-27 23h25.58.852697 +0530,
159,0,159,[np.float64(0.24333333333333335)],[np.float64(0.3288888888888889)],[1],[0],[0],[1.5935169169970322],['target'],159,0,159,0,238.7936364999914,,,,,,10,238.78123883299122,238.7936364999914,238.7936364999914,0.022667708995868452,240.37479849999363,[np.float64(0.24333333333333335)],[np.float64(0.3288888888888889)],[1],[0],[0],[1.5935169169970322],['target'],,,,,005,001,2025-09-27_23h25.51.621,VisualSearch,,2025.1.1,119.30914042590526,2025-09-27 23h25.58.852697 +0530,
160,0,160,"[np.float64(0.11777777777777777), np.float64(0.13111111111111112)]","[np.float64(0.29333333333333333), np.float64(0.29888888888888887)]","[1, 1]","[0, 0]","[0, 0]","[0.9736808330053464, 1.707805375001044]","[None, 'target']",160,0,160,0,240.39512299999478,,,,,,5,240.38563345799048,240.39512299999478,240.39512299999478,0.010692542011383921,242.09351920799236,"[np.float64(0.11777777777777777), np.float64(0.13111111111111112)]","[np.float64(0.29333333333333333), np.float64(0.29888888888888887)]","[1, 1]","[0, 0]","[0, 0]","[0.9736808330053464, 1.707805375001044]","[None, 'target']",,,,,005,001,2025-09-27_23h25.51.621,VisualSearch,,2025.1.1,119.30914042590526,2025-09-27 23h25.58.852697 +0530,
161,0,161,[np.float64(-0.11)],[np.float64(0.14)],[1],[0],[0],[1.18723462500202],['target'],161,0,161,0,242.1346263329906,,,,,,10,242.1208369169908,242.1346263329906,242.1346263329906,0.027092499993159436,243.30811233299028,[np.float64(-0.11)],[np.float64(0.14)],[1],[0],[0],[1.18723462500202],['target'],,,,,005,001,2025-09-27_23h25.51.621,VisualSearch,,2025.1.1,119.30914042590526,2025-09-27 23h25.58.852697 +0530,
162,0,162,[np.float64(0.15777777777777777)],[np.float64(0.45555555555555555)],[1],[0],[0],[1.157704792000004],['target'],162,0,162,0,243.3281418330007,,,,,,5,243.31870187498862,243.3281418330007,243.3281418330007,0.010448000000906177,244.4764790420013,[np.float64(0.15777777777777777)],[np.float64(0.45555555555555555)],[1],[0],[0],[1.157704792000004],['target'],,,,,005,001,2025-09-27_23h25.51.621,VisualSearch,,2025.1.1,119.30914042590526,2025-09-27 23h25.58.852697 +0530,
163,0,163,[np.float64(-0.37777777777777777)],[np.float64(0.3511111111111111)],[1],[0],[0],[1.0688666249916423],['target'],163,0,163,0,244.50199900000007,,,,,,5,244.4906321669987,244.50199900000007,244.50199900000007,0.013993291999213398,245.5595614999911,[np.float64(-0.37777777777777777)],[np.float64(0.3511111111111111)],[1],[0],[0],[1.0688666249916423],['target'],,,,,005,001,2025-09-27_23h25.51.621,VisualSearch,,2025.1.1,119.30914042590526,2025-09-27 23h25.58.852697 +0530,
164,0,164,[np.float64(-0.4288888888888889)],[np.float64(0.40555555555555556)],[1],[0],[0],[0.9687908750056522],['target'],164,0,164,0,245.584597707988,,,,,,5,245.5735857499967,245.584597707988,245.584597707988,0.013870499999029562,246.54243804200087,[np.float64(-0.4288888888888889)],[np.float64(0.40555555555555556)],[1],[0],[0],[0.9687908750056522],['target'],,,,,005,001,2025-09-27_23h25.51.621,VisualSearch,,2025.1.1,119.30914042590526,2025-09-27 23h25.58.852697 +0530,
165,0,165,[np.float64(-0.43)],[np.float64(-0.4022222222222222)],[1],[0],[0],[1.2880724590067985],['target'],165,0,165,0,246.56653583300067,,,,,,5,246.55510824998782,246.56653583300067,246.56653583300067,0.012513958005001768,247.84326199999487,[np.float64(-0.43)],[np.float64(-0.4022222222222222)],[1],[0],[0],[1.2880724590067985],['target'],,,,,005,001,2025-09-27_23h25.51.621,VisualSearch,,2025.1.1,119.30914042590526,2025-09-27 23h25.58.852697 +0530,
166,0,166,[np.float64(-0.39666666666666667)],[np.float64(0.015555555555555555)],[1],[0],[0],[1.2886012500093784],['target'],166,0,166,0,247.8839412919915,,,,,,10,247.8693915420008,247.8839412919915,247.8839412919915,0.02592558300239034,249.15802808299486,[np.float64(-0.39666666666666667)],[np.float64(0.015555555555555555)],[1],[0],[0],[1.2886012500093784],['target'],,,,,005,001,2025-09-27_23h25.51.621,VisualSearch,,2025.1.1,119.30914042590526,2025-09-27 23h25.58.852697 +0530,
167,0,167,[np.float64(0.4633333333333333)],[np.float64(0.39222222222222225)],[1],[0],[0],[1.491890625009546],['target'],167,0,167,0,249.17762233299436,,,,,,5,249.16811895799765,249.17762233299436,249.17762233299436,0.009958916998584755,250.66007920799893,[np.float64(0.4633333333333333)],[np.float64(0.39222222222222225)],[1],[0],[0],[1.491890625009546],['target'],,,,,005,001,2025-09-27_23h25.51.621,VisualSearch,,2025.1.1,119.30914042590526,2025-09-27 23h25.58.852697 +0530,
168,0,168,[np.float64(-0.23777777777777778)],[np.float64(-0.33555555555555555)],[1],[0],[0],[1.6361305000027642],['target'],168,0,168,0,250.6851252919878,,,,,,5,250.67389420799736,250.6851252919878,250.6851252919878,0.013657417002832517,252.31008833298984,[np.float64(-0.23777777777777778)],[np.float64(-0.33555555555555555)],[1],[0],[0],[1.6361305000027642],['target'],,,,,005,001,2025-09-27_23h25.51.621,VisualSearch,,2025.1.1,119.30914042590526,2025-09-27 23h25.58.852697 +0530,
169,0,169,[np.float64(0.20444444444444446)],[np.float64(-0.3411111111111111)],[1],[0],[0],[1.2912543749989709],['target'],169,0,169,0,252.34762204199797,,,,,,10,252.3344943330012,252.34762204199797,252.34762204199797,0.024247332999948412,253.62578979200043,[np.float64(0.20444444444444446)],[np.float64(-0.3411111111111111)],[1],[0],[0],[1.2912543749989709],['target'],,,,,005,001,2025-09-27_23h25.51.621,VisualSearch,,2025.1.1,119.30914042590526,2025-09-27 23h25.58.852697 +0530,
170,0,170,[np.float64(-0.2922222222222222)],[np.float64(-0.2722222222222222)],[1],[0],[0],[1.151641499993275],['target'],170,0,170,0,253.64568020799197,,,,,,5,253.6363679169881,253.64568020799197,253.64568020799197,0.010436042008223012,254.78809837499284,[np.float64(-0.2922222222222222)],[np.float64(-0.2722222222222222)],[1],[0],[0],[1.151641499993275],['target'],,,,,005,001,2025-09-27_23h25.51.621,VisualSearch,,2025.1.1,119.30914042590526,2025-09-27 23h25.58.852697 +0530,
171,0,171,[np.float64(0.2)],[np.float64(0.3488888888888889)],[1],[0],[0],[1.5045310000132304],['target'],171,0,171,0,254.81752629199764,,,,,,5,254.8049642919941,254.81752629199764,254.81752629199764,0.016670625002007,256.30954550000024,[np.float64(0.2)],[np.float64(0.3488888888888889)],[1],[0],[0],[1.5045310000132304],['target'],,,,,005,001,2025-09-27_23h25.51.621,VisualSearch,,2025.1.1,119.30914042590526,2025-09-27 23h25.58.852697 +0530,
172,0,172,[np.float64(0.19)],[np.float64(-0.46555555555555556)],[1],[0],[0],[1.287340499999118],['target'],172,0,172,0,256.33471229199495,,,,,,5,256.3231021249958,256.33471229199495,256.33471229199495,0.013404375000391155,257.6105051249906,[np.float64(0.19)],[np.float64(-0.46555555555555556)],[1],[0],[0],[1.287340499999118],['target'],,,,,005,001,2025-09-27_23h25.51.621,VisualSearch,,2025.1.1,119.30914042590526,2025-09-27 23h25.58.852697 +0530,
173,0,173,[np.float64(-0.38)],[np.float64(0.3088888888888889)],[1],[0],[0],[1.3360382500104606],['target'],173,0,173,0,257.63512287499907,,,,,,5,257.6241344579903,257.63512287499907,257.63512287499907,0.013473665996571071,258.9602339169942,[np.float64(-0.38)],[np.float64(0.3088888888888889)],[1],[0],[0],[1.3360382500104606],['target'],,,,,005,001,2025-09-27_23h25.51.621,VisualSearch,,2025.1.1,119.30914042590526,2025-09-27 23h25.58.852697 +0530,
174,0,174,[np.float64(0.4777777777777778)],[np.float64(0.4255555555555556)],[1],[0],[0],[1.8059926249989076],['target'],174,0,174,0,259.0010341669986,,,,,,10,258.9859845829924,259.0010341669986,259.0010341669986,0.025595375002012588,260.7920179999928,[np.float64(0.4777777777777778)],[np.float64(0.4255555555555556)],[1],[0],[0],[1.8059926249989076],['target'],,,,,005,001,2025-09-27_23h25.51.621,VisualSearch,,2025.1.1,119.30914042590526,2025-09-27 23h25.58.852697 +0530,
175,0,175,[np.float64(-0.4911111111111111)],[np.float64(0.0011111111111111111)],[1],[0],[0],[1.5326082919928012],['target'],175,0,175,0,260.82064833299955,,,,,,10,260.80975429200043,260.82064833299955,260.82064833299955,0.0175887499935925,262.3424118749972,[np.float64(-0.4911111111111111)],[np.float64(0.0011111111111111111)],[1],[0],[0],[1.5326082919928012],['target'],,,,,005,001,2025-09-27_23h25.51.621,VisualSearch,,2025.1.1,119.30914042590526,2025-09-27 23h25.58.852697 +0530,
176,0,176,[np.float64(-0.1322222222222222)],[np.float64(-0.27111111111111114)],[1],[0],[0],[1.1310992499929853],['target'],176,0,176,0,262.3733297079889,,,,,,10,262.36156045799726,262.3733297079889,262.3733297079889,0.01900112499424722,263.49270779200015,[np.float64(-0.1322222222222222)],[np.float64(-0.27111111111111114)],[1],[0],[0],[1.1310992499929853],['target'],,,,,005,001,2025-09-27_23h25.51.621,VisualSearch,,2025.1.1,119.30914042590526,2025-09-27 23h25.58.852697 +0530,
177,0,177,[np.float64(-0.4288888888888889)],[np.float64(-0.02666666666666667)],[1],[0],[0],[1.1978335829917341],['target'],177,0,177,0,263.52212083298946,,,,,,10,263.51128387499193,263.52212083298946,263.52212083298946,0.018428041992592625,264.7091658749996,[np.float64(-0.4288888888888889)],[np.float64(-0.02666666666666667)],[1],[0],[0],[1.1978335829917341],['target'],,,,,005,001,2025-09-27_23h25.51.621,VisualSearch,,2025.1.1,119.30914042590526,2025-09-27 23h25.58.852697 +0530,
178,0,178,[np.float64(-0.24222222222222223)],[np.float64(0.3422222222222222)],[1],[0],[0],[1.1398876250023022],['target'],178,0,178,0,264.7290100419923,,,,,,5,264.71970858299755,264.7290100419923,264.7290100419923,0.010396750003565103,265.8596627079969,[np.float64(-0.24222222222222223)],[np.float64(0.3422222222222222)],[1],[0],[0],[1.1398876250023022],['target'],,,,,005,001,2025-09-27_23h25.51.621,VisualSearch,,2025.1.1,119.30914042590526,2025-09-27 23h25.58.852697 +0530,
179,0,179,[np.float64(0.19555555555555557)],[np.float64(0.38333333333333336)],[1],[0],[0],[1.1588688749907305],['target'],179,0,179,0,265.8998615419987,,,,,,10,265.88530958299816,265.8998615419987,265.8998615419987,0.025489874999038875,267.04422937499476,[np.float64(0.19555555555555557)],[np.float64(0.38333333333333336)],[1],[0],[0],[1.1588688749907305],['target'],,,,,005,001,2025-09-27_23h25.51.621,VisualSearch,,2025.1.1,119.30914042590526,2025-09-27 23h25.58.852697 +0530,
180,0,180,[np.float64(-0.11444444444444445)],[np.float64(0.23222222222222222)],[1],[0],[0],[0.988366292003775],['target'],180,0,180,0,267.06672366699786,,,,,,5,267.05612024999573,267.06672366699786,267.06672366699786,0.011701459006872028,268.04454999999143,[np.float64(-0.11444444444444445)],[np.float64(0.23222222222222222)],[1],[0],[0],[0.988366292003775],['target'],,,,,005,001,2025-09-27_23h25.51.621,VisualSearch,,2025.1.1,119.30914042590526,2025-09-27 23h25.58.852697 +0530,
181,0,181,[np.float64(-0.4766666666666667)],[np.float64(-0.34)],[1],[0],[0],[2.317398790997686],['target'],181,0,181,0,268.07085820799693,,,,,,5,268.05951316699793,268.07085820799693,268.07085820799693,0.014805209008045495,270.37698687499505,[np.float64(-0.4766666666666667)],[np.float64(-0.34)],[1],[0],[0],[2.317398790997686],['target'],,,,,005,001,2025-09-27_23h25.51.621,VisualSearch,,2025.1.1,119.30914042590526,2025-09-27 23h25.58.852697 +0530,
182,0,182,[np.float64(-0.04888888888888889)],[np.float64(0.42444444444444446)],[1],[0],[0],[1.5354804579983465],['target'],182,0,182,0,270.4021724579943,,,,,,5,270.390792582999,270.4021724579943,270.4021724579943,0.013648540989379399,271.92632491698896,[np.float64(-0.04888888888888889)],[np.float64(0.42444444444444446)],[1],[0],[0],[1.5354804579983465],['target'],,,,,005,001,2025-09-27_23h25.51.621,VisualSearch,,2025.1.1,119.30914042590526,2025-09-27 23h25.58.852697 +0530,
183,0,183,"[np.float64(0.5144444444444445), np.float64(0.5022222222222222)]","[np.float64(-0.3977777777777778), np.float64(-0.39666666666666667)]","[1, 1]","[0, 0]","[0, 0]","[1.6429234579991316, 2.2425706250069197]","[None, 'target']",183,0,183,0,271.9620927079959,,,,,,10,271.94944629199745,271.9620927079959,271.9620927079959,0.022982791997492313,274.19205449998844,"[np.float64(0.5144444444444445), np.float64(0.5022222222222222)]","[np.float64(-0.3977777777777778), np.float64(-0.39666666666666667)]","[1, 1]","[0, 0]","[0, 0]","[1.6429234579991316, 2.2425706250069197]","[None, 'target']",,,,,005,001,2025-09-27_23h25.51.621,VisualSearch,,2025.1.1,119.30914042590526,2025-09-27 23h25.58.852697 +0530,
184,0,184,[np.float64(-0.22666666666666666)],[np.float64(-0.2411111111111111)],[1],[0],[0],[1.2843903340108227],['target'],184,0,184,0,274.2101632080012,,,,,,5,274.2015795829939,274.2101632080012,274.2101632080012,0.009374166998895817,275.4860542499955,[np.float64(-0.22666666666666666)],[np.float64(-0.2411111111111111)],[1],[0],[0],[1.2843903340108227],['target'],,,,,005,001,2025-09-27_23h25.51.621,VisualSearch,,2025.1.1,119.30914042590526,2025-09-27 23h25.58.852697 +0530,
185,0,185,[np.float64(-0.14666666666666667)],[np.float64(0.24333333333333335)],[1],[0],[0],[1.4441273339907639],['target'],185,0,185,0,275.5300893329986,,,,,,10,275.51510566700017,275.5300893329986,275.5300893329986,0.028853499999968335,276.95927508299064,[np.float64(-0.14666666666666667)],[np.float64(0.24333333333333335)],[1],[0],[0],[1.4441273339907639],['target'],,,,,005,001,2025-09-27_23h25.51.621,VisualSearch,,2025.1.1,119.30914042590526,2025-09-27 23h25.58.852697 +0530,
186,0,186,[np.float64(-0.21222222222222223)],[np.float64(-0.17222222222222222)],[1],[0],[0],[1.2652760420023696],['target'],186,0,186,0,276.9884167919954,,,,,,10,276.97749220799597,276.9884167919954,276.9884167919954,0.01807175000431016,278.24281662498834,[np.float64(-0.21222222222222223)],[np.float64(-0.17222222222222222)],[1],[0],[0],[1.2652760420023696],['target'],,,,,005,001,2025-09-27_23h25.51.621,VisualSearch,,2025.1.1,119.30914042590526,2025-09-27 23h25.58.852697 +0530,
187,0,187,[np.float64(-0.12555555555555556)],[np.float64(0.20333333333333334)],[1],[0],[0],[1.1400065409980016],['target'],187,0,187,0,278.2644299579988,,,,,,5,278.2540578749904,278.2644299579988,278.2644299579988,0.011097291004261933,279.39413033299206,[np.float64(-0.12555555555555556)],[np.float64(0.20333333333333334)],[1],[0],[0],[1.1400065409980016],['target'],,,,,005,001,2025-09-27_23h25.51.621,VisualSearch,,2025.1.1,119.30914042590526,2025-09-27 23h25.58.852697 +0530,
188,0,188,[np.float64(-0.006666666666666667)],[np.float64(-0.37222222222222223)],[1],[0],[0],[1.7556633749918547],['target'],188,0,188,0,279.43329741699563,,,,,,10,279.41921249999723,279.43329741699563,279.43329741699563,0.02491941700282041,281.1749151249969,[np.float64(-0.006666666666666667)],[np.float64(-0.37222222222222223)],[1],[0],[0],[1.7556633749918547],['target'],,,,,005,001,2025-09-27_23h25.51.621,VisualSearch,,2025.1.1,119.30914042590526,2025-09-27 23h25.58.852697 +0530,
189,0,189,[np.float64(0.41555555555555557)],[np.float64(-0.11777777777777777)],[1],[0],[0],[1.0819270830106689],['target'],189,0,189,0,281.20502999999735,,,,,,10,281.1937726670003,281.20502999999735,281.20502999999735,0.01872437499696389,282.2757433749939,[np.float64(0.41555555555555557)],[np.float64(-0.11777777777777777)],[1],[0],[0],[1.0819270830106689],['target'],,,,,005,001,2025-09-27_23h25.51.621,VisualSearch,,2025.1.1,119.30914042590526,2025-09-27 23h25.58.852697 +0530,
190,0,190,[np.float64(-0.4266666666666667)],[np.float64(-0.09666666666666666)],[1],[0],[0],[1.491288707999047],['target'],190,0,190,0,282.2946963329887,,,,,,5,282.28563354199287,282.2946963329887,282.2946963329887,0.00976095799705945,283.7769805829885,[np.float64(-0.4266666666666667)],[np.float64(-0.09666666666666666)],[1],[0],[0],[1.491288707999047],['target'],,,,,005,001,2025-09-27_23h25.51.621,VisualSearch,,2025.1.1,119.30914042590526,2025-09-27 23h25.58.852697 +0530,
191,0,191,[np.float64(0.27111111111111114)],[np.float64(0.4022222222222222)],[1],[0],[0],[1.7427359169960255],['target'],191,0,191,0,283.8126152079931,,,,,,10,283.7999959579902,283.8126152079931,283.8126152079931,0.022878292002133094,285.54276733299776,[np.float64(0.27111111111111114)],[np.float64(0.4022222222222222)],[1],[0],[0],[1.7427359169960255],['target'],,,,,005,001,2025-09-27_23h25.51.621,VisualSearch,,2025.1.1,119.30914042590526,2025-09-27 23h25.58.852697 +0530,
192,0,192,[np.float64(-0.43666666666666665)],[np.float64(-0.1811111111111111)],[1],[0],[0],[1.4162375000014435],['target'],192,0,192,0,285.57108495799184,,,,,,10,285.5602359170007,285.57108495799184,285.57108495799184,0.017337875004159287,286.9765217079985,[np.float64(-0.43666666666666665)],[np.float64(-0.1811111111111111)],[1],[0],[0],[1.4162375000014435],['target'],,,,,005,001,2025-09-27_23h25.51.621,VisualSearch,,2025.1.1,119.30914042590526,2025-09-27 23h25.58.852697 +0530,
193,0,193,[np.float64(0.11222222222222222)],[np.float64(0.31777777777777777)],[1],[0],[0],[1.9400156659976346],['target'],193,0,193,0,286.99820158298826,,,,,,5,286.9875522499933,286.99820158298826,286.99820158298826,0.01088529200933408,288.9276358329953,[np.float64(0.11222222222222222)],[np.float64(0.31777777777777777)],[1],[0],[0],[1.9400156659976346],['target'],,,,,005,001,2025-09-27_23h25.51.621,VisualSearch,,2025.1.1,119.30914042590526,2025-09-27 23h25.58.852697 +0530,
194,0,194,[np.float64(0.0044444444444444444)],[np.float64(0.2611111111111111)],[1],[0],[0],[1.0680313329939963],['target'],194,0,194,0,288.9533991669887,,,,,,5,288.941902541992,288.9533991669887,288.9533991669887,0.014107916998909786,290.0099953329918,[np.float64(0.0044444444444444444)],[np.float64(0.2611111111111111)],[1],[0],[0],[1.0680313329939963],['target'],,,,,005,001,2025-09-27_23h25.51.621,VisualSearch,,2025.1.1,119.30914042590526,2025-09-27 23h25.58.852697 +0530,
195,0,195,[np.float64(0.10666666666666667)],[np.float64(0.09888888888888889)],[1],[0],[0],[1.203124374995241],['target'],195,0,195,0,290.0356604999979,,,,,,5,290.0238362079981,290.0356604999979,290.0356604999979,0.013687665996258147,291.22702174998994,[np.float64(0.10666666666666667)],[np.float64(0.09888888888888889)],[1],[0],[0],[1.203124374995241],['target'],,,,,005,001,2025-09-27_23h25.51.621,VisualSearch,,2025.1.1,119.30914042590526,2025-09-27 23h25.58.852697 +0530,
196,0,196,[np.float64(-0.11)],[np.float64(0.32)],[1],[0],[0],[1.2493873339990387],['target'],196,0,196,0,291.32122504198924,,,,,,10,291.3109763329994,291.32122504198924,291.32122504198924,0.08379412499198224,292.56040870799916,[np.float64(-0.11)],[np.float64(0.32)],[1],[0],[0],[1.2493873339990387],['target'],,,,,005,001,2025-09-27_23h25.51.621,VisualSearch,,2025.1.1,119.30914042590526,2025-09-27 23h25.58.852697 +0530,
197,0,197,[np.float64(0.3844444444444444)],[np.float64(0.35555555555555557)],[1],[0],[0],[1.5961386659910204],['target'],197,0,197,0,292.59245749999536,,,,,,10,292.58061870800157,292.59245749999536,292.59245749999536,0.020065709002665244,294.176804082992,[np.float64(0.3844444444444444)],[np.float64(0.35555555555555557)],[1],[0],[0],[1.5961386659910204],['target'],,,,,005,001,2025-09-27_23h25.51.621,VisualSearch,,2025.1.1,119.30914042590526,2025-09-27 23h25.58.852697 +0530,
198,0,198,[np.float64(0.22666666666666666)],[np.float64(-0.4488888888888889)],[1],[0],[0],[1.7465651249949588],['target'],198,0,198,0,294.2076540830021,,,,,,10,294.1964175829926,294.2076540830021,294.2076540830021,0.019466124998871237,295.94303195799876,[np.float64(0.22666666666666666)],[np.float64(-0.4488888888888889)],[1],[0],[0],[1.7465651249949588],['target'],,,,,005,001,2025-09-27_23h25.51.621,VisualSearch,,2025.1.1,119.30914042590526,2025-09-27 23h25.58.852697 +0530,
199,0,199,[np.float64(-0.04111111111111111)],[np.float64(0.29888888888888887)],[1],[0],[0],[1.7739727500011213],['target'],199,0,199,0,295.9624479999911,,,,,,5,295.95335524999246,295.9624479999911,295.9624479999911,0.010180249999393709,297.7273853749939,[np.float64(-0.04111111111111111)],[np.float64(0.29888888888888887)],[1],[0],[0],[1.7739727500011213],['target'],,,,,005,001,2025-09-27_23h25.51.621,VisualSearch,,2025.1.1,119.30914042590526,2025-09-27 23h25.58.852697 +0530,
,,,,,,,,,,,,,,,,,,,,,,,,,,,,,,,,,297.72763454199594,297.73512866700185,298.7246374999959,298.7183039169904,005,001,2025-09-27_23h25.51.621,VisualSearch,,2025.1.1,119.30914042590526,2025-09-27 23h25.58.852697 +0530,
