thisN,thisTrialN,thisRepN,key_resp.keys,key_resp.corr,key_resp.rt,key_resp.duration,tilt,trials.thisRepN,trials.thisTrialN,trials.thisN,trials.thisIndex,thisRow.t,notes,trial.started,fixation.started,key_resp.started,fixation.stopped,trial.stopped,trials.key_resp.keys,trials.key_resp.corr,trials.key_resp.rt,trials.key_resp.duration,trials.tilt,participant,session,date,expName,expVersion,psychopyVersion,frameRate,expStart,
0,0,0,up,0,0.9926995409987285,None,-3,0,0,0,0,0.01173574999847915,,0.006356124999001622,0.01173574999847915,1.0108167910002521,1.0226986659981776,2.3902130409987876,up,0,0.9926995409987285,None,-3,01,001,2025-09-07_01h14.06.694,signal detection,,2025.1.1,None,2025-09-07 01h14.16.594885 +0530,
1,0,1,up,0,0.7244082069992146,None,1,1,0,1,0,2.4301285410001583,,2.3904084579990013,2.4301285410001583,3.380989416000375,3.423222290999547,4.1087609579990385,up,0,0.7244082069992146,None,1,01,001,2025-09-07_01h14.06.694,signal detection,,2025.1.1,None,2025-09-07 01h14.16.594885 +0530,
2,0,2,up,1,0.5450249160021485,None,0,2,0,2,0,4.13206608299879,,4.109559582997463,4.13206608299879,5.10640124999918,5.129789999999048,5.658746332999726,up,1,0.5450249160021485,None,0,01,001,2025-09-07_01h14.06.694,signal detection,,2025.1.1,None,2025-09-07 01h14.16.594885 +0530,
3,0,3,up,1,0.4812295410010847,None,0,3,0,3,0,5.667761499997141,,5.6593097080003645,5.667761499997141,6.656267082998966,6.662195999997493,7.14204404100019,up,1,0.4812295410010847,None,0,01,001,2025-09-07_01h14.06.694,signal detection,,2025.1.1,None,2025-09-07 01h14.16.594885 +0530,
4,0,4,up,0,1.4354181659982714,None,-3,4,0,4,0,7.151000750000094,,7.142634290998103,7.151000750000094,8.140009332997579,8.145974832998036,9.581656250000378,up,0,1.4354181659982714,None,-3,01,001,2025-09-07_01h14.06.694,signal detection,,2025.1.1,None,2025-09-07 01h14.16.594885 +0530,
5,0,5,down,1,0.9394219990026613,None,4,5,0,5,0,9.5904231659988,,9.58225499999753,9.5904231659988,10.580160499997874,10.580160499997874,11.525476707996859,down,1,0.9394219990026613,None,4,01,001,2025-09-07_01h14.06.694,signal detection,,2025.1.1,None,2025-09-07 01h14.16.594885 +0530,
6,0,6,up,1,0.5628231250011595,None,0,6,0,6,0,11.535183957999834,,11.52608387500004,11.535183957999834,12.523753499997838,12.530232082997827,13.092227249999269,up,1,0.5628231250011595,None,0,01,001,2025-09-07_01h14.06.694,signal detection,,2025.1.1,None,2025-09-07 01h14.16.594885 +0530,
7,0,7,up,1,0.9862959160018363,None,0,7,0,7,0,13.101399582999875,,13.092834457998833,13.101399582999875,14.090251040997828,14.097057082999527,15.081294040999637,up,1,0.9862959160018363,None,0,01,001,2025-09-07_01h14.06.694,signal detection,,2025.1.1,None,2025-09-07 01h14.16.594885 +0530,
8,0,8,up,0,1.1084082490015135,None,-3,8,0,8,0,15.089673665999726,,15.081854290998308,15.089673665999726,16.08025754099799,16.08025754099799,17.192446665998432,up,0,1.1084082490015135,None,-3,01,001,2025-09-07_01h14.06.694,signal detection,,2025.1.1,None,2025-09-07 01h14.16.594885 +0530,
9,0,9,down,0,0.6134891659967252,None,0,9,0,9,0,17.201472624998132,,17.193051040998398,17.201472624998132,18.190295041000354,18.196191790997545,18.808915415997035,down,0,0.6134891659967252,None,0,01,001,2025-09-07_01h14.06.694,signal detection,,2025.1.1,None,2025-09-07 01h14.16.594885 +0530,
10,0,10,down,0,0.6467358750014682,None,0,10,0,10,0,18.81816804099799,,18.80951329099844,18.81816804099799,19.807032582997635,19.813419374997466,20.45888145799836,down,0,0.6467358750014682,None,0,01,001,2025-09-07_01h14.06.694,signal detection,,2025.1.1,None,2025-09-07 01h14.16.594885 +0530,
11,0,11,down,1,0.5695560829990427,None,3,11,0,11,0,20.467960874997516,,20.459507207997376,20.467960874997516,21.45706704099939,21.46298695799851,22.031259457999113,down,1,0.5695560829990427,None,3,01,001,2025-09-07_01h14.06.694,signal detection,,2025.1.1,None,2025-09-07 01h14.16.594885 +0530,
12,0,12,down,1,0.4520808750021388,None,4,12,0,12,0,22.040108874996804,,22.03186937499777,22.040108874996804,23.030518332998327,23.030518332998327,23.4930531659993,down,1,0.4520808750021388,None,4,01,001,2025-09-07_01h14.06.694,signal detection,,2025.1.1,None,2025-09-07 01h14.16.594885 +0530,
13,0,13,down,1,0.49517316600031336,None,2,13,0,13,0,23.50747408299867,,23.49375937500008,23.50747408299867,24.49057845799689,24.4965961659982,24.992749957997148,down,1,0.49517316600031336,None,2,01,001,2025-09-07_01h14.06.694,signal detection,,2025.1.1,None,2025-09-07 01h14.16.594885 +0530,
14,0,14,down,0,0.5399929989980592,None,0,14,0,14,0,25.001737332997436,,24.99333970799853,25.001737332997436,25.990737124997395,25.99673037499815,26.542684290998295,down,0,0.5399929989980592,None,0,01,001,2025-09-07_01h14.06.694,signal detection,,2025.1.1,None,2025-09-07 01h14.16.594885 +0530,
15,0,15,up,1,0.3920930829990539,None,0,15,0,15,0,26.55172766599935,,26.54329129100006,26.55172766599935,27.54060408299847,27.54696770800001,27.942801082997903,up,1,0.3920930829990539,None,0,01,001,2025-09-07_01h14.06.694,signal detection,,2025.1.1,None,2025-09-07 01h14.16.594885 +0530,
16,0,16,up,1,0.36142283200024394,None,0,16,0,16,0,27.951714790997357,,27.943380875000003,27.951714790997357,28.940440749996924,28.946256290997553,29.309785540997837,up,1,0.36142283200024394,None,0,01,001,2025-09-07_01h14.06.694,signal detection,,2025.1.1,None,2025-09-07 01h14.16.594885 +0530,
17,0,17,up,1,0.37542224999924656,None,0,17,0,17,0,29.324248082997656,,29.31053237499873,29.324248082997656,30.307326332997036,30.31271466599719,30.69266399999833,up,1,0.37542224999924656,None,0,01,001,2025-09-07_01h14.06.694,signal detection,,2025.1.1,None,2025-09-07 01h14.16.594885 +0530,
18,0,18,up,0,0.2530024580009922,None,2,18,0,18,0,30.70112154099843,,30.693330665999383,30.70112154099843,31.69077912499779,31.696723082997778,31.94828137500008,up,0,0.2530024580009922,None,2,01,001,2025-09-07_01h14.06.694,signal detection,,2025.1.1,None,2025-09-07 01h14.16.594885 +0530,
19,0,19,up,1,0.4106568329989386,None,0,19,0,19,0,31.956564874999458,,31.948765040997387,31.956564874999458,32.94806879099997,32.94806879099997,33.36594737499763,up,1,0.4106568329989386,None,0,01,001,2025-09-07_01h14.06.694,signal detection,,2025.1.1,None,2025-09-07 01h14.16.594885 +0530,
20,0,20,up,1,0.36289079100242816,None,0,20,0,20,0,33.37457354099752,,33.366503624998586,33.37457354099752,34.36487762499746,34.36487762499746,34.731132290999085,up,1,0.36289079100242816,None,0,01,001,2025-09-07_01h14.06.694,signal detection,,2025.1.1,None,2025-09-07 01h14.16.594885 +0530,
21,0,21,up,0,0.37103991600088193,None,2,21,0,21,0,34.74059974999909,,34.731707999999344,34.74059974999909,35.723879707999004,35.72992095799782,36.09911033299795,up,0,0.37103991600088193,None,2,01,001,2025-09-07_01h14.06.694,signal detection,,2025.1.1,None,2025-09-07 01h14.16.594885 +0530,
22,0,22,up,1,0.42859662499904516,None,0,22,0,22,0,36.12440595799853,,36.09972374999779,36.12440595799853,37.09919720799735,37.11349120799787,37.53155187499942,up,1,0.42859662499904516,None,0,01,001,2025-09-07_01h14.06.694,signal detection,,2025.1.1,None,2025-09-07 01h14.16.594885 +0530,
23,0,23,up,0,1.116533915999753,None,3,23,0,23,0,37.540103832998284,,37.53209116599828,37.540103832998284,38.531332708000264,38.531332708000264,39.66065570799765,up,0,1.116533915999753,None,3,01,001,2025-09-07_01h14.06.694,signal detection,,2025.1.1,None,2025-09-07 01h14.16.594885 +0530,
24,0,24,up,0,1.0021106249987497,None,3,24,0,24,0,39.67438658299943,,39.661515957999654,39.67438658299943,40.65777458299999,40.663497665998875,41.665381915998296,up,0,1.0021106249987497,None,3,01,001,2025-09-07_01h14.06.694,signal detection,,2025.1.1,None,2025-09-07 01h14.16.594885 +0530,
25,0,25,up,1,1.1691869989990664,None,0,25,0,25,0,41.67358549999699,,41.66586745799941,41.67358549999699,42.667926791000355,42.667926791000355,43.84419579099995,up,1,1.1691869989990664,None,0,01,001,2025-09-07_01h14.06.694,signal detection,,2025.1.1,None,2025-09-07 01h14.16.594885 +0530,
26,0,26,down,1,0.8367190819990356,None,-4,26,0,26,0,43.858040207996964,,43.84494991599786,43.858040207996964,44.84109816599812,44.84719591599787,45.681180415998824,down,1,0.8367190819990356,None,-4,01,001,2025-09-07_01h14.06.694,signal detection,,2025.1.1,None,2025-09-07 01h14.16.594885 +0530,
27,0,27,down,1,1.018332374998863,None,-4,27,0,27,0,45.6914806249988,,45.68166424999799,45.6914806249988,46.67458704099772,46.681005290996836,47.69897858299737,down,1,1.018332374998863,None,-4,01,001,2025-09-07_01h14.06.694,signal detection,,2025.1.1,None,2025-09-07 01h14.16.594885 +0530,
28,0,28,up,0,1.0433198329992592,None,3,28,0,28,0,47.70777345799797,,47.69951141599813,47.70777345799797,48.69878879099997,48.69878879099997,49.744267915997625,up,0,1.0433198329992592,None,3,01,001,2025-09-07_01h14.06.694,signal detection,,2025.1.1,None,2025-09-07 01h14.16.594885 +0530,
29,0,29,up,1,1.196936166001251,None,0,29,0,29,0,49.75822787499783,,49.74488141599795,49.75822787499783,50.74140624999927,50.74739362499895,51.943518165997375,up,1,1.196936166001251,None,0,01,001,2025-09-07_01h14.06.694,signal detection,,2025.1.1,None,2025-09-07 01h14.16.594885 +0530,
30,0,30,up,1,0.4556478749982489,None,0,30,0,30,0,51.95193124999787,,51.94396499999857,51.95193124999787,52.94139929099765,52.94739329099684,53.39879904099871,up,1,0.4556478749982489,None,0,01,001,2025-09-07_01h14.06.694,signal detection,,2025.1.1,None,2025-09-07 01h14.16.594885 +0530,
31,0,31,down,0,0.6598258320009336,None,0,31,0,31,0,53.40755679099675,,53.399247082998045,53.40755679099675,54.391299457998684,54.397441624998464,55.06075420799971,down,0,0.6598258320009336,None,0,01,001,2025-09-07_01h14.06.694,signal detection,,2025.1.1,None,2025-09-07 01h14.16.594885 +0530,
32,0,32,down,1,0.5364417910022894,None,-3,32,0,32,0,55.07024837499921,,55.061590249999426,55.07024837499921,56.075689249999414,56.075689249999414,56.627516290998756,down,1,0.5364417910022894,None,-3,01,001,2025-09-07_01h14.06.694,signal detection,,2025.1.1,None,2025-09-07 01h14.16.594885 +0530,
33,0,33,down,0,0.2648244580013852,None,0,33,0,33,0,56.64242899999954,,56.628068207999604,56.64242899999954,57.642584957997315,57.642584957997315,57.910841249999066,down,0,0.2648244580013852,None,0,01,001,2025-09-07_01h14.06.694,signal detection,,2025.1.1,None,2025-09-07 01h14.16.594885 +0530,
34,0,34,down,1,0.8617339989978063,None,-4,34,0,34,0,57.925622790997295,,57.91136429099788,57.925622790997295,58.9152782079982,58.9152782079982,59.793806082998344,down,1,0.8617339989978063,None,-4,01,001,2025-09-07_01h14.06.694,signal detection,,2025.1.1,None,2025-09-07 01h14.16.594885 +0530,
35,0,35,down,0,0.6821416660022805,None,0,35,0,35,0,59.80920837499798,,59.794230999999854,59.80920837499798,60.792915624999296,60.80938041599802,61.47739320799883,down,0,0.6821416660022805,None,0,01,001,2025-09-07_01h14.06.694,signal detection,,2025.1.1,None,2025-09-07 01h14.16.594885 +0530,
36,0,36,up,0,0.30289183299828437,None,-2,36,0,36,0,61.49239429099907,,61.47790262499984,61.49239429099907,62.475270582999656,62.48130370799845,62.79396191599881,up,0,0.30289183299828437,None,-2,01,001,2025-09-07_01h14.06.694,signal detection,,2025.1.1,None,2025-09-07 01h14.16.594885 +0530,
37,0,37,up,1,0.30588766599976225,None,0,37,0,37,0,62.80928333299744,,62.79438512499837,62.80928333299744,63.80939233299796,63.80939233299796,64.12790295800005,up,1,0.30588766599976225,None,0,01,001,2025-09-07_01h14.06.694,signal detection,,2025.1.1,None,2025-09-07 01h14.16.594885 +0530,
38,0,38,up,0,0.7087046659980842,None,-4,38,0,38,0,64.14216829099678,,64.12855629099795,64.14216829099678,65.13267870799973,65.13267870799973,65.84453983299682,up,0,0.7087046659980842,None,-4,01,001,2025-09-07_01h14.06.694,signal detection,,2025.1.1,None,2025-09-07 01h14.16.594885 +0530,
39,0,39,up,1,0.33697537499756436,None,0,39,0,39,0,65.85888612499912,,65.84509062500001,65.85888612499912,66.85930804099917,66.85930804099917,67.2107269579974,up,1,0.33697537499756436,None,0,01,001,2025-09-07_01h14.06.694,signal detection,,2025.1.1,None,2025-09-07 01h14.16.594885 +0530,
40,0,40,down,1,0.671921957997256,None,4,40,0,40,0,67.22611012499692,,67.21119158299916,67.22611012499692,68.22640558299827,68.22640558299827,68.91132908299915,down,1,0.671921957997256,None,4,01,001,2025-09-07_01h14.06.694,signal detection,,2025.1.1,None,2025-09-07 01h14.16.594885 +0530,
41,0,41,down,1,0.5528966660021979,None,3,41,0,41,0,68.92581604099905,,68.91197674999785,68.92581604099905,69.92615779100015,69.92615779100015,70.48246874999677,down,1,0.5528966660021979,None,3,01,001,2025-09-07_01h14.06.694,signal detection,,2025.1.1,None,2025-09-07 01h14.16.594885 +0530,
42,0,42,up,1,0.4262382080014504,None,0,42,0,42,0,70.49272333299814,,70.482865957998,70.49272333299814,71.49310137499924,71.49310137499924,71.92625104099716,up,1,0.4262382080014504,None,0,01,001,2025-09-07_01h14.06.694,signal detection,,2025.1.1,None,2025-09-07 01h14.16.594885 +0530,
43,0,43,up,0,0.39702166600181954,None,4,43,0,43,0,71.93154983299974,,71.92644287499934,71.93154983299974,72.9173252499968,72.92522662499687,73.32837179099806,up,0,0.39702166600181954,None,4,01,001,2025-09-07_01h14.06.694,signal detection,,2025.1.1,None,2025-09-07 01h14.16.594885 +0530,
44,0,44,down,1,0.8678672489986639,None,-5,44,0,44,0,73.34228929099845,,73.3290720829973,73.34228929099845,74.32556904099692,74.33154345799994,75.20046016599736,down,1,0.8678672489986639,None,-5,01,001,2025-09-07_01h14.06.694,signal detection,,2025.1.1,None,2025-09-07 01h14.16.594885 +0530,
45,0,45,up,1,0.6444476660035434,None,0,45,0,45,0,75.20923633299753,,75.20095370799754,75.20923633299753,76.19895383299809,76.19895383299809,76.84976066599847,up,1,0.6444476660035434,None,0,01,001,2025-09-07_01h14.06.694,signal detection,,2025.1.1,None,2025-09-07 01h14.16.594885 +0530,
46,0,46,up,1,0.5129536660024314,None,0,46,0,46,0,76.85863641600008,,76.85033454099903,76.85863641600008,77.84954633300003,77.84954633300003,78.36770799999795,up,1,0.5129536660024314,None,0,01,001,2025-09-07_01h14.06.694,signal detection,,2025.1.1,None,2025-09-07 01h14.16.594885 +0530,
47,0,47,up,1,0.5916681249982503,None,0,47,0,47,0,78.3775537909969,,78.36830387499867,78.3775537909969,79.36600529099815,79.37585445799778,79.96123479099697,up,1,0.5916681249982503,None,0,01,001,2025-09-07_01h14.06.694,signal detection,,2025.1.1,None,2025-09-07 01h14.16.594885 +0530,
48,0,48,up,1,0.6240118319983594,None,0,48,0,48,0,79.97112987499713,,79.96191999999792,79.97112987499713,80.95932558299683,80.96514787499837,81.59492541599684,up,1,0.6240118319983594,None,0,01,001,2025-09-07_01h14.06.694,signal detection,,2025.1.1,None,2025-09-07 01h14.16.594885 +0530,
49,0,49,up,1,0.37627224899915745,None,0,49,0,49,0,81.609338708,,81.59552254099981,81.609338708,82.59250154099936,82.5986373329979,82.97975529099858,up,1,0.37627224899915745,None,0,01,001,2025-09-07_01h14.06.694,signal detection,,2025.1.1,None,2025-09-07 01h14.16.594885 +0530,
50,0,50,down,1,0.29779191600027843,None,-3,50,0,50,0,82.99255883299702,,82.98055512499923,82.99255883299702,83.97582358299769,83.98242458299865,84.27768733300036,down,1,0.29779191600027843,None,-3,01,001,2025-09-07_01h14.06.694,signal detection,,2025.1.1,None,2025-09-07 01h14.16.594885 +0530,
51,0,51,down,0,0.2695017910009483,None,0,51,0,51,0,84.28627674999734,,84.2781936249994,84.28627674999734,85.27603883299889,85.28181904099984,85.55175937499735,down,0,0.2695017910009483,None,0,01,001,2025-09-07_01h14.06.694,signal detection,,2025.1.1,None,2025-09-07 01h14.16.594885 +0530,
52,0,52,down,1,0.6885636240003805,None,-5,52,0,52,0,85.57606399999713,,85.55234104099873,85.57606399999713,86.5600456659995,86.56635612500031,87.26217158299914,down,1,0.6885636240003805,None,-5,01,001,2025-09-07_01h14.06.694,signal detection,,2025.1.1,None,2025-09-07 01h14.16.594885 +0530,
53,0,53,down,0,0.8161670830013463,None,0,53,0,53,0,87.27626887499719,,87.26291983299961,87.27626887499719,88.259489707998,88.26537462499982,89.07826979099991,down,0,0.8161670830013463,None,0,01,001,2025-09-07_01h14.06.694,signal detection,,2025.1.1,None,2025-09-07 01h14.16.594885 +0530,
54,0,54,up,0,0.08265120799842407,None,4,54,0,54,0,89.08746400000018,,89.07889779099787,89.08746400000018,90.07606479099923,90.08206645799874,90.16175579099945,up,0,0.08265120799842407,None,4,01,001,2025-09-07_01h14.06.694,signal detection,,2025.1.1,None,2025-09-07 01h14.16.594885 +0530,
55,0,55,up,1,0.25444729100127006,None,0,55,0,55,0,90.17090716599705,,90.16229983299854,90.17090716599705,91.15921674999845,91.16515445799814,91.41763174999869,up,1,0.25444729100127006,None,0,01,001,2025-09-07_01h14.06.694,signal detection,,2025.1.1,None,2025-09-07 01h14.16.594885 +0530,
56,0,56,down,1,0.7581526249996386,None,4,56,0,56,0,91.42614958299964,,91.4181182909997,91.42614958299964,92.41668491599921,92.41668491599921,93.1784079579993,down,1,0.7581526249996386,None,4,01,001,2025-09-07_01h14.06.694,signal detection,,2025.1.1,None,2025-09-07 01h14.16.594885 +0530,
57,0,57,up,0,0.46071358300105203,None,1,57,0,57,0,93.18696570799875,,93.17900020799789,93.18696570799875,94.176034832999,94.18204200000037,94.64579120799681,up,0,0.46071358300105203,None,1,01,001,2025-09-07_01h14.06.694,signal detection,,2025.1.1,None,2025-09-07 01h14.16.594885 +0530,
58,0,58,up,0,0.9099434580020898,None,4,58,0,58,0,94.65977166599987,,94.64660120799817,94.65977166599987,95.6427817909971,95.64863183299894,96.5620042499977,up,0,0.9099434580020898,None,4,01,001,2025-09-07_01h14.06.694,signal detection,,2025.1.1,None,2025-09-07 01h14.16.594885 +0530,
59,0,59,up,0,0.6671338330015715,None,1,59,0,59,0,96.57149308299995,,96.56267066599685,96.57149308299995,97.5595963329979,97.5660722499997,98.22872570799882,up,0,0.6671338330015715,None,1,01,001,2025-09-07_01h14.06.694,signal detection,,2025.1.1,None,2025-09-07 01h14.16.594885 +0530,
60,0,60,up,1,0.8871455830012565,None,0,60,0,60,0,98.23745729099755,,98.22929224999825,98.23745729099755,99.22655841599772,99.23278704099721,100.11745612499726,up,1,0.8871455830012565,None,0,01,001,2025-09-07_01h14.06.694,signal detection,,2025.1.1,None,2025-09-07 01h14.16.594885 +0530,
61,0,61,down,1,0.5796876659987902,None,4,61,0,61,0,100.12616737499775,,100.11811683299675,100.12616737499775,101.1170726249984,101.1170726249984,101.70158233300026,down,1,0.5796876659987902,None,4,01,001,2025-09-07_01h14.06.694,signal detection,,2025.1.1,None,2025-09-07 01h14.16.594885 +0530,
62,0,62,down,1,0.6988390000005893,None,4,62,0,62,0,101.70984508299807,,101.70221429099911,101.70984508299807,102.71021358299913,102.71021358299913,103.41251099999863,down,1,0.6988390000005893,None,4,01,001,2025-09-07_01h14.06.694,signal detection,,2025.1.1,None,2025-09-07 01h14.16.594885 +0530,
63,0,63,up,1,0.8898017079991405,None,0,63,0,63,0,103.42683499999839,,103.41303695799797,103.42683499999839,104.4100317079974,104.41605991599863,105.31193937499847,up,1,0.8898017079991405,None,0,01,001,2025-09-07_01h14.06.694,signal detection,,2025.1.1,None,2025-09-07 01h14.16.594885 +0530,
64,0,64,up,1,0.5176820819979184,None,0,64,0,64,0,105.32022470799711,,105.31240541599982,105.32022470799711,106.31025158299963,106.3162073329986,106.83519299999898,up,1,0.5176820819979184,None,0,01,001,2025-09-07_01h14.06.694,signal detection,,2025.1.1,None,2025-09-07 01h14.16.594885 +0530,
65,0,65,up,1,0.4971995819978474,None,0,65,0,65,0,106.860184707999,,106.835757249999,106.860184707999,107.83371658299802,107.84864795799876,108.33432058299877,up,1,0.4971995819978474,None,0,01,001,2025-09-07_01h14.06.694,signal detection,,2025.1.1,None,2025-09-07 01h14.16.594885 +0530,
66,0,66,down,1,0.6989731249996112,None,4,66,0,66,0,108.34278049999921,,108.33484170799784,108.34278049999921,109.33404708299713,109.33404708299713,110.04638058299679,down,1,0.6989731249996112,None,4,01,001,2025-09-07_01h14.06.694,signal detection,,2025.1.1,None,2025-09-07 01h14.16.594885 +0530,
67,0,67,down,0,0.4919597910011362,None,0,67,0,67,0,110.06045183300012,,110.0471430409998,110.06045183300012,111.04397749999771,111.04988433299877,111.5466081659979,down,0,0.4919597910011362,None,0,01,001,2025-09-07_01h14.06.694,signal detection,,2025.1.1,None,2025-09-07 01h14.16.594885 +0530,
68,0,68,down,1,0.4973699160000251,None,3,68,0,68,0,111.56029441599821,,111.54743099999905,111.56029441599821,112.54374054099753,112.54947458300012,113.04562704099953,down,1,0.4973699160000251,None,3,01,001,2025-09-07_01h14.06.694,signal detection,,2025.1.1,None,2025-09-07 01h14.16.594885 +0530,
69,0,69,down,1,0.842891915999644,None,-2,69,0,69,0,113.05469695799911,,113.04627070799688,113.05469695799911,114.04405216599844,114.05067095799677,114.89602929099783,down,1,0.842891915999644,None,-2,01,001,2025-09-07_01h14.06.694,signal detection,,2025.1.1,None,2025-09-07 01h14.16.594885 +0530,
70,0,70,up,0,0.366622624998854,None,1,70,0,70,0,114.90547224999682,,114.89669166599924,114.90547224999682,115.89348629099914,115.89917662500011,116.26306520799699,up,0,0.366622624998854,None,1,01,001,2025-09-07_01h14.06.694,signal detection,,2025.1.1,None,2025-09-07 01h14.16.594885 +0530,
71,0,71,up,0,0.3726434160016652,None,-5,71,0,71,0,116.27222358299696,,116.26381383300031,116.27222358299696,117.26043483299873,117.26649420799731,117.63511129099788,up,0,0.3726434160016652,None,-5,01,001,2025-09-07_01h14.06.694,signal detection,,2025.1.1,None,2025-09-07 01h14.16.594885 +0530,
72,0,72,up,0,0.565550915998756,None,-2,72,0,72,0,117.64420479099863,,117.63571529099863,117.64420479099863,118.6344862909973,118.6344862909973,119.21289558299759,up,0,0.565550915998756,None,-2,01,001,2025-09-07_01h14.06.694,signal detection,,2025.1.1,None,2025-09-07 01h14.16.594885 +0530,
73,0,73,down,1,1.0464978739983053,None,4,73,0,73,0,119.22170999999798,,119.21346541599996,119.22170999999798,120.21060554099677,120.21714479099683,121.26223845799905,down,1,1.0464978739983053,None,4,01,001,2025-09-07_01h14.06.694,signal detection,,2025.1.1,None,2025-09-07 01h14.16.594885 +0530,
74,0,74,up,1,0.6883627909992356,None,0,74,0,74,0,121.27775104099783,,121.26272554099705,121.27775104099783,122.26076941599968,122.26646074999735,122.95139079099681,up,1,0.6883627909992356,None,0,01,001,2025-09-07_01h14.06.694,signal detection,,2025.1.1,None,2025-09-07 01h14.16.594885 +0530,
75,0,75,up,1,0.45131929100170964,None,0,75,0,75,0,122.959597457997,,122.95179199999984,122.959597457997,123.9438029999983,123.94977245799964,124.40121754099891,up,1,0.45131929100170964,None,0,01,001,2025-09-07_01h14.06.694,signal detection,,2025.1.1,None,2025-09-07 01h14.16.594885 +0530,
76,0,76,up,0,0.3080749159998959,None,-4,76,0,76,0,124.40963245799867,,124.40173466600027,124.40963245799867,125.40209291599967,125.40209291599967,125.71273154099981,up,0,0.3080749159998959,None,-4,01,001,2025-09-07_01h14.06.694,signal detection,,2025.1.1,None,2025-09-07 01h14.16.594885 +0530,
77,0,77,up,1,0.31248908300040057,None,0,77,0,77,0,125.72172687499915,,125.71331237499908,125.72172687499915,126.7107917079993,126.71670499999891,127.03025549999802,up,1,0.31248908300040057,None,0,01,001,2025-09-07_01h14.06.694,signal detection,,2025.1.1,None,2025-09-07 01h14.16.594885 +0530,
78,0,78,up,0,0.2635290409998561,None,-4,78,0,78,0,127.04422020799757,,127.03097745799823,127.04422020799757,128.02756908299853,128.03353904100004,128.2961528329979,up,0,0.2635290409998561,None,-4,01,001,2025-09-07_01h14.06.694,signal detection,,2025.1.1,None,2025-09-07 01h14.16.594885 +0530,
79,0,79,down,1,0.3528769160002412,None,3,79,0,79,0,128.30487041599918,,128.29680899999948,128.30487041599918,129.29426583299937,129.29995587499798,129.65139104099944,down,1,0.3528769160002412,None,3,01,001,2025-09-07_01h14.06.694,signal detection,,2025.1.1,None,2025-09-07 01h14.16.594885 +0530,
80,0,80,down,1,0.35724691599898506,None,-2,80,0,80,0,129.6607076250002,,129.65188175000003,129.6607076250002,130.65298999999868,130.65298999999868,131.01380349999818,down,1,0.35724691599898506,None,-2,01,001,2025-09-07_01h14.06.694,signal detection,,2025.1.1,None,2025-09-07 01h14.16.594885 +0530,
81,0,81,down,0,0.25519574899954023,None,0,81,0,81,0,131.02303904099972,,131.01448849999724,131.02303904099972,132.01102904099753,132.0169548749982,132.2683753329984,down,0,0.25519574899954023,None,0,01,001,2025-09-07_01h14.06.694,signal detection,,2025.1.1,None,2025-09-07 01h14.16.594885 +0530,
82,0,82,down,0,0.3870902080016094,None,0,82,0,82,0,132.27697683299994,,132.26882341599776,132.27697683299994,133.2700645829973,133.2700645829973,133.66339120799967,down,0,0.3870902080016094,None,0,01,001,2025-09-07_01h14.06.694,signal detection,,2025.1.1,None,2025-09-07 01h14.16.594885 +0530,
83,0,83,down,1,0.38331062399811344,None,3,83,0,83,0,133.6781517499985,,133.66403183299917,133.6781517499985,134.66111216599893,134.66754924999987,135.04719437499807,down,1,0.38331062399811344,None,3,01,001,2025-09-07_01h14.06.694,signal detection,,2025.1.1,None,2025-09-07 01h14.16.594885 +0530,
84,0,84,down,1,0.2997754989992245,None,-2,84,0,84,0,135.0565018749985,,135.04781554099827,135.0565018749985,136.04453241599913,136.0504322079978,136.3462434159992,down,1,0.2997754989992245,None,-2,01,001,2025-09-07_01h14.06.694,signal detection,,2025.1.1,None,2025-09-07 01h14.16.594885 +0530,
85,0,85,down,1,0.2997448739988613,None,-3,85,0,85,0,136.35501224999825,,136.34674637499847,136.35501224999825,137.34461120799824,137.3513663329977,137.6465482909989,down,1,0.2997448739988613,None,-3,01,001,2025-09-07_01h14.06.694,signal detection,,2025.1.1,None,2025-09-07 01h14.16.594885 +0530,
86,0,86,down,1,0.3175202909988002,None,2,86,0,86,0,137.65498891599782,,137.64713741599917,137.65498891599782,138.64478904099815,138.6509109159997,138.96857783299856,down,1,0.3175202909988002,None,2,01,001,2025-09-07_01h14.06.694,signal detection,,2025.1.1,None,2025-09-07 01h14.16.594885 +0530,
87,0,87,up,0,0.5456509579998965,None,1,87,0,87,0,138.97706145799748,,138.96909608299757,138.97706145799748,139.969748083,139.969748083,140.5196507499968,up,0,0.5456509579998965,None,1,01,001,2025-09-07_01h14.06.694,signal detection,,2025.1.1,None,2025-09-07 01h14.16.594885 +0530,
88,0,88,up,1,0.4321298739996564,None,0,88,0,88,0,140.52846175000013,,140.5202127909979,140.52846175000013,141.51826370799972,141.51826370799972,141.95267470799809,up,1,0.4321298739996564,None,0,01,001,2025-09-07_01h14.06.694,signal detection,,2025.1.1,None,2025-09-07 01h14.16.594885 +0530,
89,0,89,up,0,0.4246714159999101,None,3,89,0,89,0,141.9613721659989,,141.95324970799993,141.9613721659989,142.95171916599793,142.95171916599793,143.380126707998,up,0,0.4246714159999101,None,3,01,001,2025-09-07_01h14.06.694,signal detection,,2025.1.1,None,2025-09-07 01h14.16.594885 +0530,
90,0,90,up,1,0.8182579569984227,None,0,90,0,90,0,143.38858999999866,,143.38064383299934,143.38858999999866,144.3781265409998,144.38384412499727,145.20219524999993,up,1,0.8182579569984227,None,0,01,001,2025-09-07_01h14.06.694,signal detection,,2025.1.1,None,2025-09-07 01h14.16.594885 +0530,
91,0,91,up,1,0.28444166599729215,None,0,91,0,91,0,145.21093991599992,,145.2026722499977,145.21093991599992,146.20292358299776,146.20292358299776,146.4970279579975,up,1,0.28444166599729215,None,0,01,001,2025-09-07_01h14.06.694,signal detection,,2025.1.1,None,2025-09-07 01h14.16.594885 +0530,
92,0,92,up,1,0.2667802079995454,None,0,92,0,92,0,146.5057083749998,,146.49754449999818,146.5057083749998,147.49460874999932,147.500640708,147.76320191599734,up,1,0.2667802079995454,None,0,01,001,2025-09-07_01h14.06.694,signal detection,,2025.1.1,None,2025-09-07 01h14.16.594885 +0530,
93,0,93,down,1,0.6961755409975012,None,4,93,0,93,0,147.7717103750001,,147.76373812499878,147.7717103750001,148.76130245799868,148.76720770799875,149.4638234999984,down,1,0.6961755409975012,None,4,01,001,2025-09-07_01h14.06.694,signal detection,,2025.1.1,None,2025-09-07 01h14.16.594885 +0530,
94,0,94,up,1,0.8212559999992664,None,0,94,0,94,0,149.47267766599907,,149.46440058299777,149.47267766599907,150.46129458299765,150.46699041600004,151.28655704099947,up,1,0.8212559999992664,None,0,01,001,2025-09-07_01h14.06.694,signal detection,,2025.1.1,None,2025-09-07 01h14.16.594885 +0530,
95,0,95,up,1,0.2749309160026314,None,0,95,0,95,0,151.29513645800034,,151.28709887500008,151.29513645800034,152.2846559999998,152.2846559999998,152.5636727079982,up,1,0.2749309160026314,None,0,01,001,2025-09-07_01h14.06.694,signal detection,,2025.1.1,None,2025-09-07 01h14.16.594885 +0530,
96,0,96,up,0,0.3818799159998889,None,-4,96,0,96,0,152.5718901250002,,152.56420762499693,152.5718901250002,153.56174045799708,153.56775500000003,153.94774012499693,up,0,0.3818799159998889,None,-4,01,001,2025-09-07_01h14.06.694,signal detection,,2025.1.1,None,2025-09-07 01h14.16.594885 +0530,
97,0,97,up,1,0.204210873998818,None,0,97,0,97,0,153.95641799999794,,153.9482568329986,153.95641799999794,154.94527441599712,154.9512220409997,155.1522609579988,up,1,0.204210873998818,None,0,01,001,2025-09-07_01h14.06.694,signal detection,,2025.1.1,None,2025-09-07 01h14.16.594885 +0530,
98,0,98,up,1,0.17359204099921044,None,0,98,0,98,0,155.16077799999766,,155.1527087079994,155.16077799999766,156.1520064999968,156.1520064999968,156.33027975000005,up,1,0.17359204099921044,None,0,01,001,2025-09-07_01h14.06.694,signal detection,,2025.1.1,None,2025-09-07 01h14.16.594885 +0530,
99,0,99,up,0,0.901740041001176,None,4,99,0,99,0,156.33931462499822,,156.33093412499875,156.33931462499822,157.32884233299774,157.3348693329972,158.2371729999977,up,0,0.901740041001176,None,4,01,001,2025-09-07_01h14.06.694,signal detection,,2025.1.1,None,2025-09-07 01h14.16.594885 +0530,
