reward_today,future_reward,delay,thisN,thisTrialN,thisRepN,key_resp.keys,key_resp.rt,key_resp.duration,trials.thisRepN,trials.thisTrialN,trials.thisN,trials.thisIndex,thisRow.t,notes,trial.started,fixation.started,fixation.stopped,text.started,key_resp.started,trial.stopped,trials.key_resp.keys,trials.key_resp.rt,trials.key_resp.duration,participant,session,date,expName,expVersion,psychopyVersion,frameRate,expStart,
33,81,2,0,0,0,l,5.532620499958284,None,0,0,0,11,0.039342125004623085,,0.03280975000234321,0.039342125004623085,1.0549675420043059,1.0549675420043059,1.0549675420043059,6.59872725000605,l,5.532620499958284,None,02,001,2025-10-29_23h51.31.214,delay discounting,,2025.1.1,119.96197207252852,2025-10-29 23h51.36.829476 +0530,
41,73,330,1,1,0,t,4.59829420899041,None,0,1,1,94,6.623287208960392,,6.610797583998647,6.623287208960392,7.620398333994672,7.596472041972447,7.596472041972447,12.198521083977539,t,4.59829420899041,None,02,001,2025-10-29_23h51.31.214,delay discounting,,2025.1.1,119.96197207252852,2025-10-29 23h51.36.829476 +0530,
39,84,330,2,2,0,t,7.071297249989584,None,0,2,2,93,12.216798249981366,,12.208085124962963,12.216798249981366,13.21397712500766,13.196703708963469,13.196703708963469,20.272311833978165,t,7.071297249989584,None,02,001,2025-10-29_23h51.31.214,delay discounting,,2025.1.1,119.96197207252852,2025-10-29 23h51.36.829476 +0530,
29,52,2,3,3,0,l,4.224089833965991,None,0,3,3,10,20.30458895897027,,20.28184108401183,20.30458895897027,21.29719979199581,21.272007041960023,21.272007041960023,25.499408125004265,l,4.224089833965991,None,02,001,2025-10-29_23h51.31.214,delay discounting,,2025.1.1,119.96197207252852,2025-10-29 23h51.36.829476 +0530,
90,112,3,4,4,0,l,14.065353874990251,None,0,4,4,19,25.51451566698961,,25.507062999997288,25.51451566698961,26.50392925000051,26.497196250013076,26.497196250013076,40.56651350000175,l,14.065353874990251,None,02,001,2025-10-29_23h51.31.214,delay discounting,,2025.1.1,119.96197207252852,2025-10-29 23h51.36.829476 +0530,
48,70,14,5,5,0,t,4.174375250004232,None,0,5,5,39,40.584182624996174,,40.57493145897752,40.584182624996174,41.58176137501141,41.56456895900192,41.56456895900192,45.75017283397028,t,4.174375250004232,None,02,001,2025-10-29_23h51.31.214,delay discounting,,2025.1.1,119.96197207252852,2025-10-29 23h51.36.829476 +0530,
36,55,60,6,6,0,t,10.420322542020585,None,0,6,6,62,45.76807279197965,,45.759515709010884,45.76807279197965,46.76528004196007,46.74807370896451,46.74807370896451,57.17439183400711,t,10.420322542020585,None,02,001,2025-10-29_23h51.31.214,delay discounting,,2025.1.1,119.96197207252852,2025-10-29 23h51.36.829476 +0530,
5,58,150,7,7,0,l,13.78808404202573,None,0,7,7,73,57.19015608396148,,57.181704583985265,57.19015608396148,58.18167129199719,58.173428208974656,58.173428208974656,71.9678793749772,l,13.78808404202573,None,02,001,2025-10-29_23h51.31.214,delay discounting,,2025.1.1,119.96197207252852,2025-10-29 23h51.36.829476 +0530,
12,42,5,8,8,0,l,7.076506667013746,None,0,8,8,21,71.98485895898193,,71.9759252499789,71.98485895898193,72.98293349996675,72.96567595901433,72.96567595901433,80.05156462499872,l,7.076506667013746,None,02,001,2025-10-29_23h51.31.214,delay discounting,,2025.1.1,119.96197207252852,2025-10-29 23h51.36.829476 +0530,
13,20,3,9,9,0,l,1.8619321669684723,None,0,9,9,13,80.06809095898643,,80.05858349998016,80.06809095898643,81.06670712499181,81.04930604196852,81.04930604196852,82.918135624961,l,1.8619321669684723,None,02,001,2025-10-29_23h51.31.214,delay discounting,,2025.1.1,119.96197207252852,2025-10-29 23h51.36.829476 +0530,
38,68,45,10,10,0,t,5.061820917006116,None,0,10,10,60,82.93407245900016,,82.92514645896154,82.93407245900016,83.9330142919789,83.91609283396974,83.91609283396974,88.9850720000104,t,5.061820917006116,None,02,001,2025-10-29_23h51.31.214,delay discounting,,2025.1.1,119.96197207252852,2025-10-29 23h51.36.829476 +0530,
63,68,270,11,11,0,t,3.7669617920182645,None,0,11,11,87,89.0012580420007,,88.99201095895842,89.0012580420007,90.00021912500961,89.98293754196493,89.98293754196493,93.7515784589923,t,3.7669617920182645,None,02,001,2025-10-29_23h51.31.214,delay discounting,,2025.1.1,119.96197207252852,2025-10-29 23h51.36.829476 +0530,
79,122,24,12,12,0,t,7.131607125978917,None,0,12,12,53,93.76774791697972,,93.75842354196357,93.76774791697972,94.76706566696521,94.7498589589959,94.7498589589959,101.88557325000875,t,7.131607125978917,None,02,001,2025-10-29_23h51.31.214,delay discounting,,2025.1.1,119.96197207252852,2025-10-29 23h51.36.829476 +0530,
70,90,210,13,13,0,t,4.3967880419804715,None,0,13,13,82,101.90254275000188,,101.89324154198403,101.90254275000188,102.9001202089712,102.88376683398383,102.88376683398383,107.28587699995842,t,4.3967880419804715,None,02,001,2025-10-29_23h51.31.214,delay discounting,,2025.1.1,119.96197207252852,2025-10-29 23h51.36.829476 +0530,
36,51,120,14,14,0,t,2.913946541957557,None,0,14,14,69,107.3025260840077,,107.29324408399407,107.3025260840077,108.30090304196347,108.28369533398654,108.28369533398654,111.2024543749867,t,2.913946541957557,None,02,001,2025-10-29_23h51.31.214,delay discounting,,2025.1.1,119.96197207252852,2025-10-29 23h51.36.829476 +0530,
51,92,3,15,15,0,l,1.849189041997306,None,0,15,15,16,111.21941108396277,,111.21012145897839,111.21941108396277,112.21766316698631,112.20040995901218,112.20040995901218,114.0524790000054,l,1.849189041997306,None,02,001,2025-10-29_23h51.31.214,delay discounting,,2025.1.1,119.96197207252852,2025-10-29 23h51.36.829476 +0530,
14,53,270,16,16,0,t,2.8991670419927686,None,0,16,16,85,114.06852879200596,,114.05939974996727,114.06852879200596,115.06776645896025,115.05059120897204,115.05059120897204,117.95294170896523,t,2.8991670419927686,None,02,001,2025-10-29_23h51.31.214,delay discounting,,2025.1.1,119.96197207252852,2025-10-29 23h51.36.829476 +0530,
44,64,21,17,17,0,t,4.0755415839958005,None,0,17,17,50,117.96931924996898,,117.96043487498537,117.96931924996898,118.96795004198793,118.95079637499293,118.95079637499293,123.03502399998251,t,4.0755415839958005,None,02,001,2025-10-29_23h51.31.214,delay discounting,,2025.1.1,119.96197207252852,2025-10-29 23h51.36.829476 +0530,
91,143,3,18,18,0,l,5.433571542031132,None,0,18,18,20,123.0441987499944,,123.03786941699218,123.0441987499944,124.05190999998013,124.03497170901392,124.03497170901392,129.4702237920137,l,5.433571542031132,None,02,001,2025-10-29_23h51.31.214,delay discounting,,2025.1.1,119.96197207252852,2025-10-29 23h51.36.829476 +0530,
53,75,90,19,19,0,t,2.9574022089946084,None,0,19,19,66,129.48660562495934,,129.47713858401403,129.48660562495934,130.48492437496316,130.4681712499587,130.4681712499587,133.43726541701471,t,2.9574022089946084,None,02,001,2025-10-29_23h51.31.214,delay discounting,,2025.1.1,119.96197207252852,2025-10-29 23h51.36.829476 +0530,
44,74,90,20,20,0,t,3.1569377089617774,None,0,20,20,65,133.45326241699513,,133.44381437497213,133.45326241699513,134.45141116698505,134.4347676250036,134.4347676250036,137.60382933396613,t,3.1569377089617774,None,02,001,2025-10-29_23h51.31.214,delay discounting,,2025.1.1,119.96197207252852,2025-10-29 23h51.36.829476 +0530,
25,53,14,21,21,0,l,5.770658042049035,None,0,21,21,38,137.62037379201502,,137.61099545896286,137.62037379201502,138.61851770896465,138.60145595896756,138.60145595896756,144.3772506249952,l,5.770658042049035,None,02,001,2025-10-29_23h51.31.214,delay discounting,,2025.1.1,119.96197207252852,2025-10-29 23h51.36.829476 +0530,
57,93,14,22,22,0,l,7.121064958977513,None,0,22,22,41,144.39121933397837,,144.38284691696754,144.39121933397837,145.38502012495883,145.37756629200885,145.37756629200885,152.50401004200103,l,7.121064958977513,None,02,001,2025-10-29_23h51.31.214,delay discounting,,2025.1.1,119.96197207252852,2025-10-29 23h51.36.829476 +0530,
76,115,365,23,23,0,t,2.2995828759740107,None,0,23,23,99,152.51901275001,,152.51005962496856,152.51901275001,153.50878512498457,153.50215499999467,153.50215499999467,155.80376087495824,t,2.2995828759740107,None,02,001,2025-10-29_23h51.31.214,delay discounting,,2025.1.1,119.96197207252852,2025-10-29 23h51.36.829476 +0530,
11,57,1,24,24,0,l,2.6126512510236353,None,0,24,24,7,155.8186070419615,,155.81088416697457,155.8186070419615,156.8087758339825,156.8021072089905,156.8021072089905,159.42078954196768,l,2.6126512510236353,None,02,001,2025-10-29_23h51.31.214,delay discounting,,2025.1.1,119.96197207252852,2025-10-29 23h51.36.829476 +0530,
92,131,60,25,25,0,t,4.409950874978676,None,0,25,25,64,159.43710541696055,,159.42823337495793,159.43710541696055,160.43616037501488,160.41891441697953,160.41891441697953,164.8376130000106,t,4.409950874978676,None,02,001,2025-10-29_23h51.31.214,delay discounting,,2025.1.1,119.96197207252852,2025-10-29 23h51.36.829476 +0530,
63,107,5,26,26,0,l,3.05383070895914,None,0,26,26,29,164.85357475001365,,164.84399554197444,164.85357475001365,165.84285024995916,165.835995292,165.835995292,168.89532004197827,l,3.05383070895914,None,02,001,2025-10-29_23h51.31.214,delay discounting,,2025.1.1,119.96197207252852,2025-10-29 23h51.36.829476 +0530,
88,124,180,27,27,0,t,2.9219125009840354,None,0,27,27,80,168.91294874995947,,168.90377166698454,168.91294874995947,169.90923250000924,169.89512216701405,169.89512216701405,172.8219217089936,t,2.9219125009840354,None,02,001,2025-10-29_23h51.31.214,delay discounting,,2025.1.1,119.96197207252852,2025-10-29 23h51.36.829476 +0530,
81,115,30,28,28,0,t,3.587914916977752,None,0,28,28,56,172.8400524999597,,172.83036933396943,172.8400524999597,173.83634895901196,173.81939066696214,173.81939066696214,177.41141637496185,t,3.587914916977752,None,02,001,2025-10-29_23h51.31.214,delay discounting,,2025.1.1,119.96197207252852,2025-10-29 23h51.36.829476 +0530,
75,98,325,29,29,0,t,1.7896496249595657,None,0,29,29,89,177.42712899995968,,177.41895600000862,177.42712899995968,178.41944112500641,178.41177733399672,178.41177733399672,180.20520170900272,t,1.7896496249595657,None,02,001,2025-10-29_23h51.31.214,delay discounting,,2025.1.1,119.96197207252852,2025-10-29 23h51.36.829476 +0530,
11,30,7,30,30,0,l,4.5744487079791725,None,0,30,30,0,180.22115733398823,,180.21243904199218,180.22115733398823,181.22026849997928,181.2029295839602,181.2029295839602,185.78801908396417,l,4.5744487079791725,None,02,001,2025-10-29_23h51.31.214,delay discounting,,2025.1.1,119.96197207252852,2025-10-29 23h51.36.829476 +0530,
26,47,274,31,31,0,t,2.5866783760138787,None,0,31,31,88,185.80296150001232,,185.79389929200988,185.80296150001232,186.79397374996915,186.78666104195872,186.78666104195872,189.37791820900748,t,2.5866783760138787,None,02,001,2025-10-29_23h51.31.214,delay discounting,,2025.1.1,119.96197207252852,2025-10-29 23h51.36.829476 +0530,
89,139,7,32,32,0,l,5.973302041995339,None,0,32,32,32,189.39229837496532,,189.38418024999555,189.39229837496532,190.3868866249686,190.37003462499706,190.37003462499706,196.34494004200678,l,5.973302041995339,None,02,001,2025-10-29_23h51.31.214,delay discounting,,2025.1.1,119.96197207252852,2025-10-29 23h51.36.829476 +0530,
75,135,5,33,33,0,l,2.2398734579910524,None,0,33,33,30,196.35924545896705,,196.35147937497823,196.35924545896705,197.35348979197443,197.33815754199168,197.33815754199168,199.5891982499743,l,2.2398734579910524,None,02,001,2025-10-29_23h51.31.214,delay discounting,,2025.1.1,119.96197207252852,2025-10-29 23h51.36.829476 +0530,
49,60,89,34,34,0,t,2.0501700839959085,None,0,34,34,4,199.6061359589803,,199.59656316699693,199.6061359589803,200.6043122499832,200.5869614169933,200.5869614169933,202.63902962498832,t,2.0501700839959085,None,02,001,2025-10-29_23h51.31.214,delay discounting,,2025.1.1,119.96197207252852,2025-10-29 23h51.36.829476 +0530,
67,75,119,35,35,0,t,2.6850594590068795,None,0,35,35,5,202.6547605000087,,202.645899583993,202.6547605000087,203.65434316697065,203.63706237496808,203.63706237496808,206.32955562497955,t,2.6850594590068795,None,02,001,2025-10-29_23h51.31.214,delay discounting,,2025.1.1,119.96197207252852,2025-10-29 23h51.36.829476 +0530,
88,137,150,36,36,0,t,3.6657063759630546,None,0,36,36,75,206.34502312500263,,206.33671420899918,206.34502312500263,207.3372487089946,207.3290191249689,207.3290191249689,210.9962912919582,t,3.6657063759630546,None,02,001,2025-10-29_23h51.31.214,delay discounting,,2025.1.1,119.96197207252852,2025-10-29 23h51.36.829476 +0530,
56,68,21,37,37,0,t,3.323133166995831,None,0,37,37,51,211.01135370897828,,211.0032344170031,211.01135370897828,212.00397691701073,211.9961911669816,211.9961911669816,215.32312295900192,t,3.323133166995831,None,02,001,2025-10-29_23h51.31.214,delay discounting,,2025.1.1,119.96197207252852,2025-10-29 23h51.36.829476 +0530,
81,90,120,38,38,0,t,2.1052676260005683,None,0,38,38,72,215.33865449996665,,215.3296710840077,215.33865449996665,216.3381075419602,216.32098149997182,216.32098149997182,218.42975845898036,t,2.1052676260005683,None,02,001,2025-10-29_23h51.31.214,delay discounting,,2025.1.1,119.96197207252852,2025-10-29 23h51.36.829476 +0530,
79,131,2,39,39,0,l,7.004733834008221,None,0,39,39,12,218.44446245901054,,218.43666412500897,218.44446245901054,219.43759783398127,219.42995187500492,219.42995187500492,226.4398934589699,l,7.004733834008221,None,02,001,2025-10-29_23h51.31.214,delay discounting,,2025.1.1,119.96197207252852,2025-10-29 23h51.36.829476 +0530,
21,68,330,40,40,0,t,1.6168396249995567,None,0,40,40,90,226.45706233399687,,226.44769741699565,226.45706233399687,227.45517766696867,227.43788191699423,227.43788191699423,229.0564323340077,t,1.6168396249995567,None,02,001,2025-10-29_23h51.31.214,delay discounting,,2025.1.1,119.96197207252852,2025-10-29 23h51.36.829476 +0530,
40,55,62,41,41,0,t,2.3589619169943035,None,0,41,41,3,229.07215841696598,,229.06345654197503,229.07215841696598,230.06186204199912,230.05473308399087,230.05473308399087,232.42322699999204,t,2.3589619169943035,None,02,001,2025-10-29_23h51.31.214,delay discounting,,2025.1.1,119.96197207252852,2025-10-29 23h51.36.829476 +0530,
48,59,120,42,42,0,t,2.87533445894951,None,0,42,42,70,232.44011612498434,,232.42978587496327,232.44011612498434,233.438713792013,233.4215153339901,233.4215153339901,236.30709612497594,t,2.87533445894951,None,02,001,2025-10-29_23h51.31.214,delay discounting,,2025.1.1,119.96197207252852,2025-10-29 23h51.36.829476 +0530,
38,51,3,43,43,0,l,1.5149852510076016,None,0,43,43,14,236.3227142500109,,236.31373895896832,236.3227142500109,237.3221799999592,237.30499808397144,237.30499808397144,238.82393179199426,l,1.5149852510076016,None,02,001,2025-10-29_23h51.31.214,delay discounting,,2025.1.1,119.96197207252852,2025-10-29 23h51.36.829476 +0530,
16,34,270,44,44,0,t,1.8547291670111008,None,0,44,44,86,238.84023662499385,,238.8311777089839,238.84023662499385,239.83024508401286,239.82323670899495,239.82323670899495,241.68006033397978,t,1.8547291670111008,None,02,001,2025-10-29_23h51.31.214,delay discounting,,2025.1.1,119.96197207252852,2025-10-29 23h51.36.829476 +0530,
33,46,210,45,45,0,t,3.3731488750199787,None,0,45,45,81,241.69406545901438,,241.68629695900017,241.69406545901438,242.6890168339596,242.6717852500151,242.6717852500151,246.04701666696928,t,3.3731488750199787,None,02,001,2025-10-29_23h51.31.214,delay discounting,,2025.1.1,119.96197207252852,2025-10-29 23h51.36.829476 +0530,
23,44,21,46,46,0,t,2.907147084013559,None,0,46,46,48,246.06198270898312,,246.05367429199396,246.06198270898312,247.05538404197432,247.03867691697087,247.03867691697087,249.95585099997697,t,2.907147084013559,None,02,001,2025-10-29_23h51.31.214,delay discounting,,2025.1.1,119.96197207252852,2025-10-29 23h51.36.829476 +0530,
13,66,7,47,47,0,l,3.0018118339939974,None,0,47,47,31,249.97058274998562,,249.96232433395926,249.97058274998562,250.96303895895835,250.9470829589991,250.9470829589991,253.95768095896346,l,3.0018118339939974,None,02,001,2025-10-29_23h51.31.214,delay discounting,,2025.1.1,119.96197207252852,2025-10-29 23h51.36.829476 +0530,
10,57,45,48,48,0,t,3.0292374590062536,None,0,48,48,58,253.97364812501473,,253.9649092089967,253.97364812501473,254.97278516698861,254.95570824999595,254.95570824999595,257.9912091669976,t,3.0292374590062536,None,02,001,2025-10-29_23h51.31.214,delay discounting,,2025.1.1,119.96197207252852,2025-10-29 23h51.36.829476 +0530,
16,69,5,49,49,0,l,5.435403376002796,None,0,49,49,23,258.0070963340113,,257.99840954196407,258.0070963340113,259.00606191699626,258.98917012498714,258.98917012498714,264.4313681249623,l,5.435403376002796,None,02,001,2025-10-29_23h51.31.214,delay discounting,,2025.1.1,119.96197207252852,2025-10-29 23h51.36.829476 +0530,
77,87,210,50,50,0,t,1.5216164999874309,None,0,50,50,83,264.44591645896435,,264.43774712499,264.44591645896435,265.43927849998,265.43142841698136,265.43142841698136,266.95810824999353,t,1.5216164999874309,None,02,001,2025-10-29_23h51.31.214,delay discounting,,2025.1.1,119.96197207252852,2025-10-29 23h51.36.829476 +0530,
59,101,90,51,51,0,t,6.657421208976302,None,0,51,51,67,266.97446770896204,,266.9658341250033,266.97446770896204,267.973086916958,267.95614837500034,267.95614837500034,274.6253053339897,t,6.657421208976302,None,02,001,2025-10-29_23h51.31.214,delay discounting,,2025.1.1,119.96197207252852,2025-10-29 23h51.36.829476 +0530,
40,74,3,52,52,0,l,1.129915917001199,None,0,52,52,15,274.64141370897414,,274.6324504169752,274.64141370897414,275.6401724590105,275.62329816696,275.62329816696,276.7581740419846,l,1.129915917001199,None,02,001,2025-10-29_23h51.31.214,delay discounting,,2025.1.1,119.96197207252852,2025-10-29 23h51.36.829476 +0530,
27,64,45,53,53,0,t,2.156885791977402,None,0,53,53,59,276.7741281669587,,276.76538883399917,276.7741281669587,277.7734751669923,277.75637029198697,277.75637029198697,279.91484933398897,t,2.156885791977402,None,02,001,2025-10-29_23h51.31.214,delay discounting,,2025.1.1,119.96197207252852,2025-10-29 23h51.36.829476 +0530,
86,98,30,54,54,0,t,2.144175124994945,None,0,54,54,57,279.9294816670008,,279.92134454200277,279.9294816670008,280.9231543340138,280.91512550000334,280.91512550000334,283.065218542004,t,2.144175124994945,None,02,001,2025-10-29_23h51.31.214,delay discounting,,2025.1.1,119.96197207252852,2025-10-29 23h51.36.829476 +0530,
24,52,330,55,55,0,t,2.8605643340270035,None,0,55,55,91,283.0792737499578,,283.07149379199836,283.0792737499578,284.07357241696445,284.05673066701274,284.05673066701274,286.92552449996583,t,2.8605643340270035,None,02,001,2025-10-29_23h51.31.214,delay discounting,,2025.1.1,119.96197207252852,2025-10-29 23h51.36.829476 +0530,
17,44,180,56,56,0,t,1.4259438749868423,None,0,56,56,78,286.94152441696497,,286.9320459589944,286.94152441696497,287.94039787497604,287.9234116669977,287.9234116669977,289.3589239589637,t,1.4259438749868423,None,02,001,2025-10-29_23h51.31.214,delay discounting,,2025.1.1,119.96197207252852,2025-10-29 23h51.36.829476 +0530,
27,50,21,57,57,0,t,2.3866002509603277,None,0,57,57,2,289.3755165839684,,289.3659756249981,289.3755165839684,290.3737888339674,290.3568436669884,290.3568436669884,292.7490367089631,t,2.3866002509603277,None,02,001,2025-10-29_23h51.31.214,delay discounting,,2025.1.1,119.96197207252852,2025-10-29 23h51.36.829476 +0530,
72,77,60,58,58,0,t,1.9984937090193853,None,0,58,58,63,292.76413004199276,,292.75621474999934,292.76413004199276,293.75696525000967,293.74894633400254,293.74894633400254,295.75920491700526,t,1.9984937090193853,None,02,001,2025-10-29_23h51.31.214,delay discounting,,2025.1.1,119.96197207252852,2025-10-29 23h51.36.829476 +0530,
89,121,150,59,59,0,t,1.823490375012625,None,0,59,59,76,295.7745963339694,,295.765520291985,295.7745963339694,296.76383616699604,296.75707087496994,296.75707087496994,298.5827344589634,t,1.823490375012625,None,02,001,2025-10-29_23h51.31.214,delay discounting,,2025.1.1,119.96197207252852,2025-10-29 23h51.36.829476 +0530,
32,71,365,60,60,0,t,1.400779875984881,None,0,60,60,97,298.5970184999751,,298.5893070839811,298.5970184999751,299.590517500008,299.5827021250152,299.5827021250152,300.99281691695796,t,1.400779875984881,None,02,001,2025-10-29_23h51.31.214,delay discounting,,2025.1.1,119.96197207252852,2025-10-29 23h51.36.829476 +0530,
80,112,1,61,61,0,l,1.3099055420025252,None,0,61,61,9,301.00983754196204,,301.00110774999484,301.00983754196204,302.0080659170053,301.99061129201436,301.99061129201436,303.30925266700797,l,1.3099055420025252,None,02,001,2025-10-29_23h51.31.214,delay discounting,,2025.1.1,119.96197207252852,2025-10-29 23h51.36.829476 +0530,
15,46,365,62,62,0,t,1.962473042018246,None,0,62,62,96,303.32430541695794,,303.31519445899175,303.32430541695794,304.3250187090016,304.3250187090016,304.3250187090016,306.29312537499936,t,1.962473042018246,None,02,001,2025-10-29_23h51.31.214,delay discounting,,2025.1.1,119.96197207252852,2025-10-29 23h51.36.829476 +0530,
5,34,180,63,63,0,t,2.6868892919737846,None,0,63,63,77,306.3100115839625,,306.3011084590107,306.3100115839625,307.3080197919626,307.2907377500087,307.2907377500087,309.9827889589942,t,2.6868892919737846,None,02,001,2025-10-29_23h51.31.214,delay discounting,,2025.1.1,119.96197207252852,2025-10-29 23h51.36.829476 +0530,
19,42,10,64,64,0,l,3.862410917005036,None,0,64,64,35,309.99757562496234,,309.98952925001504,309.99757562496234,310.99136358400574,310.9824511669576,310.9824511669576,314.8494277499849,l,3.862410917005036,None,02,001,2025-10-29_23h51.31.214,delay discounting,,2025.1.1,119.96197207252852,2025-10-29 23h51.36.829476 +0530,
62,75,10,65,65,0,t,1.5928242090158165,None,0,65,65,36,314.862963166961,,314.8551903750049,314.862963166961,315.8582620419911,315.84107458399376,315.84107458399376,317.44330433401046,t,1.5928242090158165,None,02,001,2025-10-29_23h51.31.214,delay discounting,,2025.1.1,119.96197207252852,2025-10-29 23h51.36.829476 +0530,
13,56,21,66,66,0,l,4.5879198340117,None,0,66,66,47,317.45896245900076,,317.45019558398053,317.45896245900076,318.4583676669863,318.4411234589643,318.4411234589643,323.0324789999868,l,4.5879198340117,None,02,001,2025-10-29_23h51.31.214,delay discounting,,2025.1.1,119.96197207252852,2025-10-29 23h51.36.829476 +0530,
36,55,5,67,67,0,l,2.015823249996174,None,0,67,67,24,323.04708041698905,,323.03915108396905,323.04708041698905,324.04193691699766,324.02489783399506,324.02489783399506,326.04369079199387,l,2.015823249996174,None,02,001,2025-10-29_23h51.31.214,delay discounting,,2025.1.1,119.96197207252852,2025-10-29 23h51.36.829476 +0530,
57,74,5,68,68,0,l,1.7862323339795694,None,0,68,68,25,326.0605071670143,,326.05128387501463,326.0605071670143,327.0582287089783,327.0415232089581,327.0415232089581,328.83354312495794,l,1.7862323339795694,None,02,001,2025-10-29_23h51.31.214,delay discounting,,2025.1.1,119.96197207252852,2025-10-29 23h51.36.829476 +0530,
82,88,14,69,69,0,t,1.4483185010030866,None,0,69,69,44,328.84781162498984,,328.84000224998454,328.84781162498984,329.84163999999873,329.83348433399806,329.83348433399806,331.2831917919684,t,1.4483185010030866,None,02,001,2025-10-29_23h51.31.214,delay discounting,,2025.1.1,119.96197207252852,2025-10-29 23h51.36.829476 +0530,
33,66,30,70,70,0,l,4.048011542006861,None,0,70,70,54,331.2977369999862,,331.28992529195966,331.2977369999862,332.29186533397296,332.27506904199254,332.27506904199254,336.32698379200883,l,4.048011542006861,None,02,001,2025-10-29_23h51.31.214,delay discounting,,2025.1.1,119.96197207252852,2025-10-29 23h51.36.829476 +0530,
38,94,180,71,71,0,t,2.369503917056136,None,0,71,71,79,336.34243349998724,,336.3334864999633,336.34243349998724,337.33241220901255,337.32511095900554,337.32511095900554,339.7003715839819,t,2.369503917056136,None,02,001,2025-10-29_23h51.31.214,delay discounting,,2025.1.1,119.96197207252852,2025-10-29 23h51.36.829476 +0530,
24,69,150,72,72,0,t,1.626675334002357,None,0,72,72,74,339.71376445901114,,339.7061552919913,339.71376445901114,340.7091532499762,340.6919472499867,340.6919472499867,342.32722549996106,t,1.626675334002357,None,02,001,2025-10-29_23h51.31.214,delay discounting,,2025.1.1,119.96197207252852,2025-10-29 23h51.36.829476 +0530,
82,127,330,73,73,0,t,0.9153175840037875,None,0,73,73,95,342.34409279195825,,342.3351814170019,342.34409279195825,343.34248066699365,343.3253583339974,343.3253583339974,344.244357708958,t,0.9153175840037875,None,02,001,2025-10-29_23h51.31.214,delay discounting,,2025.1.1,119.96197207252852,2025-10-29 23h51.36.829476 +0530,
86,123,14,74,74,0,l,2.484561624994967,None,0,74,74,45,344.25935091701103,,344.250643708976,344.25935091701103,345.2488860840094,345.24210687499726,345.24210687499726,347.7340712500154,l,2.484561624994967,None,02,001,2025-10-29_23h51.31.214,delay discounting,,2025.1.1,119.96197207252852,2025-10-29 23h51.36.829476 +0530,
78,80,162,75,75,0,t,6.167871458048467,None,0,75,75,6,347.74868062499445,,347.7408259169897,347.74868062499445,348.742276666977,348.734390958969,348.734390958969,354.91133895900566,t,6.167871458048467,None,02,001,2025-10-29_23h51.31.214,delay discounting,,2025.1.1,119.96197207252852,2025-10-29 23h51.36.829476 +0530,
59,77,14,76,76,0,t,4.5765571250231005,None,0,76,76,42,354.92790904198773,,354.91870358400047,354.92790904198773,355.9260530419997,355.90918049996253,355.90918049996253,360.494636666961,t,4.5765571250231005,None,02,001,2025-10-29_23h51.31.214,delay discounting,,2025.1.1,119.96197207252852,2025-10-29 23h51.36.829476 +0530,
15,74,5,77,77,0,l,0.9110403750091791,None,0,77,77,22,360.5094835420023,,360.5005802089581,360.5094835420023,361.5000855419785,361.49277050001547,361.49277050001547,362.411503041978,l,0.9110403750091791,None,02,001,2025-10-29_23h51.31.214,delay discounting,,2025.1.1,119.96197207252852,2025-10-29 23h51.36.829476 +0530,
7,49,21,78,78,0,t,5.927773958013859,None,0,78,78,46,362.4262034589774,,362.41611975000706,362.4262034589774,363.4273553339881,363.4106480840128,363.4106480840128,369.34564883395797,t,5.927773958013859,None,02,001,2025-10-29_23h51.31.214,delay discounting,,2025.1.1,119.96197207252852,2025-10-29 23h51.36.829476 +0530,
56,64,120,79,79,0,t,3.9529761250014417,None,0,79,79,71,369.3630240840139,,369.3536209589802,369.3630240840139,370.3601069999859,370.34291808400303,370.34291808400303,374.30168745899573,t,3.9529761250014417,None,02,001,2025-10-29_23h51.31.214,delay discounting,,2025.1.1,119.96197207252852,2025-10-29 23h51.36.829476 +0530,
57,91,5,80,80,0,l,1.080943249980919,None,0,80,80,26,374.31619062495884,,374.30819670896744,374.31619062495884,375.30984029197134,375.3020356670022,375.3020356670022,376.38487158401404,l,1.080943249980919,None,02,001,2025-10-29_23h51.31.214,delay discounting,,2025.1.1,119.96197207252852,2025-10-29 23h51.36.829476 +0530,
61,99,5,81,81,0,l,1.7625630830298178,None,0,81,81,27,376.39831833395874,,376.3907338340068,376.39831833395874,377.39371099998243,377.37654062500224,377.37654062500224,379.1454952089698,l,1.7625630830298178,None,02,001,2025-10-29_23h51.31.214,delay discounting,,2025.1.1,119.96197207252852,2025-10-29 23h51.36.829476 +0530,
61,117,5,82,82,0,l,1.4685364169999957,None,0,82,82,28,379.16109154198784,,379.1522419999819,379.16109154198784,380.16029779199744,380.14339212497,380.14339212497,381.61847979197046,l,1.4685364169999957,None,02,001,2025-10-29_23h51.31.214,delay discounting,,2025.1.1,119.96197207252852,2025-10-29 23h51.36.829476 +0530,
67,73,90,83,83,0,t,0.8559280420304276,None,0,83,83,68,381.63383662496926,,381.6256560420152,381.63383662496926,382.6269895840087,382.61011825001333,382.61011825001333,383.46863887499785,t,0.8559280420304276,None,02,001,2025-10-29_23h51.31.214,delay discounting,,2025.1.1,119.96197207252852,2025-10-29 23h51.36.829476 +0530,
34,91,60,84,84,0,t,1.7566455420455895,None,0,84,84,61,383.4828213339788,,383.47469195898157,383.4828213339788,384.47672974999296,384.468505249999,384.468505249999,386.22852249996504,t,1.7566455420455895,None,02,001,2025-10-29_23h51.31.214,delay discounting,,2025.1.1,119.96197207252852,2025-10-29 23h51.36.829476 +0530,
73,85,3,85,85,0,l,2.3090044589480385,None,0,85,85,17,386.24395083397394,,386.23482708400115,386.24395083397394,387.2342598749674,387.22703416697914,387.22703416697914,389.54572679201374,l,2.3090044589480385,None,02,001,2025-10-29_23h51.31.214,delay discounting,,2025.1.1,119.96197207252852,2025-10-29 23h51.36.829476 +0530,
80,99,3,86,86,0,l,2.4163796250359155,None,0,86,86,18,389.5621245839866,,389.552816084004,389.5621245839866,390.56115058396244,390.543842708983,390.543842708983,392.96283999999287,l,2.4163796250359155,None,02,001,2025-10-29_23h51.31.214,delay discounting,,2025.1.1,119.96197207252852,2025-10-29 23h51.36.829476 +0530,
77,127,14,87,87,0,l,5.525453459005803,None,0,87,87,43,392.9802483340027,,392.9711069170153,392.9802483340027,393.97739362501306,393.9604386250139,393.9604386250139,399.4958479999914,l,5.525453459005803,None,02,001,2025-10-29_23h51.31.214,delay discounting,,2025.1.1,119.96197207252852,2025-10-29 23h51.36.829476 +0530,
31,78,21,88,88,0,l,5.730099583975971,None,0,88,88,49,399.5121127089951,,399.50314258399885,399.5121127089951,400.51116479199845,400.49418041697936,400.49418041697936,406.2300752919982,l,5.730099583975971,None,02,001,2025-10-29_23h51.31.214,delay discounting,,2025.1.1,119.96197207252852,2025-10-29 23h51.36.829476 +0530,
16,69,10,89,89,0,l,4.222062208049465,None,0,89,89,34,406.24943924997933,,406.2394540839596,406.24943924997933,407.24446600000374,407.2278515420039,407.2278515420039,411.453109458962,l,4.222062208049465,None,02,001,2025-10-29_23h51.31.214,delay discounting,,2025.1.1,119.96197207252852,2025-10-29 23h51.36.829476 +0530,
45,53,365,90,90,0,t,1.1769020420033485,None,0,90,90,98,411.4672559169703,,411.4594262089813,411.4672559169703,412.4613804589608,412.45211320900125,412.45211320900125,413.63658416696126,t,1.1769020420033485,None,02,001,2025-10-29_23h51.31.214,delay discounting,,2025.1.1,119.96197207252852,2025-10-29 23h51.36.829476 +0530,
66,103,10,91,91,0,l,3.9822041249717586,None,0,91,91,37,413.6504622499924,,413.64274537499296,413.6504622499924,414.64449049998075,414.6364400839666,414.6364400839666,418.62814691697713,l,3.9822041249717586,None,02,001,2025-10-29_23h51.31.214,delay discounting,,2025.1.1,119.96197207252852,2025-10-29 23h51.36.829476 +0530,
56,78,14,92,92,0,t,2.80364458396798,None,0,92,92,40,418.6438049589633,,418.6347134169773,418.6438049589633,419.6345457090065,419.62013499997556,419.62013499997556,422.43001070898026,t,2.80364458396798,None,02,001,2025-10-29_23h51.31.214,delay discounting,,2025.1.1,119.96197207252852,2025-10-29 23h51.36.829476 +0530,
95,140,21,93,93,0,l,3.5469129170523956,None,0,93,93,52,422.44580937497085,,422.43670608400134,422.44580937497085,423.4349556249799,423.42819708399475,423.42819708399475,426.98054791695904,l,3.5469129170523956,None,02,001,2025-10-29_23h51.31.214,delay discounting,,2025.1.1,119.96197207252852,2025-10-29 23h51.36.829476 +0530,
12,49,10,94,94,0,t,1.6819850000320002,None,0,94,94,33,426.99811162496917,,426.98941412498243,426.99811162496917,427.99557562498376,427.97840691701276,427.97840691701276,429.6638346670079,t,1.6819850000320002,None,02,001,2025-10-29_23h51.31.214,delay discounting,,2025.1.1,119.96197207252852,2025-10-29 23h51.36.829476 +0530,
63,88,1,95,95,0,l,2.0266447920002975,None,0,95,95,8,429.6804695419851,,429.6711064169649,429.6804695419851,430.678928792011,430.66167374997167,430.66167374997167,432.69737358397106,l,2.0266447920002975,None,02,001,2025-10-29_23h51.31.214,delay discounting,,2025.1.1,119.96197207252852,2025-10-29 23h51.36.829476 +0530,
77,115,30,96,96,0,t,3.26973475003615,None,0,96,96,55,432.7136253339704,,432.7047015840071,432.7136253339704,433.7118279999704,433.6952745419694,433.6952745419694,436.97070641699247,t,3.26973475003615,None,02,001,2025-10-29_23h51.31.214,delay discounting,,2025.1.1,119.96197207252852,2025-10-29 23h51.36.829476 +0530,
15,35,13,97,97,0,l,2.4460458339890465,None,0,97,97,1,436.98477024998283,,436.9770193339791,436.98477024998283,437.9792531669955,437.96205395896686,437.96205395896686,440.4141009589657,l,2.4460458339890465,None,02,001,2025-10-29_23h51.31.214,delay discounting,,2025.1.1,119.96197207252852,2025-10-29 23h51.36.829476 +0530,
36,53,330,98,98,0,t,1.1748798750340939,None,0,98,98,92,440.43073412496597,,440.4219008340151,440.43073412496597,441.42935241700616,441.4122179999831,441.4122179999831,442.59770908398787,t,1.1748798750340939,None,02,001,2025-10-29_23h51.31.214,delay discounting,,2025.1.1,119.96197207252852,2025-10-29 23h51.36.829476 +0530,
78,113,210,99,99,0,t,5.129627833957784,None,0,99,99,84,442.61388116696617,,442.6050578340073,442.61388116696617,443.61245329200756,443.5955555840046,443.5955555840046,448.7312159590074,t,5.129627833957784,None,02,001,2025-10-29_23h51.31.214,delay discounting,,2025.1.1,119.96197207252852,2025-10-29 23h51.36.829476 +0530,
