word,colour,stim_condition,correct_resp,stim_wordtype,thisN,thisTrialN,thisRepN,key_resp.keys,key_resp.corr,key_resp.rt,key_resp.duration,trials.thisRepN,trials.thisTrialN,trials.thisN,trials.thisIndex,thisRow.t,notes,Instructions.started,text_2.started,key_resp_2.started,Instructions.stopped,key_resp_2.keys,key_resp_2.rt,key_resp_2.duration,trial.started,fixation.started,fixation.stopped,text.started,key_resp.started,trial.stopped,trials.key_resp.keys,trials.key_resp.corr,trials.key_resp.rt,trials.key_resp.duration,Thank_You.started,text_3.started,text_3.stopped,Thank_You.stopped,participant,session,date,expName,expVersion,psychopyVersion,frameRate,expStart,
,,,,,,,,,,,,,,,,,,0.007323125006223563,0.013731000006373506,0.013731000006373506,5.874940666006296,space,5.602425000004587,None,,,,,,,,,,,,,,,02,001,2025-11-12_21h31.40.774,stroop task,,2025.1.1,None,2025-11-12 21h31.47.214604 +0530,
LOVE,blue,I,b,E,0,0,0,b,1,1.4655521659951773,None,0,0,0,1,5.906909708006424,,,,,,,,,5.895846666004218,5.906909708006424,6.369521208005608,6.369521208005608,6.369521208005608,7.845484833000228,b,1,1.4655521659951773,None,,,,,02,001,2025-11-12_21h31.40.774,stroop task,,2025.1.1,None,2025-11-12 21h31.47.214604 +0530,
ROSE,red,C,r,N,1,1,0,r,1,0.7339567080052802,None,0,1,1,34,7.858511291000468,,,,,,,,,7.850450958001602,7.858511291000468,8.343226875003893,8.343226875003893,8.343226875003893,9.079033791000256,r,1,0.7339567080052802,None,,,,,02,001,2025-11-12_21h31.40.774,stroop task,,2025.1.1,None,2025-11-12 21h31.47.214604 +0530,
DANGER,blue,I,b,E,2,2,0,b,1,1.5673436659999425,None,0,2,2,11,9.096192750002956,,,,,,,,,9.088639041001443,9.096192750002956,9.576798583002528,9.576798583002528,9.576798583002528,11.151882666003075,b,1,1.5673436659999425,None,,,,,02,001,2025-11-12_21h31.40.774,stroop task,,2025.1.1,None,2025-11-12 21h31.47.214604 +0530,
LEAF,green,C,g,N,3,3,0,g,1,1.2663471670020954,None,0,3,3,38,11.165843000002496,,,,,,,,,11.158425083005568,11.165843000002496,11.652872083002876,11.652872083002876,11.652872083002876,12.92913629100076,g,1,1.2663471670020954,None,,,,,02,001,2025-11-12_21h31.40.774,stroop task,,2025.1.1,None,2025-11-12 21h31.47.214604 +0530,
LOVE,red,C,r,E,4,4,0,r,1,0.9199149160049274,None,0,4,4,0,12.942417875005049,,,,,,,,,12.934117333003087,12.942417875005049,13.426243958005216,13.426243958005216,13.426243958005216,14.351784083002713,r,1,0.9199149160049274,None,,,,,02,001,2025-11-12_21h31.40.774,stroop task,,2025.1.1,None,2025-11-12 21h31.47.214604 +0530,
DANGER,red,C,r,E,5,5,0,r,1,1.2317913739971118,None,0,5,5,10,14.363839416000701,,,,,,,,,14.356825041002594,14.363839416000701,14.852475666004466,14.852475666004466,14.852475666004466,16.095742541001528,r,1,1.2317913739971118,None,,,,,02,001,2025-11-12_21h31.40.774,stroop task,,2025.1.1,None,2025-11-12 21h31.47.214604 +0530,
CALM,blue,C,b,E,6,6,0,b,1,0.6717020829964895,None,0,6,6,18,16.124491916001716,,,,,,,,,16.102708375001384,16.124491916001716,16.593625416004215,16.593625416004215,16.593625416004215,17.268492250004783,b,1,0.6717020829964895,None,,,,,02,001,2025-11-12_21h31.40.774,stroop task,,2025.1.1,None,2025-11-12 21h31.47.214604 +0530,
DISGUST,blue,I,b,E,7,7,0,b,1,1.1110867080060416,None,0,7,7,17,17.281872750005277,,,,,,,,,17.27517216600245,17.281872750005277,17.769258666005044,17.769258666005044,17.769258666005044,18.885494000001927,b,1,1.1110867080060416,None,,,,,02,001,2025-11-12_21h31.40.774,stroop task,,2025.1.1,None,2025-11-12 21h31.47.214604 +0530,
BALL,green,I,g,N,8,8,0,g,1,0.7022139160035294,None,0,8,8,31,18.896819041001436,,,,,,,,,18.889881000002788,18.896819041001436,19.386143083000206,19.386143083000206,19.386143083000206,20.095691333001014,g,1,0.7022139160035294,None,,,,,02,001,2025-11-12_21h31.40.774,stroop task,,2025.1.1,None,2025-11-12 21h31.47.214604 +0530,
BUS,yellow,C,y,N,9,9,0,y,1,0.5242733740014955,None,0,9,9,36,20.109506000000692,,,,,,,,,20.10138191599981,20.109506000000692,20.597082208005304,20.597082208005304,20.597082208005304,21.128841375000775,y,1,0.5242733740014955,None,,,,,02,001,2025-11-12_21h31.40.774,stroop task,,2025.1.1,None,2025-11-12 21h31.47.214604 +0530,
HAPPINESS,yellow,C,y,E,10,10,0,y,1,0.9611610409992863,None,0,10,10,14,21.142993541005126,,,,,,,,,21.13537029100553,21.142993541005126,21.62717295800394,21.62717295800394,21.62717295800394,22.595489040999382,y,1,0.9611610409992863,None,,,,,02,001,2025-11-12_21h31.40.774,stroop task,,2025.1.1,None,2025-11-12 21h31.47.214604 +0530,
JOY,yellow,C,y,E,11,11,0,y,1,0.6002216249980847,None,0,11,11,4,22.60867033300019,,,,,,,,,22.601014166000823,22.60867033300019,23.087062791004428,23.087062791004428,23.087062791004428,23.695977125003992,y,1,0.6002216249980847,None,,,,,02,001,2025-11-12_21h31.40.774,stroop task,,2025.1.1,None,2025-11-12 21h31.47.214604 +0530,
PEACE,red,I,r,E,12,12,0,r,1,0.9374793750030221,None,0,12,12,3,23.708829625000362,,,,,,,,,23.701166708000528,23.708829625000362,24.193954125003074,24.193954125003074,24.193954125003074,25.135485250000784,r,1,0.9374793750030221,None,,,,,02,001,2025-11-12_21h31.40.774,stroop task,,2025.1.1,None,2025-11-12 21h31.47.214604 +0530,
JOY,red,I,r,E,13,13,0,y,0,0.7655005829947186,None,0,13,13,5,25.147116041000118,,,,,,,,,25.139728833004483,25.147116041000118,25.63686412500101,25.63686412500101,25.63686412500101,26.412616541005264,y,0,0.7655005829947186,None,,,,,02,001,2025-11-12_21h31.40.774,stroop task,,2025.1.1,None,2025-11-12 21h31.47.214604 +0530,
SAFETY,yellow,I,r,E,14,14,0,y,0,0.9348267079985817,None,0,14,14,13,26.42564270800358,,,,,,,,,26.418091166000522,26.42564270800358,26.910589916005847,26.910589916005847,26.910589916005847,27.852662458004488,y,0,0.9348267079985817,None,,,,,02,001,2025-11-12_21h31.40.774,stroop task,,2025.1.1,None,2025-11-12 21h31.47.214604 +0530,
GRASS,green,C,g,N,15,15,0,g,1,0.6491117499972461,None,0,15,15,22,27.864200250005524,,,,,,,,,27.85764187500172,27.864200250005524,28.352406583006086,28.352406583006086,28.352406583006086,29.01292462499987,g,1,0.6491117499972461,None,,,,,02,001,2025-11-12_21h31.40.774,stroop task,,2025.1.1,None,2025-11-12 21h31.47.214604 +0530,
SKY,red,I,r,N,16,16,0,r,1,1.204442583002674,None,0,16,16,21,29.026635500005796,,,,,,,,,29.019169458006218,29.026635500005796,29.511011500006134,29.511011500006134,29.511011500006134,30.718717125004332,r,1,1.204442583002674,None,,,,,02,001,2025-11-12_21h31.40.774,stroop task,,2025.1.1,None,2025-11-12 21h31.47.214604 +0530,
SADNESS,blue,C,b,E,17,17,0,b,1,0.7604468750068918,None,0,17,17,8,30.731140916002914,,,,,,,,,30.724077916005626,30.731140916002914,31.21111883300182,31.21111883300182,31.21111883300182,31.97977300000639,b,1,0.7604468750068918,None,,,,,02,001,2025-11-12_21h31.40.774,stroop task,,2025.1.1,None,2025-11-12 21h31.47.214604 +0530,
PEN,yellow,I,y,N,18,18,0,y,1,0.9241763750032987,None,0,18,18,33,31.99259654100024,,,,,,,,,31.984771000003093,31.99259654100024,32.47716008300631,32.47716008300631,32.47716008300631,33.41291000000638,y,1,0.9241763750032987,None,,,,,02,001,2025-11-12_21h31.40.774,stroop task,,2025.1.1,None,2025-11-12 21h31.47.214604 +0530,
ANGER,red,C,r,E,19,19,0,r,1,1.1935693330015056,None,0,19,19,6,33.42630466600531,,,,,,,,,33.41846550000628,33.42630466600531,33.91091558300104,33.91091558300104,33.91091558300104,35.11306054099987,r,1,1.1935693330015056,None,,,,,02,001,2025-11-12_21h31.40.774,stroop task,,2025.1.1,None,2025-11-12 21h31.47.214604 +0530,
SADNESS,green,I,g,E,20,20,0,g,1,1.0600801239997963,None,0,20,20,9,35.12582412500342,,,,,,,,,35.11816604100022,35.12582412500342,35.61033258300449,35.61033258300449,35.61033258300449,36.67978774999938,g,1,1.0600801239997963,None,,,,,02,001,2025-11-12_21h31.40.774,stroop task,,2025.1.1,None,2025-11-12 21h31.47.214604 +0530,
TREE,green,C,g,N,21,21,0,g,1,0.6979037490018527,None,0,21,21,26,36.692386041002464,,,,,,,,,36.68476658300642,36.692386041002464,37.17770750000636,37.17770750000636,37.17770750000636,37.88034183300624,g,1,0.6979037490018527,None,,,,,02,001,2025-11-12_21h31.40.774,stroop task,,2025.1.1,None,2025-11-12 21h31.47.214604 +0530,
SKY,blue,C,b,N,22,22,0,b,1,1.0060334989975672,None,0,22,22,20,37.8944259580021,,,,,,,,,37.88489933300298,37.8944259580021,38.37766258299962,38.37766258299962,38.37766258299962,39.386127916004625,b,1,1.0060334989975672,None,,,,,02,001,2025-11-12_21h31.40.774,stroop task,,2025.1.1,None,2025-11-12 21h31.47.214604 +0530,
RIVER,blue,C,b,N,23,23,0,b,1,0.5592782500025351,None,0,23,23,28,39.3982100409994,,,,,,,,,39.391507791006006,39.3982100409994,39.8873042080013,39.8873042080013,39.8873042080013,40.451911916003155,b,1,0.5592782500025351,None,,,,,02,001,2025-11-12_21h31.40.774,stroop task,,2025.1.1,None,2025-11-12 21h31.47.214604 +0530,
ROSE,blue,I,b,N,24,24,0,b,1,0.9951142909994815,None,0,24,24,35,40.46349525000551,,,,,,,,,40.45575083300355,40.46349525000551,40.94455087499955,40.94455087499955,40.94455087499955,41.94700112500141,b,1,0.9951142909994815,None,,,,,02,001,2025-11-12_21h31.40.774,stroop task,,2025.1.1,None,2025-11-12 21h31.47.214604 +0530,
TREE,red,I,r,N,25,25,0,g,0,1.2099789580024662,None,0,25,25,27,41.961279958006344,,,,,,,,,41.95271412500006,41.961279958006344,42.44371108300402,42.44371108300402,42.44371108300402,43.66365141600545,g,0,1.2099789580024662,None,,,,,02,001,2025-11-12_21h31.40.774,stroop task,,2025.1.1,None,2025-11-12 21h31.47.214604 +0530,
SUN,yellow,C,y,N,26,26,0,y,1,0.6714670420042239,None,0,26,26,24,43.6766835830058,,,,,,,,,43.66868937500112,43.6766835830058,44.16120954100188,44.16120954100188,44.16120954100188,44.836003374999564,y,1,0.6714670420042239,None,,,,,02,001,2025-11-12_21h31.40.774,stroop task,,2025.1.1,None,2025-11-12 21h31.47.214604 +0530,
GRASS,blue,I,b,N,27,27,0,b,1,1.0152363750021323,None,0,27,27,23,44.848622583005636,,,,,,,,,44.84188720800012,44.848622583005636,45.337439250004536,45.337439250004536,45.337439250004536,46.36332383300032,b,1,1.0152363750021323,None,,,,,02,001,2025-11-12_21h31.40.774,stroop task,,2025.1.1,None,2025-11-12 21h31.47.214604 +0530,
ANGER,yellow,I,y,E,28,28,0,y,1,1.07838533299946,None,0,28,28,7,46.37583995800378,,,,,,,,,46.368228875006025,46.37583995800378,46.861340957999346,46.861340957999346,46.861340957999346,47.94680691599933,y,1,1.07838533299946,None,,,,,02,001,2025-11-12_21h31.40.774,stroop task,,2025.1.1,None,2025-11-12 21h31.47.214604 +0530,
DISGUST,green,C,g,E,29,29,0,g,1,0.8397881240016432,None,0,29,29,16,47.96060641600343,,,,,,,,,47.95285637500638,47.96060641600343,48.44500937500561,48.44500937500561,48.44500937500561,49.28660200000013,g,1,0.8397881240016432,None,,,,,02,001,2025-11-12_21h31.40.774,stroop task,,2025.1.1,None,2025-11-12 21h31.47.214604 +0530,
HAPPINESS,green,I,g,E,30,30,0,g,1,0.7983424170015496,None,0,30,30,15,49.29866037500324,,,,,,,,,49.29207700000552,49.29866037500324,49.78740104100143,49.78740104100143,49.78740104100143,50.597028500000306,g,1,0.7983424170015496,None,,,,,02,001,2025-11-12_21h31.40.774,stroop task,,2025.1.1,None,2025-11-12 21h31.47.214604 +0530,
CALM,red,I,y,E,31,31,0,r,0,0.704794707999099,None,0,31,31,19,50.609445875001256,,,,,,,,,50.601641375003965,50.609445875001256,51.09500745800324,51.09500745800324,51.09500745800324,51.80275695800083,r,0,0.704794707999099,None,,,,,02,001,2025-11-12_21h31.40.774,stroop task,,2025.1.1,None,2025-11-12 21h31.47.214604 +0530,
BALL,red,C,r,N,32,32,0,r,1,0.6562084580000374,None,0,32,32,30,51.81474341600551,,,,,,,,,51.806811791000655,51.81474341600551,52.30461483300314,52.30461483300314,52.30461483300314,52.96354108300147,r,1,0.6562084580000374,None,,,,,02,001,2025-11-12_21h31.40.774,stroop task,,2025.1.1,None,2025-11-12 21h31.47.214604 +0530,
LEAF,blue,I,b,N,33,33,0,b,1,1.087417832997744,None,0,33,33,39,52.97586170800059,,,,,,,,,52.96814275000361,52.97586170800059,53.4614490410022,53.4614490410022,53.4614490410022,54.55327245800436,b,1,1.087417832997744,None,,,,,02,001,2025-11-12_21h31.40.774,stroop task,,2025.1.1,None,2025-11-12 21h31.47.214604 +0530,
PEN,blue,C,b,N,34,34,0,b,1,0.5420919579992187,None,0,34,34,32,54.564860500002396,,,,,,,,,54.55788162500539,54.564860500002396,55.05464212500374,55.05464212500374,55.05464212500374,55.60265683300531,b,1,0.5420919579992187,None,,,,,02,001,2025-11-12_21h31.40.774,stroop task,,2025.1.1,None,2025-11-12 21h31.47.214604 +0530,
RIVER,yellow,I,y,N,35,35,0,y,1,0.7263855830024113,None,0,35,35,29,55.61501125000359,,,,,,,,,55.60699787500198,55.61501125000359,56.09543941599986,56.09543941599986,56.09543941599986,56.8308248329995,y,1,0.7263855830024113,None,,,,,02,001,2025-11-12_21h31.40.774,stroop task,,2025.1.1,None,2025-11-12 21h31.47.214604 +0530,
PEACE,blue,C,b,E,36,36,0,b,1,1.818048875000386,None,0,36,36,2,56.84438970799965,,,,,,,,,56.83667945799971,56.84438970799965,57.327787375004846,57.327787375004846,57.327787375004846,59.15378495800542,b,1,1.818048875000386,None,,,,,02,001,2025-11-12_21h31.40.774,stroop task,,2025.1.1,None,2025-11-12 21h31.47.214604 +0530,
SUN,green,I,g,N,37,37,0,g,1,2.2259822500054725,None,0,37,37,25,59.16601520800032,,,,,,,,,59.15885625000374,59.16601520800032,59.65487541600305,59.65487541600305,59.65487541600305,61.886421208000684,g,1,2.2259822500054725,None,,,,,02,001,2025-11-12_21h31.40.774,stroop task,,2025.1.1,None,2025-11-12 21h31.47.214604 +0530,
BUS,green,I,g,N,38,38,0,g,1,0.6997551239983295,None,0,38,38,37,61.89844670800085,,,,,,,,,61.89061237500573,61.89844670800085,62.38814520800224,62.38814520800224,62.38814520800224,63.097830458005774,g,1,0.6997551239983295,None,,,,,02,001,2025-11-12_21h31.40.774,stroop task,,2025.1.1,None,2025-11-12 21h31.47.214604 +0530,
SAFETY,green,C,g,E,39,39,0,g,1,1.3264727920031874,None,0,39,39,12,63.111511540999345,,,,,,,,,63.10372400000051,63.111511540999345,63.59549837500526,63.59549837500526,63.59549837500526,64.93090329100232,g,1,1.3264727920031874,None,,,,,02,001,2025-11-12_21h31.40.774,stroop task,,2025.1.1,None,2025-11-12 21h31.47.214604 +0530,
DANGER,red,C,r,E,40,0,1,r,1,0.6893404169968562,None,1,0,40,10,64.9440101250002,,,,,,,,,64.93633233300352,64.9440101250002,65.4287336250054,65.4287336250054,65.4287336250054,66.12076241600153,r,1,0.6893404169968562,None,,,,,02,001,2025-11-12_21h31.40.774,stroop task,,2025.1.1,None,2025-11-12 21h31.47.214604 +0530,
ANGER,red,C,r,E,41,1,1,r,1,0.8728328330034856,None,1,1,41,6,66.13264804100618,,,,,,,,,66.12584350000543,66.13264804100618,66.62215291600296,66.62215291600296,66.62215291600296,67.49751083300362,r,1,0.8728328330034856,None,,,,,02,001,2025-11-12_21h31.40.774,stroop task,,2025.1.1,None,2025-11-12 21h31.47.214604 +0530,
SUN,green,I,g,N,42,2,1,g,1,1.1336989579940564,None,1,2,42,25,67.50956995800516,,,,,,,,,67.50167183300073,67.50956995800516,67.99541954100278,67.99541954100278,67.99541954100278,69.13101245800499,g,1,1.1336989579940564,None,,,,,02,001,2025-11-12_21h31.40.774,stroop task,,2025.1.1,None,2025-11-12 21h31.47.214604 +0530,
SAFETY,yellow,I,r,E,43,3,1,y,0,1.8212569579991396,None,1,3,43,13,69.1448424160044,,,,,,,,,69.13690100000531,69.1448424160044,69.62880791600037,69.62880791600037,69.62880791600037,71.45397191600205,y,0,1.8212569579991396,None,,,,,02,001,2025-11-12_21h31.40.774,stroop task,,2025.1.1,None,2025-11-12 21h31.47.214604 +0530,
PEN,yellow,I,y,N,44,4,1,y,1,1.294753333000699,None,1,4,44,33,71.46559300000081,,,,,,,,,71.45904358300322,71.46559300000081,71.95536520799942,71.95536520799942,71.95536520799942,73.25400433300092,y,1,1.294753333000699,None,,,,,02,001,2025-11-12_21h31.40.774,stroop task,,2025.1.1,None,2025-11-12 21h31.47.214604 +0530,
SADNESS,blue,C,b,E,45,5,1,b,1,1.0464949580054963,None,1,5,45,8,73.26656225000625,,,,,,,,,73.25947941600316,73.26656225000625,73.75561620799999,73.75561620799999,73.75561620799999,74.80374712500634,b,1,1.0464949580054963,None,,,,,02,001,2025-11-12_21h31.40.774,stroop task,,2025.1.1,None,2025-11-12 21h31.47.214604 +0530,
PEACE,red,I,r,E,46,6,1,r,1,0.5949475829984294,None,1,6,46,3,74.8155722080046,,,,,,,,,74.80870941600006,74.8155722080046,75.3051670000059,75.3051670000059,75.3051670000059,75.90359466600057,r,1,0.5949475829984294,None,,,,,02,001,2025-11-12_21h31.40.774,stroop task,,2025.1.1,None,2025-11-12 21h31.47.214604 +0530,
SADNESS,green,I,g,E,47,7,1,b,0,0.8427410410004086,None,1,7,47,9,75.91543783300585,,,,,,,,,75.90833283300162,75.91543783300585,76.40533741599938,76.40533741599938,76.40533741599938,77.25368991600408,b,0,0.8427410410004086,None,,,,,02,001,2025-11-12_21h31.40.774,stroop task,,2025.1.1,None,2025-11-12 21h31.47.214604 +0530,
BUS,green,I,g,N,48,8,1,b,0,0.5549683330027619,None,1,8,48,37,77.26564579100523,,,,,,,,,77.2586022079995,77.26564579100523,77.75632354100526,77.75632354100526,77.75632354100526,78.31458516600105,b,0,0.5549683330027619,None,,,,,02,001,2025-11-12_21h31.40.774,stroop task,,2025.1.1,None,2025-11-12 21h31.47.214604 +0530,
SAFETY,green,C,g,E,49,9,1,g,1,0.8556603749966598,None,1,9,49,12,78.32774800000334,,,,,,,,,78.32004587499978,78.32774800000334,78.81248258300184,78.81248258300184,78.81248258300184,79.67028745800053,g,1,0.8556603749966598,None,,,,,02,001,2025-11-12_21h31.40.774,stroop task,,2025.1.1,None,2025-11-12 21h31.47.214604 +0530,
JOY,yellow,C,y,E,50,10,1,y,1,0.582491207998828,None,1,10,50,4,79.68220179100172,,,,,,,,,79.6746285410045,79.68220179100172,80.1716064160064,80.1716064160064,80.1716064160064,80.76445529100602,y,1,0.582491207998828,None,,,,,02,001,2025-11-12_21h31.40.774,stroop task,,2025.1.1,None,2025-11-12 21h31.47.214604 +0530,
RIVER,yellow,I,y,N,51,11,1,y,1,0.512768499997037,None,1,11,51,29,80.7767567080009,,,,,,,,,80.7693670410008,80.7767567080009,81.26252012500481,81.26252012500481,81.26252012500481,81.78127991600195,y,1,0.512768499997037,None,,,,,02,001,2025-11-12_21h31.40.774,stroop task,,2025.1.1,None,2025-11-12 21h31.47.214604 +0530,
SKY,blue,C,b,N,52,12,1,b,1,0.7159778330023983,None,1,12,52,20,81.7949457499999,,,,,,,,,81.78710904100444,81.7949457499999,82.27929991600104,82.27929991600104,82.27929991600104,82.9981526660049,b,1,0.7159778330023983,None,,,,,02,001,2025-11-12_21h31.40.774,stroop task,,2025.1.1,None,2025-11-12 21h31.47.214604 +0530,
DISGUST,blue,I,b,E,53,13,1,b,1,0.5663582080014748,None,1,13,53,17,83.01174304100277,,,,,,,,,83.00417587500124,83.01174304100277,83.49595104100445,83.49595104100445,83.49595104100445,84.06499566600542,b,1,0.5663582080014748,None,,,,,02,001,2025-11-12_21h31.40.774,stroop task,,2025.1.1,None,2025-11-12 21h31.47.214604 +0530,
SUN,yellow,C,y,N,54,14,1,y,1,0.6946637500004726,None,1,14,54,24,84.07823800000187,,,,,,,,,84.0706373330031,84.07823800000187,84.56262087500363,84.56262087500363,84.56262087500363,85.26480320800329,y,1,0.6946637500004726,None,,,,,02,001,2025-11-12_21h31.40.774,stroop task,,2025.1.1,None,2025-11-12 21h31.47.214604 +0530,
LEAF,blue,I,b,N,55,15,1,b,1,0.8095574170001782,None,1,15,55,39,85.27701962500578,,,,,,,,,85.2695940410049,85.27701962500578,85.76271479100251,85.76271479100251,85.76271479100251,86.58195904100285,b,1,0.8095574170001782,None,,,,,02,001,2025-11-12_21h31.40.774,stroop task,,2025.1.1,None,2025-11-12 21h31.47.214604 +0530,
JOY,red,I,r,E,56,16,1,r,1,1.158692417004204,None,1,16,56,5,86.5952512080039,,,,,,,,,86.58764191600494,86.5952512080039,87.07952533299976,87.07952533299976,87.07952533299976,88.24826920800115,r,1,1.158692417004204,None,,,,,02,001,2025-11-12_21h31.40.774,stroop task,,2025.1.1,None,2025-11-12 21h31.47.214604 +0530,
CALM,blue,C,b,E,57,17,1,b,1,1.0330824999982724,None,1,17,57,18,88.26087129100051,,,,,,,,,88.25307066600362,88.26087129100051,88.746279125,88.746279125,88.746279125,89.7814612910006,b,1,1.0330824999982724,None,,,,,02,001,2025-11-12_21h31.40.774,stroop task,,2025.1.1,None,2025-11-12 21h31.47.214604 +0530,
BALL,green,I,g,N,58,18,1,g,1,2.105769041001622,None,1,18,58,31,89.79408758300269,,,,,,,,,89.78657654100243,89.79408758300269,90.27956720800285,90.27956720800285,90.27956720800285,92.38745337500586,g,1,2.105769041001622,None,,,,,02,001,2025-11-12_21h31.40.774,stroop task,,2025.1.1,None,2025-11-12 21h31.47.214604 +0530,
BALL,red,C,r,N,59,19,1,g,0,0.5317646670009708,None,1,19,59,30,92.39603325000644,,,,,,,,,92.38852266600588,92.39603325000644,92.88864950000425,92.88864950000425,92.88864950000425,93.43179545800376,g,0,0.5317646670009708,None,,,,,02,001,2025-11-12_21h31.40.774,stroop task,,2025.1.1,None,2025-11-12 21h31.47.214604 +0530,
LOVE,blue,I,b,E,60,20,1,b,1,0.8023888329989859,None,1,20,60,1,93.44459554100467,,,,,,,,,93.4367435000022,93.44459554100467,93.92995083300048,93.92995083300048,93.92995083300048,94.7372843330013,b,1,0.8023888329989859,None,,,,,02,001,2025-11-12_21h31.40.774,stroop task,,2025.1.1,None,2025-11-12 21h31.47.214604 +0530,
SKY,red,I,r,N,61,21,1,r,1,1.103736040997319,None,1,21,61,21,94.74931304100028,,,,,,,,,94.74126979100402,94.74931304100028,95.23877062500105,95.23877062500105,95.23877062500105,96.34840658300527,r,1,1.103736040997319,None,,,,,02,001,2025-11-12_21h31.40.774,stroop task,,2025.1.1,None,2025-11-12 21h31.47.214604 +0530,
CALM,red,I,y,E,62,22,1,r,0,0.8321025830009603,None,1,22,62,19,96.36053283300134,,,,,,,,,96.35308137500397,96.36053283300134,96.846444625,96.846444625,96.846444625,97.6817889160011,r,0,0.8321025830009603,None,,,,,02,001,2025-11-12_21h31.40.774,stroop task,,2025.1.1,None,2025-11-12 21h31.47.214604 +0530,
TREE,green,C,g,N,63,23,1,g,1,0.5235026669979561,None,1,23,63,26,97.69398025000555,,,,,,,,,97.68630766600108,97.69398025000555,98.17997562500386,98.17997562500386,98.17997562500386,98.7152147500019,g,1,0.5235026669979561,None,,,,,02,001,2025-11-12_21h31.40.774,stroop task,,2025.1.1,None,2025-11-12 21h31.47.214604 +0530,
DISGUST,green,C,g,E,64,24,1,g,1,0.4521273329955875,None,1,24,64,16,98.72867195800063,,,,,,,,,98.72114820800198,98.72867195800063,99.21322508300364,99.21322508300364,99.21322508300364,99.67157391600631,g,1,0.4521273329955875,None,,,,,02,001,2025-11-12_21h31.40.774,stroop task,,2025.1.1,None,2025-11-12 21h31.47.214604 +0530,
PEN,blue,C,b,N,65,25,1,b,1,0.6537607909995131,None,1,25,65,32,99.68308541599981,,,,,,,,,99.67581258300197,99.68308541599981,100.17288575000566,100.17288575000566,100.17288575000566,100.83185870799934,b,1,0.6537607909995131,None,,,,,02,001,2025-11-12_21h31.40.774,stroop task,,2025.1.1,None,2025-11-12 21h31.47.214604 +0530,
RIVER,blue,C,b,N,66,26,1,b,1,0.7005307080034981,None,1,26,66,28,100.84436254100001,,,,,,,,,100.83673037500557,100.84436254100001,101.32988808300433,101.32988808300433,101.32988808300433,102.03192408299947,b,1,0.7005307080034981,None,,,,,02,001,2025-11-12_21h31.40.774,stroop task,,2025.1.1,None,2025-11-12 21h31.47.214604 +0530,
BUS,yellow,C,y,N,67,27,1,y,1,0.5445196250002482,None,1,27,67,36,102.04437666600279,,,,,,,,,102.03681795800367,102.04437666600279,102.5299656250063,102.5299656250063,102.5299656250063,103.08223604100203,y,1,0.5445196250002482,None,,,,,02,001,2025-11-12_21h31.40.774,stroop task,,2025.1.1,None,2025-11-12 21h31.47.214604 +0530,
DANGER,blue,I,b,E,68,28,1,b,1,0.7165652490002685,None,1,28,68,11,103.093435666,,,,,,,,,103.08607279100397,103.093435666,103.57999112499965,103.57999112499965,103.57999112499965,104.29869012500421,b,1,0.7165652490002685,None,,,,,02,001,2025-11-12_21h31.40.774,stroop task,,2025.1.1,None,2025-11-12 21h31.47.214604 +0530,
ANGER,yellow,I,y,E,69,29,1,y,1,0.86980112400488,None,1,29,69,7,104.31352216600499,,,,,,,,,104.30592683300347,104.31352216600499,104.79669129100512,104.79669129100512,104.79669129100512,105.67144858300162,y,1,0.86980112400488,None,,,,,02,001,2025-11-12_21h31.40.774,stroop task,,2025.1.1,None,2025-11-12 21h31.47.214604 +0530,
LEAF,green,C,g,N,70,30,1,g,1,0.6735481659998186,None,1,30,70,38,105.68313579100504,,,,,,,,,105.6761743330062,105.68313579100504,106.17304262499965,106.17304262499965,106.17304262499965,106.84876200000144,g,1,0.6735481659998186,None,,,,,02,001,2025-11-12_21h31.40.774,stroop task,,2025.1.1,None,2025-11-12 21h31.47.214604 +0530,
ROSE,red,C,r,N,71,31,1,r,1,0.7063618329993915,None,1,31,71,34,106.86075145799987,,,,,,,,,106.8533209160014,106.86075145799987,107.34720966600435,107.34720966600435,107.34720966600435,108.0655130830055,r,1,0.7063618329993915,None,,,,,02,001,2025-11-12_21h31.40.774,stroop task,,2025.1.1,None,2025-11-12 21h31.47.214604 +0530,
HAPPINESS,yellow,C,y,E,72,32,1,y,1,0.9822211249993416,None,1,32,72,14,108.07875929100555,,,,,,,,,108.07139341600123,108.07875929100555,108.56344516600075,108.56344516600075,108.56344516600075,109.54884466600197,y,1,0.9822211249993416,None,,,,,02,001,2025-11-12_21h31.40.774,stroop task,,2025.1.1,None,2025-11-12 21h31.47.214604 +0530,
HAPPINESS,green,I,g,E,73,33,1,g,1,0.8245579579961486,None,1,33,73,15,109.55828345800546,,,,,,,,,109.54988341600256,109.55828345800546,110.04699866600276,110.04699866600276,110.04699866600276,110.88246395800525,g,1,0.8245579579961486,None,,,,,02,001,2025-11-12_21h31.40.774,stroop task,,2025.1.1,None,2025-11-12 21h31.47.214604 +0530,
GRASS,green,C,g,N,74,34,1,g,1,0.7101966659975005,None,1,34,74,22,110.89519016600389,,,,,,,,,110.88767629100039,110.89519016600389,111.38037125000119,111.38037125000119,111.38037125000119,112.09933079100301,g,1,0.7101966659975005,None,,,,,02,001,2025-11-12_21h31.40.774,stroop task,,2025.1.1,None,2025-11-12 21h31.47.214604 +0530,
LOVE,red,C,r,E,75,35,1,r,1,0.6546658750012284,None,1,35,75,0,112.11245550000604,,,,,,,,,112.10467841600621,112.11245550000604,112.59697683300328,112.59697683300328,112.59697683300328,113.25510325000505,r,1,0.6546658750012284,None,,,,,02,001,2025-11-12_21h31.40.774,stroop task,,2025.1.1,None,2025-11-12 21h31.47.214604 +0530,
GRASS,blue,I,b,N,76,36,1,b,1,0.922752833001141,None,1,36,76,23,113.26688387500326,,,,,,,,,113.26025579099951,113.26688387500326,113.75592775000405,113.75592775000405,113.75592775000405,114.6823915000059,b,1,0.922752833001141,None,,,,,02,001,2025-11-12_21h31.40.774,stroop task,,2025.1.1,None,2025-11-12 21h31.47.214604 +0530,
PEACE,blue,C,b,E,77,37,1,b,1,0.7074544999995851,None,1,37,77,2,114.69540154100105,,,,,,,,,114.68781495800067,114.69540154100105,115.18022220800049,115.18022220800049,115.18022220800049,115.8990859580008,b,1,0.7074544999995851,None,,,,,02,001,2025-11-12_21h31.40.774,stroop task,,2025.1.1,None,2025-11-12 21h31.47.214604 +0530,
ROSE,blue,I,b,N,78,38,1,b,1,0.9887073739955667,None,1,38,78,35,115.91125083299994,,,,,,,,,115.90376766600093,115.91125083299994,116.39705675000005,116.39705675000005,116.39705675000005,117.38863837499957,b,1,0.9887073739955667,None,,,,,02,001,2025-11-12_21h31.40.774,stroop task,,2025.1.1,None,2025-11-12 21h31.47.214604 +0530,
TREE,red,I,r,N,79,39,1,g,0,0.670604083003127,None,1,39,79,27,117.40025612500176,,,,,,,,,117.39324429100088,117.40025612500176,117.8902340410059,117.8902340410059,117.8902340410059,118.56599270800507,g,0,0.670604083003127,None,,,,,02,001,2025-11-12_21h31.40.774,stroop task,,2025.1.1,None,2025-11-12 21h31.47.214604 +0530,
TREE,red,I,r,N,80,0,2,r,1,0.6928061669968884,None,2,0,80,27,118.57619362500554,,,,,,,,,118.56733512500068,118.57619362500554,119.06381725000392,119.06381725000392,119.06381725000392,119.76610241600429,r,1,0.6928061669968884,None,,,,,02,001,2025-11-12_21h31.40.774,stroop task,,2025.1.1,None,2025-11-12 21h31.47.214604 +0530,
SUN,yellow,C,y,N,81,1,2,y,1,0.7374439999985043,None,2,1,81,24,119.77841375000571,,,,,,,,,119.77086270800646,119.77841375000571,120.26418079100404,120.26418079100404,120.26418079100404,121.00486720800109,y,1,0.7374439999985043,None,,,,,02,001,2025-11-12_21h31.40.774,stroop task,,2025.1.1,None,2025-11-12 21h31.47.214604 +0530,
SKY,red,I,r,N,82,2,2,r,1,0.9967108750061016,None,2,2,82,21,121.01631383300264,,,,,,,,,121.00884095800575,121.01631383300264,121.50707816600334,121.50707816600334,121.50707816600334,122.50567366600444,r,1,0.9967108750061016,None,,,,,02,001,2025-11-12_21h31.40.774,stroop task,,2025.1.1,None,2025-11-12 21h31.47.214604 +0530,
HAPPINESS,yellow,C,y,E,83,3,2,y,1,0.8534299160019145,None,2,3,83,14,122.51786058300058,,,,,,,,,122.5109927500016,122.51786058300058,123.00640604100045,123.00640604100045,123.00640604100045,123.86608758300281,y,1,0.8534299160019145,None,,,,,02,001,2025-11-12_21h31.40.774,stroop task,,2025.1.1,None,2025-11-12 21h31.47.214604 +0530,
HAPPINESS,green,I,g,E,84,4,2,g,1,0.8555589160023374,None,2,4,84,15,123.87568108300184,,,,,,,,,123.86714237500564,123.87568108300184,124.36409566600196,124.36409566600196,124.36409566600196,125.22187708300044,g,1,0.8555589160023374,None,,,,,02,001,2025-11-12_21h31.40.774,stroop task,,2025.1.1,None,2025-11-12 21h31.47.214604 +0530,
ANGER,red,C,r,E,85,5,2,r,1,0.7176299990023836,None,2,5,85,6,125.23385675000463,,,,,,,,,125.22636166600569,125.23385675000463,125.72306550000212,125.72306550000212,125.72306550000212,126.44957358300599,r,1,0.7176299990023836,None,,,,,02,001,2025-11-12_21h31.40.774,stroop task,,2025.1.1,None,2025-11-12 21h31.47.214604 +0530,
DANGER,red,C,r,E,86,6,2,r,1,0.47977716599416453,None,2,6,86,10,126.46161012499942,,,,,,,,,126.45422187499935,126.46161012499942,126.94797341600497,126.94797341600497,126.94797341600497,127.43313720800506,r,1,0.47977716599416453,None,,,,,02,001,2025-11-12_21h31.40.774,stroop task,,2025.1.1,None,2025-11-12 21h31.47.214604 +0530,
ROSE,red,C,r,N,87,7,2,r,1,0.9269807079981547,None,2,7,87,34,127.44746291600313,,,,,,,,,127.43977291600459,127.44746291600313,127.93081950000487,127.93081950000487,127.93081950000487,128.86614241600182,r,1,0.9269807079981547,None,,,,,02,001,2025-11-12_21h31.40.774,stroop task,,2025.1.1,None,2025-11-12 21h31.47.214604 +0530,
SKY,blue,C,b,N,88,8,2,b,1,0.559579249995295,None,2,8,88,20,128.87862025000504,,,,,,,,,128.87092008300533,128.87862025000504,129.364211291002,129.364211291002,129.364211291002,129.93319537500065,b,1,0.559579249995295,None,,,,,02,001,2025-11-12_21h31.40.774,stroop task,,2025.1.1,None,2025-11-12 21h31.47.214604 +0530,
SAFETY,yellow,I,r,E,89,9,2,y,0,0.8168681250026566,None,2,9,89,13,129.9474501250006,,,,,,,,,129.93981862500368,129.9474501250006,130.43098304100567,130.43098304100567,130.43098304100567,131.24974745800137,y,0,0.8168681250026566,None,,,,,02,001,2025-11-12_21h31.40.774,stroop task,,2025.1.1,None,2025-11-12 21h31.47.214604 +0530,
CALM,red,I,y,E,90,10,2,r,0,0.7313302499969723,None,2,10,90,19,131.2621354160001,,,,,,,,,131.25482025000383,131.2621354160001,131.74766791600268,131.74766791600268,131.74766791600268,132.48296016600216,r,0,0.7313302499969723,None,,,,,02,001,2025-11-12_21h31.40.774,stroop task,,2025.1.1,None,2025-11-12 21h31.47.214604 +0530,
SADNESS,blue,C,b,E,91,11,2,b,1,1.364048666000599,None,2,11,91,8,132.496470666003,,,,,,,,,132.48888600000646,132.496470666003,132.98102166600438,132.98102166600438,132.98102166600438,134.34961629100144,b,1,1.364048666000599,None,,,,,02,001,2025-11-12_21h31.40.774,stroop task,,2025.1.1,None,2025-11-12 21h31.47.214604 +0530,
SAFETY,green,C,g,E,92,12,2,g,1,0.7371648740008823,None,2,12,92,12,134.36260087499977,,,,,,,,,134.3547772910024,134.36260087499977,134.84775187500054,134.84775187500054,134.84775187500054,135.58948995800165,g,1,0.7371648740008823,None,,,,,02,001,2025-11-12_21h31.40.774,stroop task,,2025.1.1,None,2025-11-12 21h31.47.214604 +0530,
LOVE,blue,I,b,E,93,13,2,b,1,0.9238359580049291,None,2,13,93,1,135.6010270830011,,,,,,,,,135.59440254100627,135.6010270830011,136.09009666600468,136.09009666600468,136.09009666600468,137.01667850000376,b,1,0.9238359580049291,None,,,,,02,001,2025-11-12_21h31.40.774,stroop task,,2025.1.1,None,2025-11-12 21h31.47.214604 +0530,
SADNESS,green,I,g,E,94,14,2,g,1,1.1244559990009293,None,2,14,94,9,137.02931525000167,,,,,,,,,137.02190170800168,137.02931525000167,137.5144531660044,137.5144531660044,137.5144531660044,138.65004591600155,g,1,1.1244559990009293,None,,,,,02,001,2025-11-12_21h31.40.774,stroop task,,2025.1.1,None,2025-11-12 21h31.47.214604 +0530,
GRASS,green,C,g,N,95,15,2,g,1,1.10296712499985,None,2,15,95,22,138.66371183300362,,,,,,,,,138.65607641600218,138.66371183300362,139.14793608300533,139.14793608300533,139.14793608300533,140.25609850000183,g,1,1.10296712499985,None,,,,,02,001,2025-11-12_21h31.40.774,stroop task,,2025.1.1,None,2025-11-12 21h31.47.214604 +0530,
BUS,yellow,C,y,N,96,16,2,y,1,0.5907641250014422,None,2,16,96,36,140.26759775000392,,,,,,,,,140.26012925000396,140.26759775000392,140.75716591600212,140.75716591600212,140.75716591600212,141.34989354100253,y,1,0.5907641250014422,None,,,,,02,001,2025-11-12_21h31.40.774,stroop task,,2025.1.1,None,2025-11-12 21h31.47.214604 +0530,
ROSE,blue,I,b,N,97,17,2,b,1,1.0704574169940315,None,2,17,97,35,141.36201441600133,,,,,,,,,141.354551000004,141.36201441600133,141.84746266600268,141.84746266600268,141.84746266600268,142.92301874999976,b,1,1.0704574169940315,None,,,,,02,001,2025-11-12_21h31.40.774,stroop task,,2025.1.1,None,2025-11-12 21h31.47.214604 +0530,
DANGER,blue,I,b,E,98,18,2,b,1,0.6977027080065454,None,2,18,98,11,142.93433525,,,,,,,,,142.92761912500282,142.93433525,143.42329391599924,143.42329391599924,143.42329391599924,144.12256170800538,b,1,0.6977027080065454,None,,,,,02,001,2025-11-12_21h31.40.774,stroop task,,2025.1.1,None,2025-11-12 21h31.47.214604 +0530,
JOY,red,I,r,E,99,19,2,r,1,1.2466817499953322,None,2,19,99,5,144.1341697500029,,,,,,,,,144.12658162500156,144.1341697500029,144.6243975000034,144.6243975000034,144.6243975000034,145.8835556250051,r,1,1.2466817499953322,None,,,,,02,001,2025-11-12_21h31.40.774,stroop task,,2025.1.1,None,2025-11-12 21h31.47.214604 +0530,
ANGER,yellow,I,y,E,100,20,2,y,1,0.8203797909955028,None,2,20,100,7,145.89617291600007,,,,,,,,,145.88854533300037,145.89617291600007,146.38162849999935,146.38162849999935,146.38162849999935,147.20587233300466,y,1,0.8203797909955028,None,,,,,02,001,2025-11-12_21h31.40.774,stroop task,,2025.1.1,None,2025-11-12 21h31.47.214604 +0530,
DISGUST,green,C,g,E,101,21,2,g,1,0.6428092079950147,None,2,21,101,16,147.21802720800042,,,,,,,,,147.21058716600237,147.21802720800042,147.69816983300552,147.69816983300552,147.69816983300552,148.35067645800154,g,1,0.6428092079950147,None,,,,,02,001,2025-11-12_21h31.40.774,stroop task,,2025.1.1,None,2025-11-12 21h31.47.214604 +0530,
LEAF,green,C,g,N,102,22,2,g,1,0.5626005409940262,None,2,22,102,38,148.3642845830036,,,,,,,,,148.35643741600506,148.3642845830036,148.84828008300246,148.84828008300246,148.84828008300246,149.41647150000063,g,1,0.5626005409940262,None,,,,,02,001,2025-11-12_21h31.40.774,stroop task,,2025.1.1,None,2025-11-12 21h31.47.214604 +0530,
BUS,green,I,g,N,103,23,2,g,1,0.6641449999951874,None,2,23,103,37,149.42800541600445,,,,,,,,,149.4204741249996,149.42800541600445,149.9150551250059,149.9150551250059,149.9150551250059,150.58363975000248,g,1,0.6641449999951874,None,,,,,02,001,2025-11-12_21h31.40.774,stroop task,,2025.1.1,None,2025-11-12 21h31.47.214604 +0530,
BALL,red,C,r,N,104,24,2,r,1,0.7944329579986515,None,2,24,104,30,150.59665191599925,,,,,,,,,150.58875812500628,150.59665191599925,151.08164587500505,151.08164587500505,151.08164587500505,151.88389070800622,r,1,0.7944329579986515,None,,,,,02,001,2025-11-12_21h31.40.774,stroop task,,2025.1.1,None,2025-11-12 21h31.47.214604 +0530,
RIVER,yellow,I,y,N,105,25,2,y,1,0.5743514160058112,None,2,25,105,29,151.89770025000325,,,,,,,,,151.88968150000437,151.89770025000325,152.38167462500132,152.38167462500132,152.38167462500132,152.96727870800532,y,1,0.5743514160058112,None,,,,,02,001,2025-11-12_21h31.40.774,stroop task,,2025.1.1,None,2025-11-12 21h31.47.214604 +0530,
GRASS,blue,I,b,N,106,26,2,b,1,0.9465518330034683,None,2,26,106,23,152.9806014160058,,,,,,,,,152.97281150000344,152.9806014160058,153.4645505830049,153.4645505830049,153.4645505830049,154.41677516600612,b,1,0.9465518330034683,None,,,,,02,001,2025-11-12_21h31.40.774,stroop task,,2025.1.1,None,2025-11-12 21h31.47.214604 +0530,
PEN,blue,C,b,N,107,27,2,b,1,0.5153029579960275,None,2,27,107,32,154.4294323330032,,,,,,,,,154.4213275000002,154.4294323330032,154.91505045800295,154.91505045800295,154.91505045800295,155.43367187500553,b,1,0.5153029579960275,None,,,,,02,001,2025-11-12_21h31.40.774,stroop task,,2025.1.1,None,2025-11-12 21h31.47.214604 +0530,
LOVE,red,C,r,E,108,28,2,r,1,0.6334606659947895,None,2,28,108,0,155.44651783299923,,,,,,,,,155.43851420800638,155.44651783299923,155.93178108300344,155.93178108300344,155.93178108300344,156.5673506660023,r,1,0.6334606659947895,None,,,,,02,001,2025-11-12_21h31.40.774,stroop task,,2025.1.1,None,2025-11-12 21h31.47.214604 +0530,
RIVER,blue,C,b,N,109,29,2,b,1,0.6764267079997808,None,2,29,109,28,156.58045629100525,,,,,,,,,156.57308220800041,156.58045629100525,157.0646321250024,157.0646321250024,157.0646321250024,157.75053062500228,b,1,0.6764267079997808,None,,,,,02,001,2025-11-12_21h31.40.774,stroop task,,2025.1.1,None,2025-11-12 21h31.47.214604 +0530,
LEAF,blue,I,b,N,110,30,2,b,1,0.6445348330016714,None,2,30,110,39,157.7628860410041,,,,,,,,,157.7552614160013,157.7628860410041,158.24864162500307,158.24864162500307,158.24864162500307,158.9005921660064,b,1,0.6445348330016714,None,,,,,02,001,2025-11-12_21h31.40.774,stroop task,,2025.1.1,None,2025-11-12 21h31.47.214604 +0530,
JOY,yellow,C,y,E,111,31,2,y,1,0.5386166669995873,None,2,31,111,4,158.91227675000118,,,,,,,,,158.90477895799995,158.91227675000118,159.39860841600603,159.39860841600603,159.39860841600603,159.93943225000112,y,1,0.5386166669995873,None,,,,,02,001,2025-11-12_21h31.40.774,stroop task,,2025.1.1,None,2025-11-12 21h31.47.214604 +0530,
TREE,green,C,g,N,112,32,2,g,1,0.8879833749961108,None,2,32,112,26,159.951809916005,,,,,,,,,159.9443909160036,159.951809916005,160.44030395799928,160.44030395799928,160.44030395799928,161.3338311250045,g,1,0.8879833749961108,None,,,,,02,001,2025-11-12_21h31.40.774,stroop task,,2025.1.1,None,2025-11-12 21h31.47.214604 +0530,
PEACE,red,I,r,E,113,33,2,r,1,0.6701983739985735,None,2,33,113,3,161.34591233300307,,,,,,,,,161.3385274579996,161.34591233300307,161.83203570800106,161.83203570800106,161.83203570800106,162.5071181250023,r,1,0.6701983739985735,None,,,,,02,001,2025-11-12_21h31.40.774,stroop task,,2025.1.1,None,2025-11-12 21h31.47.214604 +0530,
PEACE,blue,C,b,E,114,34,2,b,1,0.5599558329995489,None,2,34,114,2,162.53217316600058,,,,,,,,,162.50816987500002,162.53217316600058,163.00718141600373,163.00718141600373,163.00718141600373,163.57333566600573,b,1,0.5599558329995489,None,,,,,02,001,2025-11-12_21h31.40.774,stroop task,,2025.1.1,None,2025-11-12 21h31.47.214604 +0530,
PEN,yellow,I,y,N,115,35,2,y,1,0.8609758329985198,None,2,35,115,33,163.58494933300244,,,,,,,,,163.57722800000192,163.58494933300244,164.07535108300362,164.07535108300362,164.07535108300362,164.94026391600346,y,1,0.8609758329985198,None,,,,,02,001,2025-11-12_21h31.40.774,stroop task,,2025.1.1,None,2025-11-12 21h31.47.214604 +0530,
CALM,blue,C,b,E,116,36,2,b,1,0.5269715829999768,None,2,36,116,18,164.95200720800494,,,,,,,,,164.94550837499992,164.95200720800494,165.44125170800544,165.44125170800544,165.44125170800544,165.97340545800398,b,1,0.5269715829999768,None,,,,,02,001,2025-11-12_21h31.40.774,stroop task,,2025.1.1,None,2025-11-12 21h31.47.214604 +0530,
SUN,green,I,g,N,117,37,2,g,1,1.2864116239943542,None,2,37,117,25,165.9852525410024,,,,,,,,,165.97778629100503,165.9852525410024,166.4748989159998,166.4748989159998,166.4748989159998,167.7676222500013,g,1,1.2864116239943542,None,,,,,02,001,2025-11-12_21h31.40.774,stroop task,,2025.1.1,None,2025-11-12 21h31.47.214604 +0530,
DISGUST,blue,I,b,E,118,38,2,b,1,1.3805026659974828,None,2,38,118,17,167.78051529100048,,,,,,,,,167.77302508300636,167.78051529100048,168.26498162500502,168.26498162500502,168.26498162500502,169.65082662500208,b,1,1.3805026659974828,None,,,,,02,001,2025-11-12_21h31.40.774,stroop task,,2025.1.1,None,2025-11-12 21h31.47.214604 +0530,
BALL,green,I,g,N,119,39,2,g,1,0.6493570829989039,None,2,39,119,31,169.663260541005,,,,,,,,,169.65541250000388,169.663260541005,170.14894925000408,170.14894925000408,170.14894925000408,170.8008270000064,g,1,0.6493570829989039,None,,,,,02,001,2025-11-12_21h31.40.774,stroop task,,2025.1.1,None,2025-11-12 21h31.47.214604 +0530,
DISGUST,green,C,g,E,120,0,3,g,1,0.5961030409962405,None,3,0,120,16,170.8139911660037,,,,,,,,,170.80656366600306,170.8139911660037,171.29827470800228,171.29827470800228,171.29827470800228,171.90112116600358,g,1,0.5961030409962405,None,,,,,02,001,2025-11-12_21h31.40.774,stroop task,,2025.1.1,None,2025-11-12 21h31.47.214604 +0530,
SADNESS,green,I,g,E,121,1,3,g,1,0.9503764999972191,None,3,1,121,9,171.9140406660008,,,,,,,,,171.90625720800017,171.9140406660008,172.39901558300335,172.39901558300335,172.39901558300335,173.3512902500006,g,1,0.9503764999972191,None,,,,,02,001,2025-11-12_21h31.40.774,stroop task,,2025.1.1,None,2025-11-12 21h31.47.214604 +0530,
TREE,green,C,g,N,122,2,3,g,1,0.7172458739951253,None,3,2,122,26,173.36386658300034,,,,,,,,,173.3562243330016,173.36386658300034,173.8491490410015,173.8491490410015,173.8491490410015,174.57689825000125,g,1,0.7172458739951253,None,,,,,02,001,2025-11-12_21h31.40.774,stroop task,,2025.1.1,None,2025-11-12 21h31.47.214604 +0530,
GRASS,blue,I,b,N,123,3,3,b,1,1.0477744579984574,None,3,3,123,23,174.58562266600347,,,,,,,,,174.58093762500357,174.58562266600347,175.07463962500333,175.07463962500333,175.07463962500333,176.13287466600013,b,1,1.0477744579984574,None,,,,,02,001,2025-11-12_21h31.40.774,stroop task,,2025.1.1,None,2025-11-12 21h31.47.214604 +0530,
BUS,green,I,g,N,124,4,3,g,1,0.9377236660002382,None,3,4,124,37,176.14489850000245,,,,,,,,,176.13694420800311,176.14489850000245,176.62680879099935,176.62680879099935,176.62680879099935,177.5678005410009,g,1,0.9377236660002382,None,,,,,02,001,2025-11-12_21h31.40.774,stroop task,,2025.1.1,None,2025-11-12 21h31.47.214604 +0530,
PEACE,red,I,r,E,125,5,3,r,1,0.5954728750002687,None,3,5,125,3,177.58136533300421,,,,,,,,,177.5739281250062,177.58136533300421,178.06596645800164,178.06596645800164,178.06596645800164,178.66800791599962,r,1,0.5954728750002687,None,,,,,02,001,2025-11-12_21h31.40.774,stroop task,,2025.1.1,None,2025-11-12 21h31.47.214604 +0530,
SKY,blue,C,b,N,126,6,3,b,1,0.8525341670028865,None,3,6,126,20,178.67988387500372,,,,,,,,,178.67266787500557,178.67988387500372,179.16585170799954,179.16585170799954,179.16585170799954,180.02427029100363,b,1,0.8525341670028865,None,,,,,02,001,2025-11-12_21h31.40.774,stroop task,,2025.1.1,None,2025-11-12 21h31.47.214604 +0530,
LEAF,green,C,g,N,127,7,3,g,1,0.5480214999988675,None,3,7,127,38,180.03606854100508,,,,,,,,,180.02865466600633,180.03606854100508,180.52542654100398,180.52542654100398,180.52542654100398,181.0843015000064,g,1,0.5480214999988675,None,,,,,02,001,2025-11-12_21h31.40.774,stroop task,,2025.1.1,None,2025-11-12 21h31.47.214604 +0530,
DISGUST,blue,I,b,E,128,8,3,b,1,0.8287012499931734,None,3,8,128,17,181.09655687500344,,,,,,,,,181.08930091600632,181.09655687500344,181.58265224999923,181.58265224999923,181.58265224999923,182.41780145800294,b,1,0.8287012499931734,None,,,,,02,001,2025-11-12_21h31.40.774,stroop task,,2025.1.1,None,2025-11-12 21h31.47.214604 +0530,
HAPPINESS,yellow,C,y,E,129,9,3,y,1,0.7512490829976741,None,3,9,129,14,182.43091541600006,,,,,,,,,182.42339479100337,182.43091541600006,182.91611062500306,182.91611062500306,182.91611062500306,183.67390262499976,y,1,0.7512490829976741,None,,,,,02,001,2025-11-12_21h31.40.774,stroop task,,2025.1.1,None,2025-11-12 21h31.47.214604 +0530,
ROSE,blue,I,b,N,130,10,3,b,1,1.637168000001111,None,3,10,130,35,183.6858560000037,,,,,,,,,183.67830150000373,183.6858560000037,184.1755747499992,184.1755747499992,184.1755747499992,185.81791437500215,b,1,1.637168000001111,None,,,,,02,001,2025-11-12_21h31.40.774,stroop task,,2025.1.1,None,2025-11-12 21h31.47.214604 +0530,
SKY,red,I,r,N,131,11,3,r,1,1.0490566239968757,None,3,11,131,21,185.82999229100096,,,,,,,,,185.82248958300625,185.82999229100096,186.31648649999988,186.31648649999988,186.31648649999988,187.36808237500372,r,1,1.0490566239968757,None,,,,,02,001,2025-11-12_21h31.40.774,stroop task,,2025.1.1,None,2025-11-12 21h31.47.214604 +0530,
BALL,red,C,r,N,132,12,3,r,1,0.06022004099941114,None,3,12,132,30,187.3802140830012,,,,,,,,,187.3726995830002,187.3802140830012,187.8662763329994,187.8662763329994,187.8662763329994,187.93465133300197,r,1,0.06022004099941114,None,,,,,02,001,2025-11-12_21h31.40.774,stroop task,,2025.1.1,None,2025-11-12 21h31.47.214604 +0530,
ROSE,red,C,r,N,133,13,3,r,1,0.6516128750008647,None,3,13,133,34,187.94748875000369,,,,,,,,,187.93989495800633,187.94748875000369,188.43284425000456,188.43284425000456,188.43284425000456,189.09078983300424,r,1,0.6516128750008647,None,,,,,02,001,2025-11-12_21h31.40.774,stroop task,,2025.1.1,None,2025-11-12 21h31.47.214604 +0530,
HAPPINESS,green,I,g,E,134,14,3,g,1,1.2532814999940456,None,3,14,134,15,189.10280837500613,,,,,,,,,189.0959084999995,189.10280837500613,189.5922927080028,189.5922927080028,189.5922927080028,190.8514779160032,g,1,1.2532814999940456,None,,,,,02,001,2025-11-12_21h31.40.774,stroop task,,2025.1.1,None,2025-11-12 21h31.47.214604 +0530,
PEN,blue,C,b,N,135,15,3,b,1,0.7330344160000095,None,3,15,135,32,190.8640648330038,,,,,,,,,190.85649904100137,190.8640648330038,191.34960895800032,191.34960895800032,191.34960895800032,192.08491641600267,b,1,0.7330344160000095,None,,,,,02,001,2025-11-12_21h31.40.774,stroop task,,2025.1.1,None,2025-11-12 21h31.47.214604 +0530,
BUS,yellow,C,y,N,136,16,3,y,1,0.7033257910006796,None,3,16,136,36,192.09655000000203,,,,,,,,,192.0893756660007,192.09655000000203,192.58322158300143,192.58322158300143,192.58322158300143,193.29105237500335,y,1,0.7033257910006796,None,,,,,02,001,2025-11-12_21h31.40.774,stroop task,,2025.1.1,None,2025-11-12 21h31.47.214604 +0530,
ANGER,yellow,I,y,E,137,17,3,y,1,1.8017943329978152,None,3,17,137,7,193.30346162500064,,,,,,,,,193.29643754100107,193.30346162500064,193.7927817910022,193.7927817910022,193.7927817910022,195.60198758300248,y,1,1.8017943329978152,None,,,,,02,001,2025-11-12_21h31.40.774,stroop task,,2025.1.1,None,2025-11-12 21h31.47.214604 +0530,
PEN,yellow,I,y,N,138,18,3,y,1,0.6817815409958712,None,3,18,138,33,195.61386275000405,,,,,,,,,195.6060478750005,195.61386275000405,196.09994141600328,196.09994141600328,196.09994141600328,196.7850648330059,y,1,0.6817815409958712,None,,,,,02,001,2025-11-12_21h31.40.774,stroop task,,2025.1.1,None,2025-11-12 21h31.47.214604 +0530,
CALM,red,I,y,E,139,19,3,r,0,1.586426207999466,None,3,19,139,19,196.79760116599937,,,,,,,,,196.79009608300112,196.79760116599937,197.28317866600264,197.28317866600264,197.28317866600264,198.87477591600327,r,0,1.586426207999466,None,,,,,02,001,2025-11-12_21h31.40.774,stroop task,,2025.1.1,None,2025-11-12 21h31.47.214604 +0530,
SAFETY,yellow,I,r,E,140,20,3,y,0,1.2842980420027743,None,3,20,140,13,198.88650558300287,,,,,,,,,198.87975333299983,198.88650558300287,199.37632391600346,199.37632391600346,199.37632391600346,200.66870062499947,y,0,1.2842980420027743,None,,,,,02,001,2025-11-12_21h31.40.774,stroop task,,2025.1.1,None,2025-11-12 21h31.47.214604 +0530,
TREE,red,I,r,N,141,21,3,r,1,1.3731074989991612,None,3,21,141,27,200.68065887500416,,,,,,,,,200.67305354100245,200.68065887500416,201.16663325000263,201.16663325000263,201.16663325000263,202.54154000000563,r,1,1.3731074989991612,None,,,,,02,001,2025-11-12_21h31.40.774,stroop task,,2025.1.1,None,2025-11-12 21h31.47.214604 +0530,
SAFETY,green,C,g,E,142,22,3,g,1,1.0942171670030802,None,3,22,142,12,202.5531902080038,,,,,,,,,202.54569558300136,202.5531902080038,203.0334546660015,203.0334546660015,203.0334546660015,204.1354891660012,g,1,1.0942171670030802,None,,,,,02,001,2025-11-12_21h31.40.774,stroop task,,2025.1.1,None,2025-11-12 21h31.47.214604 +0530,
SUN,yellow,C,y,N,143,23,3,y,1,1.122397250001086,None,3,23,143,24,204.14645520799968,,,,,,,,,204.13898387500376,204.14645520799968,204.63335491600446,204.63335491600446,204.63335491600446,205.75772941600007,y,1,1.122397250001086,None,,,,,02,001,2025-11-12_21h31.40.774,stroop task,,2025.1.1,None,2025-11-12 21h31.47.214604 +0530,
GRASS,green,C,g,N,144,24,3,g,1,0.7914156250044471,None,3,24,144,22,205.7699982500053,,,,,,,,,205.76247158300248,205.7699982500053,206.2592900410018,206.2592900410018,206.2592900410018,207.0520429160024,g,1,0.7914156250044471,None,,,,,02,001,2025-11-12_21h31.40.774,stroop task,,2025.1.1,None,2025-11-12 21h31.47.214604 +0530,
RIVER,blue,C,b,N,145,25,3,b,1,0.7807497079993482,None,3,25,145,28,207.06485691600392,,,,,,,,,207.05729141600023,207.06485691600392,207.55015529100638,207.55015529100638,207.55015529100638,208.33547974999965,b,1,0.7807497079993482,None,,,,,02,001,2025-11-12_21h31.40.774,stroop task,,2025.1.1,None,2025-11-12 21h31.47.214604 +0530,
SADNESS,blue,C,b,E,146,26,3,b,1,0.7531756659955136,None,3,26,146,8,208.34839775,,,,,,,,,208.3409578330029,208.34839775,208.8335351660062,208.8335351660062,208.8335351660062,209.59149808300572,b,1,0.7531756659955136,None,,,,,02,001,2025-11-12_21h31.40.774,stroop task,,2025.1.1,None,2025-11-12 21h31.47.214604 +0530,
JOY,yellow,C,y,E,147,27,3,y,1,0.7527041670036851,None,3,27,147,4,209.60340616600297,,,,,,,,,209.59599216600327,209.60340616600297,210.09311695799988,210.09311695799988,210.09311695799988,210.85233529100515,y,1,0.7527041670036851,None,,,,,02,001,2025-11-12_21h31.40.774,stroop task,,2025.1.1,None,2025-11-12 21h31.47.214604 +0530,
ANGER,red,C,r,E,148,28,3,r,1,0.8066107499980717,None,3,28,148,6,210.86539033300505,,,,,,,,,210.85768387500138,210.86539033300505,211.3502646660054,211.3502646660054,211.3502646660054,212.16917654099962,r,1,0.8066107499980717,None,,,,,02,001,2025-11-12_21h31.40.774,stroop task,,2025.1.1,None,2025-11-12 21h31.47.214604 +0530,
CALM,blue,C,b,E,149,29,3,b,1,0.7797436239998206,None,3,29,149,18,212.18115054100053,,,,,,,,,212.17374508300418,212.18115054100053,212.66603737500554,212.66603737500554,212.66603737500554,213.4521942909996,b,1,0.7797436239998206,None,,,,,02,001,2025-11-12_21h31.40.774,stroop task,,2025.1.1,None,2025-11-12 21h31.47.214604 +0530,
DANGER,red,C,r,E,150,30,3,r,1,1.0864123329956783,None,3,30,150,10,213.4643854160022,,,,,,,,,213.4568709160012,213.4643854160022,213.95036483300646,213.95036483300646,213.95036483300646,215.04167329100164,r,1,1.0864123329956783,None,,,,,02,001,2025-11-12_21h31.40.774,stroop task,,2025.1.1,None,2025-11-12 21h31.47.214604 +0530,
DANGER,blue,I,b,E,151,31,3,r,0,0.6754298749947338,None,3,31,151,11,215.05059162500402,,,,,,,,,215.0426439160001,215.05059162500402,215.54328862500552,215.54328862500552,215.54328862500552,216.22535425000387,r,0,0.6754298749947338,None,,,,,02,001,2025-11-12_21h31.40.774,stroop task,,2025.1.1,None,2025-11-12 21h31.47.214604 +0530,
BALL,green,I,g,N,152,32,3,g,1,1.3810307489984552,None,3,32,152,31,216.23703837500216,,,,,,,,,216.2301867080023,216.23703837500216,216.73487808299978,216.73487808299978,216.73487808299978,218.11926454100467,g,1,1.3810307489984552,None,,,,,02,001,2025-11-12_21h31.40.774,stroop task,,2025.1.1,None,2025-11-12 21h31.47.214604 +0530,
LOVE,red,C,r,E,153,33,3,r,1,0.6216754159977427,None,3,33,153,0,218.13274716600426,,,,,,,,,218.1245319580048,218.13274716600426,218.61725237499923,218.61725237499923,218.61725237499923,219.24199158300326,r,1,0.6216754159977427,None,,,,,02,001,2025-11-12_21h31.40.774,stroop task,,2025.1.1,None,2025-11-12 21h31.47.214604 +0530,
PEACE,blue,C,b,E,154,34,3,b,1,0.5614279159999569,None,3,34,154,2,219.25377237499924,,,,,,,,,219.24687383300625,219.25377237499924,219.74366516600276,219.74366516600276,219.74366516600276,220.30887612500374,b,1,0.5614279159999569,None,,,,,02,001,2025-11-12_21h31.40.774,stroop task,,2025.1.1,None,2025-11-12 21h31.47.214604 +0530,
JOY,red,I,r,E,155,35,3,r,1,1.026417583001603,None,3,35,155,5,220.32040312500612,,,,,,,,,220.3134648750056,220.32040312500612,220.81037245799962,220.81037245799962,220.81037245799962,221.84222912500263,r,1,1.026417583001603,None,,,,,02,001,2025-11-12_21h31.40.774,stroop task,,2025.1.1,None,2025-11-12 21h31.47.214604 +0530,
LOVE,blue,I,b,E,156,36,3,r,0,0.616048582996882,None,3,36,156,1,221.85366495800554,,,,,,,,,221.8460954580005,221.85366495800554,222.34282079100376,222.34282079100376,222.34282079100376,222.9693054580057,r,0,0.616048582996882,None,,,,,02,001,2025-11-12_21h31.40.774,stroop task,,2025.1.1,None,2025-11-12 21h31.47.214604 +0530,
SUN,green,I,g,N,157,37,3,g,1,1.4015663329992094,None,3,37,157,25,222.98134295800264,,,,,,,,,222.97375812500104,222.98134295800264,223.46728825000173,223.46728825000173,223.46728825000173,224.8761172500017,g,1,1.4015663329992094,None,,,,,02,001,2025-11-12_21h31.40.774,stroop task,,2025.1.1,None,2025-11-12 21h31.47.214604 +0530,
LEAF,blue,I,b,N,158,38,3,b,1,1.2688067079943721,None,3,38,158,39,224.88740912500361,,,,,,,,,224.88086454100267,224.88740912500361,225.37824125000043,225.37824125000043,225.37824125000043,226.65306258300552,b,1,1.2688067079943721,None,,,,,02,001,2025-11-12_21h31.40.774,stroop task,,2025.1.1,None,2025-11-12 21h31.47.214604 +0530,
RIVER,yellow,I,y,N,159,39,3,y,1,0.7551592079980765,None,3,39,159,29,226.6662262500031,,,,,,,,,226.65865979100636,226.6662262500031,227.1508485000013,227.1508485000013,227.1508485000013,227.90906579100556,y,1,0.7551592079980765,None,,,,,02,001,2025-11-12_21h31.40.774,stroop task,,2025.1.1,None,2025-11-12 21h31.47.214604 +0530,
BALL,green,I,g,N,160,0,4,g,1,0.7904855830056476,None,4,0,160,31,227.92078337500425,,,,,,,,,227.9136940410026,227.92078337500425,228.4095865000054,228.4095865000054,228.4095865000054,229.20275033300277,g,1,0.7904855830056476,None,,,,,02,001,2025-11-12_21h31.40.774,stroop task,,2025.1.1,None,2025-11-12 21h31.47.214604 +0530,
DANGER,blue,I,b,E,161,1,4,b,1,2.4520722909946926,None,4,1,161,11,229.21509862500534,,,,,,,,,229.20757129100093,229.21509862500534,229.70091579099972,229.70091579099972,229.70091579099972,232.15922587500245,b,1,2.4520722909946926,None,,,,,02,001,2025-11-12_21h31.40.774,stroop task,,2025.1.1,None,2025-11-12 21h31.47.214604 +0530,
DISGUST,blue,I,b,E,162,2,4,b,1,0.5576846250041854,None,4,2,162,17,232.17096962500364,,,,,,,,,232.1643355000051,232.17096962500364,232.6612801250012,232.6612801250012,232.6612801250012,233.22590879100608,b,1,0.5576846250041854,None,,,,,02,001,2025-11-12_21h31.40.774,stroop task,,2025.1.1,None,2025-11-12 21h31.47.214604 +0530,
BUS,yellow,C,y,N,163,3,4,y,1,1.009386915997311,None,4,3,163,36,233.2374098750006,,,,,,,,,233.22989712500566,233.2374098750006,233.72762866600533,233.72762866600533,233.72762866600533,234.74253583300015,y,1,1.009386915997311,None,,,,,02,001,2025-11-12_21h31.40.774,stroop task,,2025.1.1,None,2025-11-12 21h31.47.214604 +0530,
ROSE,red,C,r,N,164,4,4,r,1,0.8429667909949785,None,4,4,164,34,234.75426395800605,,,,,,,,,234.74706712500483,234.75426395800605,235.24507966600504,235.24507966600504,235.24507966600504,236.0921351249999,r,1,0.8429667909949785,None,,,,,02,001,2025-11-12_21h31.40.774,stroop task,,2025.1.1,None,2025-11-12 21h31.47.214604 +0530,
SKY,red,I,r,N,165,5,4,r,1,0.6990956660010852,None,4,5,165,21,236.1042040829998,,,,,,,,,236.09655750000093,236.1042040829998,236.5939049160006,236.5939049160006,236.5939049160006,237.30318241600617,r,1,0.6990956660010852,None,,,,,02,001,2025-11-12_21h31.40.774,stroop task,,2025.1.1,None,2025-11-12 21h31.47.214604 +0530,
PEN,blue,C,b,N,166,6,4,b,1,0.8848615000024438,None,4,6,166,32,237.315690250005,,,,,,,,,237.30782937500044,237.315690250005,237.8011006250017,237.8011006250017,237.8011006250017,238.69182833300147,b,1,0.8848615000024438,None,,,,,02,001,2025-11-12_21h31.40.774,stroop task,,2025.1.1,None,2025-11-12 21h31.47.214604 +0530,
ANGER,yellow,I,y,E,167,7,4,y,1,1.1211373330006609,None,4,7,167,7,238.70498179100105,,,,,,,,,238.69685204100097,238.70498179100105,239.19308675000502,239.19308675000502,239.19308675000502,240.319893083004,y,1,1.1211373330006609,None,,,,,02,001,2025-11-12_21h31.40.774,stroop task,,2025.1.1,None,2025-11-12 21h31.47.214604 +0530,
SUN,yellow,C,y,N,168,8,4,y,1,0.6891144580004038,None,4,8,168,24,240.332550541003,,,,,,,,,240.32481237500178,240.332550541003,240.8180334580029,240.8180334580029,240.8180334580029,241.51002354100638,y,1,0.6891144580004038,None,,,,,02,001,2025-11-12_21h31.40.774,stroop task,,2025.1.1,None,2025-11-12 21h31.47.214604 +0530,
DANGER,red,C,r,E,169,9,4,r,1,0.9895216669974616,None,4,9,169,10,241.52230520800367,,,,,,,,,241.51570466600242,241.52230520800367,242.01070895800513,242.01070895800513,242.01070895800513,243.0033080830035,r,1,0.9895216669974616,None,,,,,02,001,2025-11-12_21h31.40.774,stroop task,,2025.1.1,None,2025-11-12 21h31.47.214604 +0530,
LEAF,green,C,g,N,170,10,4,g,1,0.7479373329988448,None,4,10,170,38,243.0157906250024,,,,,,,,,243.00831512500008,243.0157906250024,243.50137095800164,243.50137095800164,243.50137095800164,244.2533197080047,g,1,0.7479373329988448,None,,,,,02,001,2025-11-12_21h31.40.774,stroop task,,2025.1.1,None,2025-11-12 21h31.47.214604 +0530,
JOY,red,I,r,E,171,11,4,r,1,1.0809199169962085,None,4,11,171,5,244.26579516600032,,,,,,,,,244.25796937500127,244.26579516600032,244.7513697500035,244.7513697500035,244.7513697500035,245.83670091599924,r,1,1.0809199169962085,None,,,,,02,001,2025-11-12_21h31.40.774,stroop task,,2025.1.1,None,2025-11-12 21h31.47.214604 +0530,
SAFETY,green,C,g,E,172,12,4,g,1,0.5964189170044847,None,4,12,172,12,245.84956670800602,,,,,,,,,245.84200787500595,245.84956670800602,246.33480795800278,246.33480795800278,246.33480795800278,246.936950041003,g,1,0.5964189170044847,None,,,,,02,001,2025-11-12_21h31.40.774,stroop task,,2025.1.1,None,2025-11-12 21h31.47.214604 +0530,
JOY,yellow,C,y,E,173,13,4,y,1,0.6683114160041441,None,4,13,173,4,246.95090383299976,,,,,,,,,246.94255291599984,246.95090383299976,247.43478037500608,247.43478037500608,247.43478037500608,248.10946016600064,y,1,0.6683114160041441,None,,,,,02,001,2025-11-12_21h31.40.774,stroop task,,2025.1.1,None,2025-11-12 21h31.47.214604 +0530,
RIVER,blue,C,b,N,174,14,4,b,1,0.8692179580029915,None,4,14,174,28,248.12140612499934,,,,,,,,,248.11420258300495,248.12140612499934,248.61100187500415,248.61100187500415,248.61100187500415,249.4869565830013,b,1,0.8692179580029915,None,,,,,02,001,2025-11-12_21h31.40.774,stroop task,,2025.1.1,None,2025-11-12 21h31.47.214604 +0530,
PEACE,red,I,r,E,175,15,4,r,1,0.6696783329971367,None,4,15,175,3,249.4998885830064,,,,,,,,,249.4923679160056,249.4998885830064,250.0026527500013,250.0026527500013,250.0026527500013,250.68796941600158,r,1,0.6696783329971367,None,,,,,02,001,2025-11-12_21h31.40.774,stroop task,,2025.1.1,None,2025-11-12 21h31.47.214604 +0530,
LOVE,blue,I,b,E,176,16,4,b,1,0.7234144160029246,None,4,16,176,1,250.70142670800124,,,,,,,,,250.69343687500077,250.70142670800124,251.18488395800523,251.18488395800523,251.18488395800523,251.92101245800586,b,1,0.7234144160029246,None,,,,,02,001,2025-11-12_21h31.40.774,stroop task,,2025.1.1,None,2025-11-12 21h31.47.214604 +0530,
SAFETY,yellow,I,r,E,177,17,4,y,0,0.9998525409973809,None,4,17,177,13,251.9350407910024,,,,,,,,,251.9261677079994,251.9350407910024,252.43629145800514,252.43629145800514,252.43629145800514,253.44333900000493,y,0,0.9998525409973809,None,,,,,02,001,2025-11-12_21h31.40.774,stroop task,,2025.1.1,None,2025-11-12 21h31.47.214604 +0530,
HAPPINESS,yellow,C,y,E,178,18,4,y,1,0.7863477909995709,None,4,18,178,14,253.4561478329997,,,,,,,,,253.44863225000154,253.4561478329997,253.94375100000616,253.94375100000616,253.94375100000616,254.73695758300164,y,1,0.7863477909995709,None,,,,,02,001,2025-11-12_21h31.40.774,stroop task,,2025.1.1,None,2025-11-12 21h31.47.214604 +0530,
TREE,green,C,g,N,179,19,4,g,1,0.628088375000516,None,4,19,179,26,254.7489828329999,,,,,,,,,254.74134241600404,254.7489828329999,255.2361826250053,255.2361826250053,255.2361826250053,255.87084837500151,g,1,0.628088375000516,None,,,,,02,001,2025-11-12_21h31.40.774,stroop task,,2025.1.1,None,2025-11-12 21h31.47.214604 +0530,
HAPPINESS,green,I,g,E,180,20,4,g,1,0.8542736239978694,None,4,20,180,15,255.88516258299933,,,,,,,,,255.87539654099965,255.88516258299933,256.36897829100053,256.36897829100053,256.36897829100053,257.2252580410059,g,1,0.8542736239978694,None,,,,,02,001,2025-11-12_21h31.40.774,stroop task,,2025.1.1,None,2025-11-12 21h31.47.214604 +0530,
DISGUST,green,C,g,E,181,21,4,g,1,0.5219599160045618,None,4,21,181,16,257.23735433300317,,,,,,,,,257.22917779099953,257.23735433300317,257.7183778750041,257.7183778750041,257.7183778750041,258.24279495800147,g,1,0.5219599160045618,None,,,,,02,001,2025-11-12_21h31.40.774,stroop task,,2025.1.1,None,2025-11-12 21h31.47.214604 +0530,
LOVE,red,C,r,E,182,22,4,r,1,0.5603114160039695,None,4,22,182,0,258.254256500004,,,,,,,,,258.24637433300086,258.254256500004,258.75289787500515,258.75289787500515,258.75289787500515,259.31982750000316,r,1,0.5603114160039695,None,,,,,02,001,2025-11-12_21h31.40.774,stroop task,,2025.1.1,None,2025-11-12 21h31.47.214604 +0530,
CALM,red,I,y,E,183,23,4,r,0,0.9231831659999443,None,4,23,183,19,259.33094712500315,,,,,,,,,259.3231662910039,259.33094712500315,259.8102480830057,259.8102480830057,259.8102480830057,260.7372811250025,r,0,0.9231831659999443,None,,,,,02,001,2025-11-12_21h31.40.774,stroop task,,2025.1.1,None,2025-11-12 21h31.47.214604 +0530,
ANGER,red,C,r,E,184,24,4,r,1,0.991912333003711,None,4,24,184,6,260.74946012500004,,,,,,,,,260.7420610410045,260.74946012500004,261.235321416003,261.235321416003,261.235321416003,262.2373181660005,r,1,0.991912333003711,None,,,,,02,001,2025-11-12_21h31.40.774,stroop task,,2025.1.1,None,2025-11-12 21h31.47.214604 +0530,
BUS,green,I,g,N,185,25,4,g,1,0.887062915993738,None,4,25,185,37,262.24914333299967,,,,,,,,,262.24165358300525,262.24914333299967,262.7352948330008,262.7352948330008,262.7352948330008,263.62672187499993,g,1,0.887062915993738,None,,,,,02,001,2025-11-12_21h31.40.774,stroop task,,2025.1.1,None,2025-11-12 21h31.47.214604 +0530,
SKY,blue,C,b,N,186,26,4,b,1,0.7232029160004458,None,4,26,186,20,263.638627791006,,,,,,,,,263.63084862500546,263.638627791006,264.12721554100426,264.12721554100426,264.12721554100426,264.8541028750042,b,1,0.7232029160004458,None,,,,,02,001,2025-11-12_21h31.40.774,stroop task,,2025.1.1,None,2025-11-12 21h31.47.214604 +0530,
BALL,red,C,r,N,187,27,4,r,1,0.8322765830016579,None,4,27,187,30,264.86673025000346,,,,,,,,,264.859106625001,264.86673025000346,265.3522407500059,265.3522407500059,265.3522407500059,266.18774533300166,r,1,0.8322765830016579,None,,,,,02,001,2025-11-12_21h31.40.774,stroop task,,2025.1.1,None,2025-11-12 21h31.47.214604 +0530,
GRASS,blue,I,b,N,188,28,4,b,1,0.7150315000035334,None,4,28,188,23,266.1998047080051,,,,,,,,,266.1923094160011,266.1998047080051,266.68543487500574,266.68543487500574,266.68543487500574,267.4045535000041,b,1,0.7150315000035334,None,,,,,02,001,2025-11-12_21h31.40.774,stroop task,,2025.1.1,None,2025-11-12 21h31.47.214604 +0530,
CALM,blue,C,b,E,189,29,4,b,1,0.667063708002388,None,4,29,189,18,267.41742595800315,,,,,,,,,267.4099438750054,267.41742595800315,267.9022334160036,267.9022334160036,267.9022334160036,268.57077295800264,b,1,0.667063708002388,None,,,,,02,001,2025-11-12_21h31.40.774,stroop task,,2025.1.1,None,2025-11-12 21h31.47.214604 +0530,
LEAF,blue,I,b,N,190,30,4,b,1,0.6301099580014125,None,4,30,190,39,268.5822293750025,,,,,,,,,268.5747457910038,268.5822293750025,269.068344875006,269.068344875006,269.068344875006,269.7040052910015,b,1,0.6301099580014125,None,,,,,02,001,2025-11-12_21h31.40.774,stroop task,,2025.1.1,None,2025-11-12 21h31.47.214604 +0530,
SADNESS,blue,C,b,E,191,31,4,b,1,0.9011408739970648,None,4,31,191,8,269.71611279100034,,,,,,,,,269.70874837500014,269.71611279100034,270.2022076659996,270.2022076659996,270.2022076659996,271.10962104100327,b,1,0.9011408739970648,None,,,,,02,001,2025-11-12_21h31.40.774,stroop task,,2025.1.1,None,2025-11-12 21h31.47.214604 +0530,
RIVER,yellow,I,y,N,192,32,4,y,1,0.9398207080012071,None,4,32,192,29,271.12174012500327,,,,,,,,,271.11379045800277,271.12174012500327,271.60170075000497,271.60170075000497,271.60170075000497,272.5442032909996,y,1,0.9398207080012071,None,,,,,02,001,2025-11-12_21h31.40.774,stroop task,,2025.1.1,None,2025-11-12 21h31.47.214604 +0530,
PEN,yellow,I,y,N,193,33,4,y,1,0.43378308299725177,None,4,33,193,33,272.5555437080038,,,,,,,,,272.5487455830007,272.5555437080038,273.0456402500058,273.0456402500058,273.0456402500058,273.4877492910018,y,1,0.43378308299725177,None,,,,,02,001,2025-11-12_21h31.40.774,stroop task,,2025.1.1,None,2025-11-12 21h31.47.214604 +0530,
ROSE,blue,I,b,N,194,34,4,b,1,1.3405744579940801,None,4,34,194,35,273.50007608300075,,,,,,,,,273.49249966600473,273.50007608300075,273.9858502080024,273.9858502080024,273.9858502080024,275.33789687500393,b,1,1.3405744579940801,None,,,,,02,001,2025-11-12_21h31.40.774,stroop task,,2025.1.1,None,2025-11-12 21h31.47.214604 +0530,
GRASS,green,C,g,N,195,35,4,g,1,0.8437515000041458,None,4,35,195,22,275.3506565410062,,,,,,,,,275.3431354580025,275.3506565410062,275.8356322079999,275.8356322079999,275.8356322079999,276.68778033300623,g,1,0.8437515000041458,None,,,,,02,001,2025-11-12_21h31.40.774,stroop task,,2025.1.1,None,2025-11-12 21h31.47.214604 +0530,
SUN,green,I,g,N,196,36,4,g,1,0.5114327920018695,None,4,36,196,25,276.6995888330057,,,,,,,,,276.6919137500008,276.6995888330057,277.1850580410028,277.1850580410028,277.1850580410028,277.7047256250007,g,1,0.5114327920018695,None,,,,,02,001,2025-11-12_21h31.40.774,stroop task,,2025.1.1,None,2025-11-12 21h31.47.214604 +0530,
TREE,red,I,r,N,197,37,4,r,1,1.112960500002373,None,4,37,197,27,277.7170419160029,,,,,,,,,277.7095469160049,277.7170419160029,278.2026553329997,278.2026553329997,278.2026553329997,279.32157545800146,r,1,1.112960500002373,None,,,,,02,001,2025-11-12_21h31.40.774,stroop task,,2025.1.1,None,2025-11-12 21h31.47.214604 +0530,
PEACE,blue,C,b,E,198,38,4,b,1,0.9242304580038763,None,4,38,198,2,279.3363712499995,,,,,,,,,279.3288732910005,279.3363712499995,279.8193183750045,279.8193183750045,279.8193183750045,280.7546768329994,b,1,0.9242304580038763,None,,,,,02,001,2025-11-12_21h31.40.774,stroop task,,2025.1.1,None,2025-11-12 21h31.47.214604 +0530,
SADNESS,green,I,g,E,199,39,4,g,1,1.2140517079969868,None,4,39,199,9,280.76755279100325,,,,,,,,,280.76007233300334,280.76755279100325,281.2526058750009,281.2526058750009,281.2526058750009,282.4711919160036,g,1,1.2140517079969868,None,,,,,02,001,2025-11-12_21h31.40.774,stroop task,,2025.1.1,None,2025-11-12 21h31.47.214604 +0530,
,,,,,,,,,,,,,,,,,,,,,,,,,,,,,,,,,,,282.47143270800007,282.4864848330035,283.47544270800427,283.47033841600205,02,001,2025-11-12_21h31.40.774,stroop task,,2025.1.1,None,2025-11-12 21h31.47.214604 +0530,
