pos,corr_resp,thisN,thisTrialN,thisRepN,key_resp.keys,key_resp.corr,key_resp.rt,key_resp.duration,key_resp_2.keys,key_resp_2.corr,key_resp_2.rt,key_resp_2.duration,trials.thisRepN,trials.thisTrialN,trials.thisN,trials.thisIndex,trials_2.thisRepN,trials_2.thisTrialN,trials_2.thisN,trials_2.thisIndex,thisRow.t,notes,trial.started,fixation.started,line1.started,line2.started,line3.started,line4.started,fixation.stopped,probe.started,key_resp.started,trial.stopped,trials.key_resp.keys,trials.key_resp.corr,trials.key_resp.rt,trials.key_resp.duration,trial_2.started,fixation_2.started,line_1.started,line_2.started,line_3.started,line_4.started,fixation_2.stopped,probe_2.started,key_resp_2.started,trial_2.stopped,trials_2.key_resp_2.keys,trials_2.key_resp_2.corr,trials_2.key_resp_2.rt,trials_2.key_resp_2.duration,participant,session,date,expName,expVersion,psychopyVersion,frameRate,expStart,
50,c,0,0,0,c,1,0.7642381670011673,None,,,,,0,0,0,0,,,,,0.017436708003515378,,0.010996333003276959,0.017436708003515378,1.0068164999829605,1.0068164999829605,1.0068164999829605,1.0068164999829605,1.0173983749991748,1.9942515419970732,1.9942515419970732,3.230031249986496,c,1,0.7642381670011673,None,,,,,,,,,,,,,,,04,001,2025-10-01_21h12.38.499,MotorSequence,,2025.1.1,119.39276788681335,2025-10-01 21h12.54.900890 +0530,
-150,z,1,1,0,z,1,0.480453583993949,None,,,,,0,1,1,1,,,,,3.2398133749957196,,3.2302768329973333,3.2398133749957196,4.22676879199571,4.22676879199571,4.22676879199571,4.22676879199571,4.234673041995848,5.226033791986993,5.226033791986993,5.709584666998126,z,1,0.480453583993949,None,,,,,,,,,,,,,,,04,001,2025-10-01_21h12.38.499,MotorSequence,,2025.1.1,119.39276788681335,2025-10-01 21h12.54.900890 +0530,
150,v,2,2,0,v,1,0.5218351260118652,None,,,,,0,2,2,2,,,,,5.719386249984382,,5.71012433298165,5.719386249984382,6.709763541992288,6.709763541992288,6.709763541992288,6.709763541992288,6.71781312499661,7.70872049999889,7.70872049999889,8.235520457994426,v,1,0.5218351260118652,None,,,,,,,,,,,,,,,04,001,2025-10-01_21h12.38.499,MotorSequence,,2025.1.1,119.39276788681335,2025-10-01 21h12.54.900890 +0530,
-50,x,3,3,0,x,1,0.28453362599248067,None,,,,,0,3,3,3,,,,,8.245284582983004,,8.236131166981068,8.245284582983004,9.235083541978383,9.235083541978383,9.235083541978383,9.235083541978383,9.251446499984013,10.234032207983546,10.234032207983546,10.525728416978382,x,1,0.28453362599248067,None,,,,,,,,,,,,,,,04,001,2025-10-01_21h12.38.499,MotorSequence,,2025.1.1,119.39276788681335,2025-10-01 21h12.54.900890 +0530,
50,c,4,0,1,c,1,0.46713908400852233,None,,,,,1,0,4,0,,,,,10.535580875002779,,10.52624054197804,10.535580875002779,11.52653179198387,11.52653179198387,11.52653179198387,11.52653179198387,11.534399832977215,12.526568999979645,12.526568999979645,13.002443916979246,c,1,0.46713908400852233,None,,,,,,,,,,,,,,,04,001,2025-10-01_21h12.38.499,MotorSequence,,2025.1.1,119.39276788681335,2025-10-01 21h12.54.900890 +0530,
-150,z,5,1,1,z,1,0.23973662601201795,None,,,,,1,1,5,1,,,,,13.01197595798294,,13.002962208003737,13.01197595798294,14.000842582987389,14.000842582987389,14.000842582987389,14.000842582987389,14.008299582987092,15.000922291976167,15.000922291976167,15.242777874984313,z,1,0.23973662601201795,None,,,,,,,,,,,,,,,04,001,2025-10-01_21h12.38.499,MotorSequence,,2025.1.1,119.39276788681335,2025-10-01 21h12.54.900890 +0530,
150,v,6,2,1,v,1,0.3213915009982884,None,,,,,1,2,6,2,,,,,15.252576541999588,,15.243275082990294,15.252576541999588,16.243075874983333,16.243075874983333,16.243075874983333,16.243075874983333,16.251183624990517,17.242432166996878,17.242432166996878,17.569067124975845,v,1,0.3213915009982884,None,,,,,,,,,,,,,,,04,001,2025-10-01_21h12.38.499,MotorSequence,,2025.1.1,119.39276788681335,2025-10-01 21h12.54.900890 +0530,
-50,x,7,3,1,x,1,0.2970096669741906,None,,,,,1,3,7,3,,,,,17.578481957985787,,17.569699582993053,17.578481957985787,18.56778124999255,18.56778124999255,18.56778124999255,18.56778124999255,18.57622495800024,19.56781774997944,19.56781774997944,19.869596167001873,x,1,0.2970096669741906,None,,,,,,,,,,,,,,,04,001,2025-10-01_21h12.38.499,MotorSequence,,2025.1.1,119.39276788681335,2025-10-01 21h12.54.900890 +0530,
50,c,8,0,2,c,1,0.4869404589990154,None,,,,,2,0,8,0,,,,,19.87945591699099,,19.870128207985545,19.87945591699099,20.867848666995997,20.867848666995997,20.867848666995997,20.867848666995997,20.876146082999185,21.867811499978416,21.867811499978416,22.359990999975707,c,1,0.4869404589990154,None,,,,,,,,,,,,,,,04,001,2025-10-01_21h12.38.499,MotorSequence,,2025.1.1,119.39276788681335,2025-10-01 21h12.54.900890 +0530,
-150,z,9,1,2,z,1,0.27347783400909975,None,,,,,2,1,9,1,,,,,22.36974533298053,,22.360525666998,22.36974533298053,23.359844124992378,23.359844124992378,23.359844124992378,23.359844124992378,23.368042291986058,24.359288624982582,24.359288624982582,24.636029749992304,z,1,0.27347783400909975,None,,,,,,,,,,,,,,,04,001,2025-10-01_21h12.38.499,MotorSequence,,2025.1.1,119.39276788681335,2025-10-01 21h12.54.900890 +0530,
150,v,10,2,2,v,1,0.36464708400308155,None,,,,,2,2,10,2,,,,,24.64531637498294,,24.636534749995917,24.64531637498294,25.627492125000572,25.627492125000572,25.627492125000572,25.627492125000572,25.64302499999758,26.625238541979343,26.625238541979343,26.993405166984303,v,1,0.36464708400308155,None,,,,,,,,,,,,,,,04,001,2025-10-01_21h12.38.499,MotorSequence,,2025.1.1,119.39276788681335,2025-10-01 21h12.54.900890 +0530,
-50,x,11,3,2,x,1,0.30152387599810027,None,,,,,2,3,11,3,,,,,27.003525999985868,,26.99393204197986,27.003525999985868,27.984949874982703,27.984949874982703,27.984949874982703,27.984949874982703,28.001468374975957,28.992412666993914,28.992412666993914,29.303164874989307,x,1,0.30152387599810027,None,,,,,,,,,,,,,,,04,001,2025-10-01_21h12.38.499,MotorSequence,,2025.1.1,119.39276788681335,2025-10-01 21h12.54.900890 +0530,
50,c,12,0,3,c,1,0.2613685000105761,None,,,,,3,0,12,0,,,,,29.312993957981234,,29.30389241699595,29.312993957981234,30.301536957995268,30.301536957995268,30.301536957995268,30.301536957995268,30.308985749987187,31.301734374981606,31.301734374981606,31.569585457997164,c,1,0.2613685000105761,None,,,,,,,,,,,,,,,04,001,2025-10-01_21h12.38.499,MotorSequence,,2025.1.1,119.39276788681335,2025-10-01 21h12.54.900890 +0530,
-150,z,13,1,3,z,1,0.2627480840019416,None,,,,,3,1,13,1,,,,,31.578344874986215,,31.570111499982886,31.578344874986215,32.56837804199313,32.56837804199313,32.56837804199313,32.56837804199313,32.57605504198,33.56830229199841,33.56830229199841,33.83605054198415,z,1,0.2627480840019416,None,,,,,,,,,,,,,,,04,001,2025-10-01_21h12.38.499,MotorSequence,,2025.1.1,119.39276788681335,2025-10-01 21h12.54.900890 +0530,
150,v,14,2,3,v,1,0.29781895902124234,None,,,,,3,2,14,2,,,,,33.84550237498479,,33.83655524998903,33.84550237498479,34.828296457999386,34.828296457999386,34.828296457999386,34.828296457999386,34.83639191699331,35.835180207999656,35.835180207999656,36.13826291699661,v,1,0.29781895902124234,None,,,,,,,,,,,,,,,04,001,2025-10-01_21h12.38.499,MotorSequence,,2025.1.1,119.39276788681335,2025-10-01 21h12.54.900890 +0530,
-50,x,15,3,3,x,1,0.3068569590104744,None,,,,,3,3,15,3,,,,,36.15238137499546,,36.13864854199346,36.15238137499546,37.13512779198936,37.13512779198936,37.13512779198936,37.13512779198936,37.14293820798048,38.13530641698162,38.13530641698162,38.44387179199839,x,1,0.3068569590104744,None,,,,,,,,,,,,,,,04,001,2025-10-01_21h12.38.499,MotorSequence,,2025.1.1,119.39276788681335,2025-10-01 21h12.54.900890 +0530,
50,c,16,0,4,c,1,0.27930279201245867,None,,,,,4,0,16,0,,,,,38.4517667919863,,38.444373707985505,38.4517667919863,39.44414741700166,39.44414741700166,39.44414741700166,39.44414741700166,39.44414741700166,40.4437743749877,40.4437743749877,40.726968791976105,c,1,0.27930279201245867,None,,,,,,,,,,,,,,,04,001,2025-10-01_21h12.38.499,MotorSequence,,2025.1.1,119.39276788681335,2025-10-01 21h12.54.900890 +0530,
-150,z,17,1,4,z,1,0.25799350001034327,None,,,,,4,1,17,1,,,,,40.736965416988824,,40.72748883298482,40.736965416988824,41.727960874995915,41.727960874995915,41.727960874995915,41.727960874995915,41.735761207994074,42.72707395799807,42.72707395799807,42.98671770800138,z,1,0.25799350001034327,None,,,,,,,,,,,,,,,04,001,2025-10-01_21h12.38.499,MotorSequence,,2025.1.1,119.39276788681335,2025-10-01 21h12.54.900890 +0530,
150,v,18,2,4,v,1,0.2768322499759961,None,,,,,4,2,18,2,,,,,42.99620291698375,,42.987224749987945,42.99620291698375,43.97713108299649,43.97713108299649,43.97713108299649,43.97713108299649,43.99236508298782,44.98535295799957,44.98535295799957,45.2699626669928,v,1,0.2768322499759961,None,,,,,,,,,,,,,,,04,001,2025-10-01_21h12.38.499,MotorSequence,,2025.1.1,119.39276788681335,2025-10-01 21h12.54.900890 +0530,
-50,x,19,3,4,x,1,0.2584362920024432,None,,,,,4,3,19,3,,,,,45.2790729169792,,45.270468916976824,45.2790729169792,46.26149795798119,46.26149795798119,46.26149795798119,46.26149795798119,46.26966020799591,47.26882349999505,47.26882349999505,47.536613374977605,x,1,0.2584362920024432,None,,,,,,,,,,,,,,,04,001,2025-10-01_21h12.38.499,MotorSequence,,2025.1.1,119.39276788681335,2025-10-01 21h12.54.900890 +0530,
50,c,20,0,5,c,1,0.29796641701250337,None,,,,,5,0,20,0,,,,,47.545910374989035,,47.537104791990714,47.545910374989035,48.52947929198854,48.52947929198854,48.52947929198854,48.52947929198854,48.53775874999701,49.52732016699156,49.52732016699156,49.82725924998522,c,1,0.29796641701250337,None,,,,,,,,,,,,,,,04,001,2025-10-01_21h12.38.499,MotorSequence,,2025.1.1,119.39276788681335,2025-10-01 21h12.54.900890 +0530,
-150,z,21,1,5,z,1,0.33826016800594516,None,,,,,5,1,21,1,,,,,49.835520166991046,,49.827787957998225,49.835520166991046,50.82804458300234,50.82804458300234,50.82804458300234,50.82804458300234,50.82804458300234,51.818914292001864,51.818914292001864,52.16074066699366,z,1,0.33826016800594516,None,,,,,,,,,,,,,,,04,001,2025-10-01_21h12.38.499,MotorSequence,,2025.1.1,119.39276788681335,2025-10-01 21h12.54.900890 +0530,
150,v,22,2,5,v,1,0.2409070010180585,None,,,,,5,2,22,2,,,,,52.170216041995445,,52.16125237499364,52.170216041995445,53.16154775000177,53.16154775000177,53.16154775000177,53.16154775000177,53.16154775000177,54.16051154199522,54.16051154199522,54.40375749999657,v,1,0.2409070010180585,None,,,,,,,,,,,,,,,04,001,2025-10-01_21h12.38.499,MotorSequence,,2025.1.1,119.39276788681335,2025-10-01 21h12.54.900890 +0530,
-50,x,23,3,5,x,1,0.06985179299954325,None,,,,,5,3,23,3,,,,,54.41278683298151,,54.404280082992045,54.41278683298151,55.40246945800027,55.40246945800027,55.40246945800027,55.40246945800027,55.41021562498645,56.40243545800331,56.40243545800331,56.47775341698434,x,1,0.06985179299954325,None,,,,,,,,,,,,,,,04,001,2025-10-01_21h12.38.499,MotorSequence,,2025.1.1,119.39276788681335,2025-10-01 21h12.54.900890 +0530,
50,c,24,0,6,c,1,0.44979487601085566,None,,,,,6,0,24,0,,,,,56.48724770799163,,56.47825987500255,56.48724770799163,57.47810133299208,57.47810133299208,57.47810133299208,57.47810133299208,57.48607733298559,58.4775910829776,58.4775910829776,58.93751349998638,c,1,0.44979487601085566,None,,,,,,,,,,,,,,,04,001,2025-10-01_21h12.38.499,MotorSequence,,2025.1.1,119.39276788681335,2025-10-01 21h12.54.900890 +0530,
-150,z,25,1,6,z,1,0.2933264169842005,None,,,,,6,1,25,1,,,,,58.94693283300148,,58.9380170829827,58.94693283300148,59.93615233298624,59.93615233298624,59.93615233298624,59.93615233298624,59.944399707979755,60.93599658299354,60.93599658299354,61.237606207985664,z,1,0.2933264169842005,None,,,,,,,,,,,,,,,04,001,2025-10-01_21h12.38.499,MotorSequence,,2025.1.1,119.39276788681335,2025-10-01 21h12.54.900890 +0530,
150,v,26,2,6,v,1,0.28040566699928604,None,,,,,6,2,26,2,,,,,61.248100582975894,,61.23819987499155,61.248100582975894,62.23606345799635,62.23606345799635,62.23606345799635,62.23606345799635,62.243806291982764,63.23602387498249,63.23602387498249,63.520502166997176,v,1,0.28040566699928604,None,,,,,,,,,,,,,,,04,001,2025-10-01_21h12.38.499,MotorSequence,,2025.1.1,119.39276788681335,2025-10-01 21h12.54.900890 +0530,
-50,x,27,3,6,x,1,0.3021301670232788,None,,,,,6,3,27,3,,,,,63.52990924997721,,63.521017416991526,63.52990924997721,64.51236100000096,64.51236100000096,64.51236100000096,64.51236100000096,64.52117445800104,65.51940683298744,65.51940683298744,65.82831962499768,x,1,0.3021301670232788,None,,,,,,,,,,,,,,,04,001,2025-10-01_21h12.38.499,MotorSequence,,2025.1.1,119.39276788681335,2025-10-01 21h12.54.900890 +0530,
50,c,28,0,7,c,1,0.31440425099572167,None,,,,,7,0,28,0,,,,,65.83835920799174,,65.82893887499813,65.83835920799174,66.82894108298933,66.82894108298933,66.82894108298933,66.82894108298933,66.8371660829871,67.82822754199151,67.82822754199151,68.14504945799126,c,1,0.31440425099572167,None,,,,,,,,,,,,,,,04,001,2025-10-01_21h12.38.499,MotorSequence,,2025.1.1,119.39276788681335,2025-10-01 21h12.54.900890 +0530,
-150,z,29,1,7,z,1,0.25476308399811387,None,,,,,7,1,29,1,,,,,68.15292620798573,,68.14555654200376,68.15292620798573,69.14538562498637,69.14538562498637,69.14538562498637,69.14538562498637,69.14538562498637,70.14485629199771,70.14485629199771,70.40481508299126,z,1,0.25476308399811387,None,,,,,,,,,,,,,,,04,001,2025-10-01_21h12.38.499,MotorSequence,,2025.1.1,119.39276788681335,2025-10-01 21h12.54.900890 +0530,
150,v,30,2,7,v,1,0.2994097500049975,None,,,,,7,2,30,2,,,,,70.42024345797836,,70.40539020797587,70.42024345797836,71.40298662497662,71.40298662497662,71.40298662497662,71.40298662497662,71.41062124999007,72.40330937498948,72.40330937498948,72.70464595800149,v,1,0.2994097500049975,None,,,,,,,,,,,,,,,04,001,2025-10-01_21h12.38.499,MotorSequence,,2025.1.1,119.39276788681335,2025-10-01 21h12.54.900890 +0530,
-50,x,31,3,7,x,1,0.3394756259804126,None,,,,,7,3,31,3,,,,,72.7113931249769,,72.70515049999813,72.7113931249769,73.70332916697953,73.70332916697953,73.70332916697953,73.70332916697953,73.70332916697953,74.7031677920022,74.7031677920022,75.0449071250041,x,1,0.3394756259804126,None,,,,,,,,,,,,,,,04,001,2025-10-01_21h12.38.499,MotorSequence,,2025.1.1,119.39276788681335,2025-10-01 21h12.54.900890 +0530,
50,c,32,0,8,c,1,0.2801689180196263,None,,,,,8,0,32,0,,,,,75.05313508299878,,75.045387457998,75.05313508299878,76.04659716697643,76.04659716697643,76.04659716697643,76.04659716697643,76.04659716697643,77.03665808300138,77.03665808300138,77.32124379198649,c,1,0.2801689180196263,None,,,,,,,,,,,,,,,04,001,2025-10-01_21h12.38.499,MotorSequence,,2025.1.1,119.39276788681335,2025-10-01 21h12.54.900890 +0530,
-150,z,33,1,8,z,1,0.3085100419993978,None,,,,,8,1,33,1,,,,,77.33128487499198,,77.32182241699775,77.33128487499198,78.31254095799522,78.31254095799522,78.31254095799522,78.31254095799522,78.32776191699668,79.31212683298509,79.31212683298509,79.6287529580004,z,1,0.3085100419993978,None,,,,,,,,,,,,,,,04,001,2025-10-01_21h12.38.499,MotorSequence,,2025.1.1,119.39276788681335,2025-10-01 21h12.54.900890 +0530,
150,v,34,2,8,v,1,0.26771470898529515,None,,,,,8,2,34,2,,,,,79.65198408300057,,79.62930724999751,79.65198408300057,80.62956504197791,80.62956504197791,80.62956504197791,80.62956504197791,80.64546945798793,81.62792879200424,81.62792879200424,81.90483387498534,v,1,0.26771470898529515,None,,,,,,,,,,,,,,,04,001,2025-10-01_21h12.38.499,MotorSequence,,2025.1.1,119.39276788681335,2025-10-01 21h12.54.900890 +0530,
-50,x,35,3,8,x,1,0.5192743340157904,None,,,,,8,3,35,3,,,,,81.91426266697817,,81.90535395799088,81.91426266697817,82.90353716700338,82.90353716700338,82.90353716700338,82.90353716700338,82.91196187498281,83.90351466697757,83.90351466697757,84.42882458298118,x,1,0.5192743340157904,None,,,,,,,,,,,,,,,04,001,2025-10-01_21h12.38.499,MotorSequence,,2025.1.1,119.39276788681335,2025-10-01 21h12.54.900890 +0530,
50,c,36,0,9,c,1,0.3787407090130728,None,,,,,9,0,36,0,,,,,84.43889866699465,,84.42945645799045,84.43889866699465,85.42925720798667,85.42925720798667,85.42925720798667,85.42925720798667,85.43741637500352,86.42808058299124,86.42808058299124,86.81248833300197,c,1,0.3787407090130728,None,,,,,,,,,,,,,,,04,001,2025-10-01_21h12.38.499,MotorSequence,,2025.1.1,119.39276788681335,2025-10-01 21h12.54.900890 +0530,
-150,z,37,1,9,z,1,0.2720561260066461,None,,,,,9,1,37,1,,,,,86.82205720798811,,86.81300112500321,86.82205720798811,87.81277016698732,87.81277016698732,87.81277016698732,87.81277016698732,87.82083287500427,88.81180837500142,88.81180837500142,89.08828212498338,z,1,0.2720561260066461,None,,,,,,,,,,,,,,,04,001,2025-10-01_21h12.38.499,MotorSequence,,2025.1.1,119.39276788681335,2025-10-01 21h12.54.900890 +0530,
150,v,38,2,9,v,1,0.26178804200026207,None,,,,,9,2,38,2,,,,,89.0980061669834,,89.08888254198246,89.0980061669834,90.07989733299473,90.07989733299473,90.07989733299473,90.07989733299473,90.09551316697616,91.08709049999015,91.08709049999015,91.35538304198417,v,1,0.26178804200026207,None,,,,,,,,,,,,,,,04,001,2025-10-01_21h12.38.499,MotorSequence,,2025.1.1,119.39276788681335,2025-10-01 21h12.54.900890 +0530,
-50,x,39,3,9,x,1,0.36015837502782233,None,,,,,9,3,39,3,,,,,91.3652880419977,,91.3559877499938,91.3652880419977,92.35381466700346,92.35381466700346,92.35381466700346,92.35381466700346,92.36155499998131,93.35380083299242,93.35380083299242,93.72170787499635,x,1,0.36015837502782233,None,,,,,,,,,,,,,,,04,001,2025-10-01_21h12.38.499,MotorSequence,,2025.1.1,119.39276788681335,2025-10-01 21h12.54.900890 +0530,
50,c,40,0,10,c,1,0.2804235010116827,None,,,,,10,0,40,0,,,,,93.73068224999588,,93.72221283300314,93.73068224999588,94.71313920800458,94.71313920800458,94.71313920800458,94.71313920800458,94.72092799999518,95.7205106249894,95.7205106249894,96.00535716698505,c,1,0.2804235010116827,None,,,,,,,,,,,,,,,04,001,2025-10-01_21h12.38.499,MotorSequence,,2025.1.1,119.39276788681335,2025-10-01 21h12.54.900890 +0530,
-150,z,41,1,10,z,1,0.2560420000227168,None,,,,,10,1,41,1,,,,,96.01515224998002,,96.00593208300415,96.01515224998002,96.99651395800174,96.99651395800174,96.99651395800174,96.99651395800174,97.01203225000063,98.00400379198254,98.00400379198254,98.26265787499142,z,1,0.2560420000227168,None,,,,,,,,,,,,,,,04,001,2025-10-01_21h12.38.499,MotorSequence,,2025.1.1,119.39276788681335,2025-10-01 21h12.54.900890 +0530,
150,v,42,2,10,v,1,0.670063333993312,None,,,,,10,2,42,2,,,,,98.27242604197818,,98.26316479197703,98.27242604197818,99.26321033298154,99.26321033298154,99.26321033298154,99.26321033298154,99.27101274998859,100.26213724998524,100.26213724998524,100.9392915419885,v,1,0.670063333993312,None,,,,,,,,,,,,,,,04,001,2025-10-01_21h12.38.499,MotorSequence,,2025.1.1,119.39276788681335,2025-10-01 21h12.54.900890 +0530,
-50,x,43,3,10,x,1,0.29246708401478827,None,,,,,10,3,43,3,,,,,100.9491321669775,,100.93989583299845,100.9491321669775,101.93759729198064,101.93759729198064,101.93759729198064,101.93759729198064,101.94567829198786,102.93756320799002,102.93756320799002,103.23898799999733,x,1,0.29246708401478827,None,,,,,,,,,,,,,,,04,001,2025-10-01_21h12.38.499,MotorSequence,,2025.1.1,119.39276788681335,2025-10-01 21h12.54.900890 +0530,
50,c,44,0,11,c,1,0.29235891698044725,None,,,,,11,0,44,0,,,,,103.24893645799602,,103.23962008298258,103.24893645799602,104.22954591698362,104.22954591698362,104.22954591698362,104.22954591698362,104.24483733298257,105.23765854199883,105.23765854199883,105.53909195799497,c,1,0.29235891698044725,None,,,,,,,,,,,,,,,04,001,2025-10-01_21h12.38.499,MotorSequence,,2025.1.1,119.39276788681335,2025-10-01 21h12.54.900890 +0530,
-150,z,45,1,11,z,1,0.4683122090063989,None,,,,,11,1,45,1,,,,,105.54932691698195,,105.53968762498698,105.54932691698195,106.53770683298353,106.53770683298353,106.53770683298353,106.53770683298353,106.54540295799961,107.53770670798258,107.53770670798258,108.01267574998201,z,1,0.4683122090063989,None,,,,,,,,,,,,,,,04,001,2025-10-01_21h12.38.499,MotorSequence,,2025.1.1,119.39276788681335,2025-10-01 21h12.54.900890 +0530,
150,v,46,2,11,v,1,0.2746555420162622,None,,,,,11,2,46,2,,,,,108.02248270798009,,108.01322262498434,108.02248270798009,109.0133103329863,109.0133103329863,109.0133103329863,109.0133103329863,109.0133103329863,110.00447795799118,110.00447795799118,110.28919812498498,v,1,0.2746555420162622,None,,,,,,,,,,,,,,,04,001,2025-10-01_21h12.38.499,MotorSequence,,2025.1.1,119.39276788681335,2025-10-01 21h12.54.900890 +0530,
-50,x,47,3,11,x,1,0.3357937929977197,None,,,,,11,3,47,3,,,,,110.2992189579818,,110.29000087498571,110.2992189579818,111.28045799999381,111.28045799999381,111.28045799999381,111.28045799999381,111.29654579199268,112.28053187500336,112.28053187500336,112.6228195829899,x,1,0.3357937929977197,None,,,,,,,,,,,,,,,04,001,2025-10-01_21h12.38.499,MotorSequence,,2025.1.1,119.39276788681335,2025-10-01 21h12.54.900890 +0530,
50,c,48,0,12,c,1,0.07098062598379329,None,,,,,12,0,48,0,,,,,112.63234374998137,,112.62333904198022,112.63234374998137,113.62124870799016,113.62124870799016,113.62124870799016,113.62124870799016,113.62888649999513,114.62128212497919,114.62128212497919,114.69646470798762,c,1,0.07098062598379329,None,,,,,,,,,,,,,,,04,001,2025-10-01_21h12.38.499,MotorSequence,,2025.1.1,119.39276788681335,2025-10-01 21h12.54.900890 +0530,
-150,z,49,1,12,z,1,0.0033068759948946536,None,,,,,12,1,49,1,,,,,114.70616020797752,,114.6970160829951,114.70616020797752,115.6970641669759,115.6970641669759,115.6970641669759,115.6970641669759,115.6970641669759,116.68798695798614,116.68798695798614,116.69625283300411,z,1,0.0033068759948946536,None,,,,,,,,,,,,,,,04,001,2025-10-01_21h12.38.499,MotorSequence,,2025.1.1,119.39276788681335,2025-10-01 21h12.54.900890 +0530,
150,v,50,2,12,v,1,0.45829787600087,None,,,,,12,2,50,2,,,,,116.7058875829971,,116.69675695800106,116.7058875829971,117.68818241698318,117.68818241698318,117.68818241698318,117.68818241698318,117.70489629197982,118.69008849997772,118.69008849997772,119.15592437499436,v,1,0.45829787600087,None,,,,,,,,,,,,,,,04,001,2025-10-01_21h12.38.499,MotorSequence,,2025.1.1,119.39276788681335,2025-10-01 21h12.54.900890 +0530,
-50,x,51,3,12,x,1,0.11206758400658146,None,,,,,12,3,51,3,,,,,119.16508637499646,,119.15643387500313,119.16508637499646,120.14751670797705,120.14751670797705,120.14751670797705,120.14751670797705,120.15567595799803,121.14727912499802,121.14727912499802,121.26363004199811,x,1,0.11206758400658146,None,,,,,,,,,,,,,,,04,001,2025-10-01_21h12.38.499,MotorSequence,,2025.1.1,119.39276788681335,2025-10-01 21h12.54.900890 +0530,
50,c,52,0,13,c,1,0.41479495898238383,None,,,,,13,0,52,0,,,,,121.2730817499978,,121.26414487499278,121.2730817499978,122.2637703329965,122.2637703329965,122.2637703329965,122.2637703329965,122.27166524998029,123.26258508299361,123.26258508299361,123.68020158298896,c,1,0.41479495898238383,None,,,,,,,,,,,,,,,04,001,2025-10-01_21h12.38.499,MotorSequence,,2025.1.1,119.39276788681335,2025-10-01 21h12.54.900890 +0530,
-150,z,53,1,13,z,1,0.5166542919760104,None,,,,,13,1,53,1,,,,,123.69036545799463,,123.6807157919975,123.69036545799463,124.68103087498457,124.68103087498457,124.68103087498457,124.68103087498457,124.6888809579832,125.67975279199891,125.67975279199891,126.20671516697621,z,1,0.5166542919760104,None,,,,,,,,,,,,,,,04,001,2025-10-01_21h12.38.499,MotorSequence,,2025.1.1,119.39276788681335,2025-10-01 21h12.54.900890 +0530,
150,v,54,2,13,v,1,0.24912316800327972,None,,,,,13,2,54,2,,,,,126.21669062497676,,126.2072996670031,126.21669062497676,127.20512774999952,127.20512774999952,127.20512774999952,127.20512774999952,127.21279741698527,128.20532670800458,128.20532670800458,128.45646070799557,v,1,0.24912316800327972,None,,,,,,,,,,,,,,,04,001,2025-10-01_21h12.38.499,MotorSequence,,2025.1.1,119.39276788681335,2025-10-01 21h12.54.900890 +0530,
-50,x,55,3,13,x,1,0.24844333398505114,None,,,,,13,3,55,3,,,,,128.46305612497963,,128.45696949999547,128.46305612497963,129.44910924998112,129.44910924998112,129.44910924998112,129.44910924998112,129.47233804198913,130.44701833298313,130.44701833298313,130.6969551249931,x,1,0.24844333398505114,None,,,,,,,,,,,,,,,04,001,2025-10-01_21h12.38.499,MotorSequence,,2025.1.1,119.39276788681335,2025-10-01 21h12.54.900890 +0530,
50,c,56,0,14,c,1,0.27086125101777725,None,,,,,14,0,56,0,,,,,130.70658658299362,,130.69744733299012,130.70658658299362,131.6977004579967,131.6977004579967,131.6977004579967,131.6977004579967,131.6977004579967,132.6886175829859,132.6886175829859,132.96367595798802,c,1,0.27086125101777725,None,,,,,,,,,,,,,,,04,001,2025-10-01_21h12.38.499,MotorSequence,,2025.1.1,119.39276788681335,2025-10-01 21h12.54.900890 +0530,
-150,z,57,1,14,z,1,0.24916870897868648,None,,,,,14,1,57,1,,,,,132.97331991698593,,132.96418662500218,132.97331991698593,133.95528191697667,133.95528191697667,133.95528191697667,133.95528191697667,133.97190399997635,134.95532629199442,134.95532629199442,135.20722729197587,z,1,0.24916870897868648,None,,,,,,,,,,,,,,,04,001,2025-10-01_21h12.38.499,MotorSequence,,2025.1.1,119.39276788681335,2025-10-01 21h12.54.900890 +0530,
150,v,58,2,14,v,1,0.06401704301242717,None,,,,,14,2,58,2,,,,,135.21707749998313,,135.20780895798816,135.21707749998313,136.2054351249826,136.2054351249826,136.2054351249826,136.2054351249826,136.21312045797822,137.20559212498483,137.20559212498483,137.27362429199275,v,1,0.06401704301242717,None,,,,,,,,,,,,,,,04,001,2025-10-01_21h12.38.499,MotorSequence,,2025.1.1,119.39276788681335,2025-10-01 21h12.54.900890 +0530,
-50,x,59,3,14,x,1,0.12082254199776798,None,,,,,14,3,59,3,,,,,137.28236887499224,,137.2741247919912,137.28236887499224,138.27218816700042,138.27218816700042,138.27218816700042,138.27218816700042,138.27991645797738,139.27270608299295,139.27270608299295,139.39740016698488,x,1,0.12082254199776798,None,,,,,,,,,,,,,,,04,001,2025-10-01_21h12.38.499,MotorSequence,,2025.1.1,119.39276788681335,2025-10-01 21h12.54.900890 +0530,
50,c,60,0,15,c,1,0.2211615419946611,None,,,,,15,0,60,0,,,,,139.40580949999276,,139.3976824169804,139.40580949999276,140.39821299997857,140.39821299997857,140.39821299997857,140.39821299997857,140.39821299997857,141.39734066699748,141.39734066699748,141.62361008298467,c,1,0.2211615419946611,None,,,,,,,,,,,,,,,04,001,2025-10-01_21h12.38.499,MotorSequence,,2025.1.1,119.39276788681335,2025-10-01 21h12.54.900890 +0530,
-150,z,61,1,15,z,1,0.32841225099400617,None,,,,,15,1,61,1,,,,,141.63021470798412,,141.62401054200018,141.63021470798412,142.6147479999927,142.6147479999927,142.6147479999927,142.6147479999927,142.62295420799637,143.62234683299903,143.62234683299903,143.95709895799519,z,1,0.32841225099400617,None,,,,,,,,,,,,,,,04,001,2025-10-01_21h12.38.499,MotorSequence,,2025.1.1,119.39276788681335,2025-10-01 21h12.54.900890 +0530,
150,v,62,2,15,v,1,0.3429689180047717,None,,,,,15,2,62,2,,,,,143.96762741697603,,143.95773024999653,143.96762741697603,144.9486380419985,144.9486380419985,144.9486380419985,144.9486380419985,144.96394933300326,145.95571912499145,145.95571912499145,146.30722766698455,v,1,0.3429689180047717,None,,,,,,,,,,,,,,,04,001,2025-10-01_21h12.38.499,MotorSequence,,2025.1.1,119.39276788681335,2025-10-01 21h12.54.900890 +0530,
-50,x,63,3,15,x,1,0.41784300000290386,None,,,,,15,3,63,3,,,,,146.31606662500417,,146.30777570800274,146.31606662500417,147.3075826249842,147.3075826249842,147.3075826249842,147.3075826249842,147.31527666698094,148.30582820798736,148.30582820798736,148.73104008298833,x,1,0.41784300000290386,None,,,,,,,,,,,,,,,04,001,2025-10-01_21h12.38.499,MotorSequence,,2025.1.1,119.39276788681335,2025-10-01 21h12.54.900890 +0530,
50,c,64,0,16,c,1,0.26971862601931207,None,,,,,16,0,64,0,,,,,148.74066479198518,,148.7315519169788,148.74066479198518,149.731433457986,149.731433457986,149.731433457986,149.731433457986,149.731433457986,150.73118570799124,150.73118570799124,151.00775474999682,c,1,0.26971862601931207,None,,,,,,,,,,,,,,,04,001,2025-10-01_21h12.38.499,MotorSequence,,2025.1.1,119.39276788681335,2025-10-01 21h12.54.900890 +0530,
-150,z,65,1,16,z,1,0.509937541995896,None,,,,,16,1,65,1,,,,,151.0173437499907,,151.0084408329858,151.0173437499907,152.00602362499922,152.00602362499922,152.00602362499922,152.00602362499922,152.01385137499892,153.00595195798087,153.00595195798087,153.52419479200034,z,1,0.509937541995896,None,,,,,,,,,,,,,,,04,001,2025-10-01_21h12.38.499,MotorSequence,,2025.1.1,119.39276788681335,2025-10-01 21h12.54.900890 +0530,
150,v,66,2,16,v,1,0.34513612600858323,None,,,,,16,2,66,2,,,,,153.53300370799843,,153.5247212079994,153.53300370799843,154.51540499998373,154.51540499998373,154.51540499998373,154.51540499998373,154.52322524998453,155.52276199997868,155.52276199997868,155.87402166699758,v,1,0.34513612600858323,None,,,,,,,,,,,,,,,04,001,2025-10-01_21h12.38.499,MotorSequence,,2025.1.1,119.39276788681335,2025-10-01 21h12.54.900890 +0530,
-50,x,67,3,16,x,1,0.33690783398924395,None,,,,,16,3,67,3,,,,,155.88331887498498,,155.8745313329855,155.88331887498498,156.8653543329856,156.8653543329856,156.8653543329856,156.8653543329856,156.8812477499887,157.87305712499074,157.87305712499074,158.2146783329954,x,1,0.33690783398924395,None,,,,,,,,,,,,,,,04,001,2025-10-01_21h12.38.499,MotorSequence,,2025.1.1,119.39276788681335,2025-10-01 21h12.54.900890 +0530,
50,c,68,0,17,c,1,0.28959737601689994,None,,,,,17,0,68,0,,,,,158.2243034169951,,158.21519524999894,158.2243034169951,159.20646379198297,159.20646379198297,159.20646379198297,159.20646379198297,159.22292295799707,160.2162067499885,160.2162067499885,160.50737970799673,c,1,0.28959737601689994,None,,,,,,,,,,,,,,,04,001,2025-10-01_21h12.38.499,MotorSequence,,2025.1.1,119.39276788681335,2025-10-01 21h12.54.900890 +0530,
-150,z,69,1,17,z,1,0.6295921679993626,None,,,,,17,1,69,1,,,,,160.51415291699232,,160.5078833749867,160.51415291699232,161.49810716698994,161.49810716698994,161.49810716698994,161.49810716698994,161.50625154198497,162.50635424998472,162.50635424998472,163.1407616249926,z,1,0.6295921679993626,None,,,,,,,,,,,,,,,04,001,2025-10-01_21h12.38.499,MotorSequence,,2025.1.1,119.39276788681335,2025-10-01 21h12.54.900890 +0530,
150,v,70,2,17,v,1,0.28707970899995416,None,,,,,17,2,70,2,,,,,163.15025070798583,,163.14125174999936,163.15025070798583,164.13196345799952,164.13196345799952,164.13196345799952,164.13196345799952,164.14738799998304,165.13984662498115,165.13984662498115,165.4320606669935,v,1,0.28707970899995416,None,,,,,,,,,,,,,,,04,001,2025-10-01_21h12.38.499,MotorSequence,,2025.1.1,119.39276788681335,2025-10-01 21h12.54.900890 +0530,
-50,x,71,3,17,x,1,0.28316116699716076,None,,,,,17,3,71,3,,,,,165.4420048329921,,165.43256670798291,165.4420048329921,166.43208091700217,166.43208091700217,166.43208091700217,166.43208091700217,166.43982458297978,167.4308674169879,167.4308674169879,167.7153352079913,x,1,0.28316116699716076,None,,,,,,,,,,,,,,,04,001,2025-10-01_21h12.38.499,MotorSequence,,2025.1.1,119.39276788681335,2025-10-01 21h12.54.900890 +0530,
50,c,72,0,18,c,1,0.2679002090007998,None,,,,,18,0,72,0,,,,,167.7232442079985,,167.71582179199322,167.7232442079985,168.71503187497729,168.71503187497729,168.71503187497729,168.71503187497729,168.71503187497729,169.7151090829866,169.7151090829866,169.99121883299085,c,1,0.2679002090007998,None,,,,,,,,,,,,,,,04,001,2025-10-01_21h12.38.499,MotorSequence,,2025.1.1,119.39276788681335,2025-10-01 21h12.54.900890 +0530,
-150,z,73,1,18,z,1,0.4471406249795109,None,,,,,18,1,73,1,,,,,170.00080229199375,,169.99175137499697,170.00080229199375,170.9828398329846,170.9828398329846,170.9828398329846,170.9828398329846,170.99845524999546,171.99004145798972,171.99004145798972,172.44114258300397,z,1,0.4471406249795109,None,,,,,,,,,,,,,,,04,001,2025-10-01_21h12.38.499,MotorSequence,,2025.1.1,119.39276788681335,2025-10-01 21h12.54.900890 +0530,
150,v,74,2,18,v,1,0.5471463339927141,None,,,,,18,2,74,2,,,,,172.45014854200417,,172.44163345798734,172.45014854200417,173.44010912498925,173.44010912498925,173.44010912498925,173.44010912498925,173.44774745797622,174.4400536250032,174.4400536250032,174.99150612499216,v,1,0.5471463339927141,None,,,,,,,,,,,,,,,04,001,2025-10-01_21h12.38.499,MotorSequence,,2025.1.1,119.39276788681335,2025-10-01 21h12.54.900890 +0530,
-50,x,75,3,18,x,1,0.2819391670054756,None,,,,,18,3,75,3,,,,,175.0010254579829,,174.992017749988,175.0010254579829,175.9902031669917,175.9902031669917,175.9902031669917,175.9902031669917,175.99788204199285,176.990222583001,176.990222583001,177.2748878329876,x,1,0.2819391670054756,None,,,,,,,,,,,,,,,04,001,2025-10-01_21h12.38.499,MotorSequence,,2025.1.1,119.39276788681335,2025-10-01 21h12.54.900890 +0530,
50,c,76,0,19,c,1,0.5242142500064801,None,,,,,19,0,76,0,,,,,177.2850464579824,,177.2754842499853,177.2850464579824,178.2660931669816,178.2660931669816,178.2660931669816,178.2660931669816,178.28166233299999,179.27500179200433,179.27500179200433,179.8080919579952,c,1,0.5242142500064801,None,,,,,,,,,,,,,,,04,001,2025-10-01_21h12.38.499,MotorSequence,,2025.1.1,119.39276788681335,2025-10-01 21h12.54.900890 +0530,
-150,z,77,1,19,z,1,0.8330831680214033,None,,,,,19,1,77,1,,,,,179.81708237499697,,179.80859804200009,179.81708237499697,180.7994370419765,180.7994370419765,180.7994370419765,180.7994370419765,180.80755945798592,181.80708533298457,181.80708533298457,182.64154704200337,z,1,0.8330831680214033,None,,,,,,,,,,,,,,,04,001,2025-10-01_21h12.38.499,MotorSequence,,2025.1.1,119.39276788681335,2025-10-01 21h12.54.900890 +0530,
150,v,78,2,19,v,1,0.3837693340028636,None,,,,,19,2,78,2,,,,,182.64819095798885,,182.64203512499807,182.64819095798885,183.63298049999867,183.63298049999867,183.63298049999867,183.63298049999867,183.64094120799564,184.64046520798001,184.64046520798001,185.03222566700424,v,1,0.3837693340028636,None,,,,,,,,,,,,,,,04,001,2025-10-01_21h12.38.499,MotorSequence,,2025.1.1,119.39276788681335,2025-10-01 21h12.54.900890 +0530,
-50,x,79,3,19,x,1,0.3605361259833444,None,,,,,19,3,79,3,,,,,185.04188729199814,,185.03273954198812,185.04188729199814,186.03298187500332,186.03298187500332,186.03298187500332,186.03298187500332,186.03298187500332,187.0239158750046,187.0239158750046,187.39171795800212,x,1,0.3605361259833444,None,,,,,,,,,,,,,,,04,001,2025-10-01_21h12.38.499,MotorSequence,,2025.1.1,119.39276788681335,2025-10-01 21h12.54.900890 +0530,
50,c,80,0,20,c,1,0.5379844999988563,None,,,,,20,0,80,0,,,,,187.4005557920027,,187.39220120798564,187.4005557920027,188.38297533299192,188.38297533299192,188.38297533299192,188.38297533299192,188.39090499997837,189.38246887500281,189.38246887500281,189.92564066700288,c,1,0.5379844999988563,None,,,,,,,,,,,,,,,04,001,2025-10-01_21h12.38.499,MotorSequence,,2025.1.1,119.39276788681335,2025-10-01 21h12.54.900890 +0530,
-150,z,81,1,20,z,1,0.24737029199604876,None,,,,,20,1,81,1,,,,,189.93571783299558,,189.92625374998897,189.93571783299558,190.91712962498423,190.91712962498423,190.91712962498423,190.91712962498423,190.93182862497633,191.9240963329794,191.9240963329794,192.17571241699625,z,1,0.24737029199604876,None,,,,,,,,,,,,,,,04,001,2025-10-01_21h12.38.499,MotorSequence,,2025.1.1,119.39276788681335,2025-10-01 21h12.54.900890 +0530,
150,v,82,2,20,v,1,0.22732033400097862,None,,,,,20,2,82,2,,,,,192.1847705419932,,192.17619854200166,192.1847705419932,193.1740989999962,193.1740989999962,193.1740989999962,193.1740989999962,193.1818684579921,194.17416570798378,194.17416570798378,194.40863733299193,v,1,0.22732033400097862,None,,,,,,,,,,,,,,,04,001,2025-10-01_21h12.38.499,MotorSequence,,2025.1.1,119.39276788681335,2025-10-01 21h12.54.900890 +0530,
-50,x,83,3,20,x,1,0.33281916700070724,None,,,,,20,3,83,3,,,,,194.4171399579791,,194.40903445798904,194.4171399579791,195.3999925829994,195.3999925829994,195.3999925829994,195.3999925829994,195.4077859579993,196.40758141697734,196.40758141697734,196.74277512499248,x,1,0.33281916700070724,None,,,,,,,,,,,,,,,04,001,2025-10-01_21h12.38.499,MotorSequence,,2025.1.1,119.39276788681335,2025-10-01 21h12.54.900890 +0530,
50,c,84,0,21,c,1,0.29251512500923127,None,,,,,21,0,84,0,,,,,196.7525563329982,,196.7433098749898,196.7525563329982,197.74092625000048,197.74092625000048,197.74092625000048,197.74092625000048,197.74865674998728,198.74085966698476,198.74085966698476,199.042263832991,c,1,0.29251512500923127,None,,,,,,,,,,,,,,,04,001,2025-10-01_21h12.38.499,MotorSequence,,2025.1.1,119.39276788681335,2025-10-01 21h12.54.900890 +0530,
-150,z,85,1,21,z,1,0.1954807090223767,None,,,,,21,1,85,1,,,,,199.05139783298364,,199.04275875000167,199.05139783298364,200.04097287499462,200.04097287499462,200.04097287499462,200.04097287499462,200.0486738329928,201.04107095798827,201.04107095798827,201.24230049998732,z,1,0.1954807090223767,None,,,,,,,,,,,,,,,04,001,2025-10-01_21h12.38.499,MotorSequence,,2025.1.1,119.39276788681335,2025-10-01 21h12.54.900890 +0530,
150,v,86,2,21,v,1,0.39337375000468455,None,,,,,21,2,86,2,,,,,201.25156791700283,,201.24280670800363,201.25156791700283,202.2421889579855,202.2421889579855,202.2421889579855,202.2421889579855,202.25857129198266,203.24119654198876,203.24119654198876,203.64274300000397,v,1,0.39337375000468455,None,,,,,,,,,,,,,,,04,001,2025-10-01_21h12.38.499,MotorSequence,,2025.1.1,119.39276788681335,2025-10-01 21h12.54.900890 +0530,
-50,x,87,3,21,x,1,0.45233691699104384,None,,,,,21,3,87,3,,,,,203.6523314579972,,203.64345229198807,203.6523314579972,204.64116620799177,204.64116620799177,204.64116620799177,204.64116620799177,204.64890149998246,205.64113912498578,205.64113912498578,206.10020008299034,x,1,0.45233691699104384,None,,,,,,,,,,,,,,,04,001,2025-10-01_21h12.38.499,MotorSequence,,2025.1.1,119.39276788681335,2025-10-01 21h12.54.900890 +0530,
50,c,88,0,22,c,1,0.3572541670000646,None,,,,,22,0,88,0,,,,,206.10965162498178,,206.10071758300182,206.10965162498178,207.10143854198395,207.10143854198395,207.10143854198395,207.10143854198395,207.1092110000027,208.09935770797892,208.09935770797892,208.45929770800285,c,1,0.3572541670000646,None,,,,,,,,,,,,,,,04,001,2025-10-01_21h12.38.499,MotorSequence,,2025.1.1,119.39276788681335,2025-10-01 21h12.54.900890 +0530,
-150,z,89,1,22,z,1,0.31368812601431273,None,,,,,22,1,89,1,,,,,208.46889845799888,,208.4599894999992,208.46889845799888,209.45044958300423,209.45044958300423,209.45044958300423,209.45044958300423,209.46565016699606,210.45795004197862,210.45795004197862,210.7758438329911,z,1,0.31368812601431273,None,,,,,,,,,,,,,,,04,001,2025-10-01_21h12.38.499,MotorSequence,,2025.1.1,119.39276788681335,2025-10-01 21h12.54.900890 +0530,
150,v,90,2,22,v,1,0.299837000988191,None,,,,,22,2,90,2,,,,,210.784717832983,,210.77632737500244,210.784717832983,211.76744879200123,211.76744879200123,211.76744879200123,211.76744879200123,211.77536183298798,212.7666054169822,212.7666054169822,213.07632841699524,v,1,0.299837000988191,None,,,,,,,,,,,,,,,04,001,2025-10-01_21h12.38.499,MotorSequence,,2025.1.1,119.39276788681335,2025-10-01 21h12.54.900890 +0530,
-50,x,91,3,22,x,1,0.5028750009951182,None,,,,,22,3,91,3,,,,,213.08529258298222,,213.07684841699665,213.08529258298222,214.0677494169795,214.0677494169795,214.0677494169795,214.0677494169795,214.07577633298934,215.07491687498987,215.07491687498987,215.5834740419814,x,1,0.5028750009951182,None,,,,,,,,,,,,,,,04,001,2025-10-01_21h12.38.499,MotorSequence,,2025.1.1,119.39276788681335,2025-10-01 21h12.54.900890 +0530,
50,c,92,0,23,c,1,0.4461333340150304,None,,,,,23,0,92,0,,,,,215.59283058298752,,215.58393183298176,215.59283058298752,216.5750173330016,216.5750173330016,216.5750173330016,216.5750173330016,216.5916159999906,217.58359833300347,217.58359833300347,218.03368566700374,c,1,0.4461333340150304,None,,,,,,,,,,,,,,,04,001,2025-10-01_21h12.38.499,MotorSequence,,2025.1.1,119.39276788681335,2025-10-01 21h12.54.900890 +0530,
-150,z,93,1,23,z,1,0.23533041798509657,None,,,,,23,1,93,1,,,,,218.04348299998674,,218.03421270797844,218.04348299998674,219.03435874998104,219.03435874998104,219.03435874998104,219.03435874998104,219.04209724999964,220.0335513750033,220.0335513750033,220.2762588749756,z,1,0.23533041798509657,None,,,,,,,,,,,,,,,04,001,2025-10-01_21h12.38.499,MotorSequence,,2025.1.1,119.39276788681335,2025-10-01 21h12.54.900890 +0530,
150,v,94,2,23,v,1,0.18890437498339452,None,,,,,23,2,94,2,,,,,220.2850703749864,,220.27677362499526,220.2850703749864,221.26760433299933,221.26760433299933,221.26760433299933,221.26760433299933,221.2761214999773,222.27498887499678,222.27498887499678,222.46672758299974,v,1,0.18890437498339452,None,,,,,,,,,,,,,,,04,001,2025-10-01_21h12.38.499,MotorSequence,,2025.1.1,119.39276788681335,2025-10-01 21h12.54.900890 +0530,
-50,x,95,3,23,x,1,0.23424491699552163,None,,,,,23,3,95,3,,,,,222.4761457919958,,222.46722729198518,222.4761457919958,223.4585918749799,223.4585918749799,223.4585918749799,223.4585918749799,223.46585037498153,224.46659674998955,224.46659674998955,224.70984366699122,x,1,0.23424491699552163,None,,,,,,,,,,,,,,,04,001,2025-10-01_21h12.38.499,MotorSequence,,2025.1.1,119.39276788681335,2025-10-01 21h12.54.900890 +0530,
50,c,96,0,24,c,1,0.09122866799589247,None,,,,,24,0,96,0,,,,,224.7188675419893,,224.71037604199955,224.7188675419893,225.7086249999993,225.7086249999993,225.7086249999993,225.7086249999993,225.71636187497643,226.7085667079955,226.7085667079955,226.81078516697744,c,1,0.09122866799589247,None,,,,,,,,,,,,,,,04,001,2025-10-01_21h12.38.499,MotorSequence,,2025.1.1,119.39276788681335,2025-10-01 21h12.54.900890 +0530,
-150,z,97,1,24,z,1,0.2420012090005912,None,,,,,24,1,97,1,,,,,226.81717712499085,,226.81120370799908,226.81717712499085,227.80873316698126,227.80873316698126,227.80873316698126,227.80873316698126,227.8164657499874,228.8177919999871,228.8177919999871,229.06691433300148,z,1,0.2420012090005912,None,,,,,,,,,,,,,,,04,001,2025-10-01_21h12.38.499,MotorSequence,,2025.1.1,119.39276788681335,2025-10-01 21h12.54.900890 +0530,
150,v,98,2,24,v,1,0.2551088339823764,None,,,,,24,2,98,2,,,,,229.07652849997976,,229.06743854199885,229.07652849997976,230.05877566698473,230.05877566698473,230.05877566698473,230.05877566698473,230.07546420799918,231.05876870799693,231.05876870799693,231.31716408298234,v,1,0.2551088339823764,None,,,,,,,,,,,,,,,04,001,2025-10-01_21h12.38.499,MotorSequence,,2025.1.1,119.39276788681335,2025-10-01 21h12.54.900890 +0530,
-50,x,99,3,24,x,1,0.3173749999841675,None,,,,,24,3,99,3,,,,,231.32679045799887,,231.31767241700436,231.32679045799887,232.31783912499668,232.31783912499668,232.31783912499668,232.31783912499668,232.32557191699743,233.31655841699103,233.31655841699103,233.64360345798195,x,1,0.3173749999841675,None,,,,,,,,,,,,,,,04,001,2025-10-01_21h12.38.499,MotorSequence,,2025.1.1,119.39276788681335,2025-10-01 21h12.54.900890 +0530,
-50,x,0,0,0,,,,,x,1,0.3438696670054924,None,,,,,0,0,0,3,233.66356037498917,,,,,,,,,,,,,,,,233.6536869169795,233.66356037498917,234.64663608299452,234.64663608299452,234.64663608299452,234.64663608299452,234.65934904199094,235.64309099997627,235.64309099997627,235.99349554200307,x,1,0.3438696670054924,None,04,001,2025-10-01_21h12.38.499,MotorSequence,,2025.1.1,119.39276788681335,2025-10-01 21h12.54.900890 +0530,
150,v,1,1,0,,,,,v,1,0.6573337090085261,None,,,,,0,1,1,2,236.0030629579851,,,,,,,,,,,,,,,,235.99401787499664,236.0030629579851,236.99315895797918,236.99315895797918,236.99315895797918,236.99315895797918,237.0099610829784,237.98453283298295,237.98453283298295,238.64389795798343,v,1,0.6573337090085261,None,04,001,2025-10-01_21h12.38.499,MotorSequence,,2025.1.1,119.39276788681335,2025-10-01 21h12.54.900890 +0530,
-150,z,2,2,0,,,,,z,1,0.5082306250114925,None,,,,,0,2,2,1,238.65096870798152,,,,,,,,,,,,,,,,238.6444311249943,238.65096870798152,239.64266891698935,239.64266891698935,239.64266891698935,239.64266891698935,239.6502599999949,240.64357804198517,240.64357804198517,241.16075304200058,z,1,0.5082306250114925,None,04,001,2025-10-01_21h12.38.499,MotorSequence,,2025.1.1,119.39276788681335,2025-10-01 21h12.54.900890 +0530,
-50,x,3,3,1,,,,,x,1,0.3917981250269804,None,,,,,1,3,3,3,241.17037262499798,,,,,,,,,,,,,,,,241.1613681250019,241.17037262499798,242.1602374999784,242.1602374999784,242.1602374999784,242.1602374999784,242.1769181669806,243.15923858300084,243.15923858300084,243.55248774998472,x,1,0.3917981250269804,None,04,001,2025-10-01_21h12.38.499,MotorSequence,,2025.1.1,119.39276788681335,2025-10-01 21h12.54.900890 +0530,
-150,z,4,4,1,,,,,z,1,0.819830958993407,None,,,,,1,4,4,1,243.57621866700356,,,,,,,,,,,,,,,,243.55305016698549,243.57621866700356,244.55190641697845,244.55190641697845,244.55190641697845,244.55190641697845,244.56807895799284,245.55026091699256,245.55026091699256,246.3773714999843,z,1,0.819830958993407,None,04,001,2025-10-01_21h12.38.499,MotorSequence,,2025.1.1,119.39276788681335,2025-10-01 21h12.54.900890 +0530,
-150,z,5,5,2,,,,,z,1,1.0200960010115523,None,,,,,2,5,5,1,246.38643695798237,,,,,,,,,,,,,,,,246.3779037919885,246.38643695798237,247.37689474999206,247.37689474999206,247.37689474999206,247.37689474999206,247.39346150000347,248.36811770798522,248.36811770798522,249.3943078329903,z,1,1.0200960010115523,None,04,001,2025-10-01_21h12.38.499,MotorSequence,,2025.1.1,119.39276788681335,2025-10-01 21h12.54.900890 +0530,
-150,z,6,6,3,,,,,z,1,1.2273113339906558,None,,,,,3,6,6,1,249.40344470797572,,,,,,,,,,,,,,,,249.39485162499477,249.40344470797572,250.3940177919867,250.3940177919867,250.3940177919867,250.3940177919867,250.41044904198498,251.38584829200408,251.38584829200408,252.61848537498736,z,1,1.2273113339906558,None,04,001,2025-10-01_21h12.38.499,MotorSequence,,2025.1.1,119.39276788681335,2025-10-01 21h12.54.900890 +0530,
150,v,7,7,1,,,,,v,1,0.8348545840126462,None,,,,,1,7,7,2,252.62831033297698,,,,,,,,,,,,,,,,252.6190382920031,252.62831033297698,253.61885495798197,253.61885495798197,253.61885495798197,253.61885495798197,253.6271134169947,254.6113537499914,254.6113537499914,255.4517051249859,v,1,0.8348545840126462,None,04,001,2025-10-01_21h12.38.499,MotorSequence,,2025.1.1,119.39276788681335,2025-10-01 21h12.54.900890 +0530,
-50,x,8,8,2,,,,,x,1,0.4609392920101527,None,,,,,2,8,8,3,255.4615002499777,,,,,,,,,,,,,,,,255.45223012499628,255.4615002499777,256.4520067079866,256.4520067079866,256.4520067079866,256.4520067079866,256.45985099999234,257.45123608299764,257.45123608299764,257.91871208298835,x,1,0.4609392920101527,None,04,001,2025-10-01_21h12.38.499,MotorSequence,,2025.1.1,119.39276788681335,2025-10-01 21h12.54.900890 +0530,
-50,x,9,9,3,,,,,x,1,0.6885547500278335,None,,,,,3,9,9,3,257.92815824999707,,,,,,,,,,,,,,,,257.91925254199305,257.92815824999707,258.91022141699796,258.91022141699796,258.91022141699796,258.91022141699796,258.92650299999514,259.9178645829961,259.9178645829961,260.61126074998174,x,1,0.6885547500278335,None,04,001,2025-10-01_21h12.38.499,MotorSequence,,2025.1.1,119.39276788681335,2025-10-01 21h12.54.900890 +0530,
50,c,10,10,0,,,,,c,1,0.7371902930026408,None,,,,,0,10,10,0,260.62120974998106,,,,,,,,,,,,,,,,260.6118822080025,260.62120974998106,261.6098480829969,261.6098480829969,261.6098480829969,261.6098480829969,261.61760383300134,262.6021180829848,262.6021180829848,263.3447715829825,c,1,0.7371902930026408,None,04,001,2025-10-01_21h12.38.499,MotorSequence,,2025.1.1,119.39276788681335,2025-10-01 21h12.54.900890 +0530,
50,c,11,11,1,,,,,c,1,0.4370321260066703,None,,,,,1,11,11,0,263.3544056249957,,,,,,,,,,,,,,,,263.3453520000039,263.3544056249957,264.3432636249927,264.3432636249927,264.3432636249927,264.3432636249927,264.3509815419966,265.3432670419861,265.3432670419861,265.7853473330033,c,1,0.4370321260066703,None,04,001,2025-10-01_21h12.38.499,MotorSequence,,2025.1.1,119.39276788681335,2025-10-01 21h12.54.900890 +0530,
-150,z,12,12,4,,,,,z,1,0.4907731260173023,None,,,,,4,12,12,1,265.7952065419813,,,,,,,,,,,,,,,,265.7858885829919,265.7952065419813,266.79447816699394,266.79447816699394,266.79447816699394,266.79447816699394,266.79447816699394,267.7846057499992,267.7846057499992,268.2783499999787,z,1,0.4907731260173023,None,04,001,2025-10-01_21h12.38.499,MotorSequence,,2025.1.1,119.39276788681335,2025-10-01 21h12.54.900890 +0530,
150,v,13,13,2,,,,,v,1,0.49154033401282504,None,,,,,2,13,13,2,268.2881199999829,,,,,,,,,,,,,,,,268.27908008298255,268.2881199999829,269.28651187499054,269.28651187499054,269.28651187499054,269.28651187499054,269.28651187499054,270.2767803329916,270.2767803329916,270.77801429198007,v,1,0.49154033401282504,None,04,001,2025-10-01_21h12.38.499,MotorSequence,,2025.1.1,119.39276788681335,2025-10-01 21h12.54.900890 +0530,
-150,z,14,14,5,,,,,z,1,0.5484284170088358,None,,,,,5,14,14,1,270.78740645799553,,,,,,,,,,,,,,,,270.7785433329991,270.78740645799553,271.7768753329874,271.7768753329874,271.7768753329874,271.7768753329874,271.78454837499885,272.77693399999407,272.77693399999407,273.3282542079978,z,1,0.5484284170088358,None,04,001,2025-10-01_21h12.38.499,MotorSequence,,2025.1.1,119.39276788681335,2025-10-01 21h12.54.900890 +0530,
150,v,15,15,3,,,,,v,1,0.4045040839991998,None,,,,,3,15,15,2,273.33704087499063,,,,,,,,,,,,,,,,273.32877804199234,273.33704087499063,274.3269656249904,274.3269656249904,274.3269656249904,274.3269656249904,274.3347183750011,275.32693895799457,275.32693895799457,275.7352869169845,v,1,0.4045040839991998,None,04,001,2025-10-01_21h12.38.499,MotorSequence,,2025.1.1,119.39276788681335,2025-10-01 21h12.54.900890 +0530,
150,v,16,16,4,,,,,v,1,0.45830391798517667,None,,,,,4,16,16,2,275.74489270799677,,,,,,,,,,,,,,,,275.735804750002,275.74489270799677,276.7365772499761,276.7365772499761,276.7365772499761,276.7365772499761,276.7365772499761,277.727093124995,277.727093124995,278.1953639999847,v,1,0.45830391798517667,None,04,001,2025-10-01_21h12.38.499,MotorSequence,,2025.1.1,119.39276788681335,2025-10-01 21h12.54.900890 +0530,
150,v,17,17,5,,,,,v,1,0.5248287510185037,None,,,,,5,17,17,2,278.2054079169757,,,,,,,,,,,,,,,,278.19599270800245,278.2054079169757,279.1938108750037,279.1938108750037,279.1938108750037,279.1938108750037,279.2014630829799,280.19376658299007,280.19376658299007,280.72859404198243,v,1,0.5248287510185037,None,04,001,2025-10-01_21h12.38.499,MotorSequence,,2025.1.1,119.39276788681335,2025-10-01 21h12.54.900890 +0530,
150,v,18,18,6,,,,,v,1,0.6784170430037193,None,,,,,6,18,18,2,280.73783708299743,,,,,,,,,,,,,,,,280.7291051670036,280.73783708299743,281.72759991697967,281.72759991697967,281.72759991697967,281.72759991697967,281.7353334579966,282.719045832986,282.719045832986,283.403155832988,v,1,0.6784170430037193,None,04,001,2025-10-01_21h12.38.499,MotorSequence,,2025.1.1,119.39276788681335,2025-10-01 21h12.54.900890 +0530,
-50,x,19,19,4,,,,,x,1,0.5845674589800183,None,,,,,4,19,19,3,283.4132089999912,,,,,,,,,,,,,,,,283.4038075830031,283.4132089999912,284.40353562499513,284.40353562499513,284.40353562499513,284.40353562499513,284.41166545799933,285.401965291996,285.401965291996,285.99541695800144,x,1,0.5845674589800183,None,04,001,2025-10-01_21h12.38.499,MotorSequence,,2025.1.1,119.39276788681335,2025-10-01 21h12.54.900890 +0530,
-50,x,20,20,5,,,,,x,1,0.40757958398899063,None,,,,,5,20,20,3,286.0051744999946,,,,,,,,,,,,,,,,285.99604450000334,286.0051744999946,286.994157832989,286.994157832989,286.994157832989,286.994157832989,287.0015265829861,287.99412945797667,287.99412945797667,288.4124804579769,x,1,0.40757958398899063,None,04,001,2025-10-01_21h12.38.499,MotorSequence,,2025.1.1,119.39276788681335,2025-10-01 21h12.54.900890 +0530,
-50,x,21,21,6,,,,,x,1,0.35776108398567885,None,,,,,6,21,21,3,288.4214689169894,,,,,,,,,,,,,,,,288.41301037499215,288.4214689169894,289.41080616699765,289.41080616699765,289.41080616699765,289.41080616699765,289.41855654199026,290.41078637499595,290.41078637499595,290.7789673329971,x,1,0.35776108398567885,None,04,001,2025-10-01_21h12.38.499,MotorSequence,,2025.1.1,119.39276788681335,2025-10-01 21h12.54.900890 +0530,
-50,x,22,22,7,,,,,x,1,0.32114500101306476,None,,,,,7,22,22,3,290.7886356249801,,,,,,,,,,,,,,,,290.7795231670025,290.7886356249801,291.77755870798137,291.77755870798137,291.77755870798137,291.77755870798137,291.7853294579836,292.7775979579892,292.7775979579892,293.10366762499325,x,1,0.32114500101306476,None,04,001,2025-10-01_21h12.38.499,MotorSequence,,2025.1.1,119.39276788681335,2025-10-01 21h12.54.900890 +0530,
150,v,23,23,7,,,,,v,1,0.5073165429930668,None,,,,,7,23,23,2,293.1278559999773,,,,,,,,,,,,,,,,293.10423383300076,293.1278559999773,294.10353170798044,294.10353170798044,294.10353170798044,294.10353170798044,294.11929458298255,295.10249612497864,295.10249612497864,295.6124089579971,v,1,0.5073165429930668,None,04,001,2025-10-01_21h12.38.499,MotorSequence,,2025.1.1,119.39276788681335,2025-10-01 21h12.54.900890 +0530,
50,c,24,24,2,,,,,c,1,0.5285345010051969,None,,,,,2,24,24,0,295.6215213329997,,,,,,,,,,,,,,,,295.6129262500035,295.6215213329997,296.6037941669929,296.6037941669929,296.6037941669929,296.6037941669929,296.61882266699104,297.61116258299444,297.61116258299444,298.1464891670039,c,1,0.5285345010051969,None,04,001,2025-10-01_21h12.38.499,MotorSequence,,2025.1.1,119.39276788681335,2025-10-01 21h12.54.900890 +0530,
150,v,25,25,8,,,,,v,1,0.49416629198822193,None,,,,,8,25,25,2,298.1616652919911,,,,,,,,,,,,,,,,298.147097249981,298.1616652919911,299.14468475000467,299.14468475000467,299.14468475000467,299.14468475000467,299.15247933298815,300.14455970798736,300.14455970798736,300.6460266249778,v,1,0.49416629198822193,None,04,001,2025-10-01_21h12.38.499,MotorSequence,,2025.1.1,119.39276788681335,2025-10-01 21h12.54.900890 +0530,
-150,z,26,26,6,,,,,z,1,0.4240938340080902,None,,,,,6,26,26,1,300.655595291988,,,,,,,,,,,,,,,,300.64671687499504,300.655595291988,301.6374219999998,301.6374219999998,301.6374219999998,301.6374219999998,301.65351266699145,302.6446603749937,302.6446603749937,303.07953387498856,z,1,0.4240938340080902,None,04,001,2025-10-01_21h12.38.499,MotorSequence,,2025.1.1,119.39276788681335,2025-10-01 21h12.54.900890 +0530,
50,c,27,27,3,,,,,c,1,0.45686500100418925,None,,,,,3,27,27,0,303.08915116699063,,,,,,,,,,,,,,,,303.0802657919994,303.08915116699063,304.0780915420037,304.0780915420037,304.0780915420037,304.0780915420037,304.08580291699036,305.0779971249867,305.0779971249867,305.536813291983,c,1,0.45686500100418925,None,04,001,2025-10-01_21h12.38.499,MotorSequence,,2025.1.1,119.39276788681335,2025-10-01 21h12.54.900890 +0530,
-150,z,28,28,7,,,,,z,1,0.45539675100008026,None,,,,,7,28,28,1,305.5462183749769,,,,,,,,,,,,,,,,305.53732695800136,305.5462183749769,306.53736774998833,306.53736774998833,306.53736774998833,306.53736774998833,306.53736774998833,307.5364099169965,307.5364099169965,307.9961319580034,z,1,0.45539675100008026,None,04,001,2025-10-01_21h12.38.499,MotorSequence,,2025.1.1,119.39276788681335,2025-10-01 21h12.54.900890 +0530,
50,c,29,29,4,,,,,v,0,0.3239877090090886,None,,,,,4,29,29,0,308.00532304198714,,,,,,,,,,,,,,,,307.99668158299755,308.00532304198714,308.9947932079958,308.9947932079958,308.9947932079958,308.9947932079958,309.00244808298885,309.9948657079949,309.9948657079949,310.329377291986,v,0,0.3239877090090886,None,04,001,2025-10-01_21h12.38.499,MotorSequence,,2025.1.1,119.39276788681335,2025-10-01 21h12.54.900890 +0530,
-150,z,30,30,8,,,,,z,1,0.6336844170000404,None,,,,,8,30,30,1,310.3388313750038,,,,,,,,,,,,,,,,310.32989570798236,310.3388313750038,311.3205392919772,311.3205392919772,311.3205392919772,311.3205392919772,311.3367394579982,312.31929058299283,312.31929058299283,312.96349270798964,z,1,0.6336844170000404,None,04,001,2025-10-01_21h12.38.499,MotorSequence,,2025.1.1,119.39276788681335,2025-10-01 21h12.54.900890 +0530,
-150,z,31,31,9,,,,,z,1,0.42838045899407007,None,,,,,9,31,31,1,312.97345516699716,,,,,,,,,,,,,,,,312.9641362919938,312.97345516699716,313.9616579579888,313.9616579579888,313.9616579579888,313.9616579579888,313.9693906669854,314.96163362500374,314.96163362500374,315.39647820798564,z,1,0.42838045899407007,None,04,001,2025-10-01_21h12.38.499,MotorSequence,,2025.1.1,119.39276788681335,2025-10-01 21h12.54.900890 +0530,
50,c,32,32,5,,,,,c,1,0.2939648760075215,None,,,,,5,32,32,0,315.4067187079927,,,,,,,,,,,,,,,,315.3970845419972,315.4067187079927,316.3880077920039,316.3880077920039,316.3880077920039,316.3880077920039,316.4039860829944,317.3951431250025,317.3951431250025,317.69675666699186,c,1,0.2939648760075215,None,04,001,2025-10-01_21h12.38.499,MotorSequence,,2025.1.1,119.39276788681335,2025-10-01 21h12.54.900890 +0530,
-50,x,33,33,8,,,,,x,1,0.2769212090061046,None,,,,,8,33,33,3,317.7067168329959,,,,,,,,,,,,,,,,317.69738954197965,317.7067168329959,318.6952049169922,318.6952049169922,318.6952049169922,318.6952049169922,318.70234104199335,319.6951401249971,319.6951401249971,319.9800750830036,x,1,0.2769212090061046,None,04,001,2025-10-01_21h12.38.499,MotorSequence,,2025.1.1,119.39276788681335,2025-10-01 21h12.54.900890 +0530,
-150,z,34,34,10,,,,,z,1,0.5004447920073289,None,,,,,10,34,34,1,319.98924220798654,,,,,,,,,,,,,,,,319.9806296250026,319.98924220798654,320.9785354170017,320.9785354170017,320.9785354170017,320.9785354170017,320.9856703749974,321.9785550419765,321.9785550419765,322.4876222079911,z,1,0.5004447920073289,None,04,001,2025-10-01_21h12.38.499,MotorSequence,,2025.1.1,119.39276788681335,2025-10-01 21h12.54.900890 +0530,
50,c,35,35,6,,,,,c,1,0.35233633397729136,None,,,,,6,35,35,0,322.49712758298847,,,,,,,,,,,,,,,,322.4881929169933,322.49712758298847,323.48802254197653,323.48802254197653,323.48802254197653,323.48802254197653,323.4958554999903,324.4868340829853,324.4868340829853,324.84698837497854,c,1,0.35233633397729136,None,04,001,2025-10-01_21h12.38.499,MotorSequence,,2025.1.1,119.39276788681335,2025-10-01 21h12.54.900890 +0530,
50,c,36,36,7,,,,,c,1,0.36869725098949857,None,,,,,7,36,36,0,324.8566179579939,,,,,,,,,,,,,,,,324.84751808299916,324.8566179579939,325.84549258300103,325.84549258300103,325.84549258300103,325.84549258300103,325.85325483299675,326.84543716697954,326.84543716697954,327.22046066698385,c,1,0.36869725098949857,None,04,001,2025-10-01_21h12.38.499,MotorSequence,,2025.1.1,119.39276788681335,2025-10-01 21h12.54.900890 +0530,
-150,z,37,37,11,,,,,z,1,0.45030291701550595,None,,,,,11,37,37,1,327.2307795419765,,,,,,,,,,,,,,,,327.22097895797924,327.2307795419765,328.212112291978,328.212112291978,328.212112291978,328.212112291978,328.2288344169792,329.22071487500216,329.22071487500216,329.6802715419908,z,1,0.45030291701550595,None,04,001,2025-10-01_21h12.38.499,MotorSequence,,2025.1.1,119.39276788681335,2025-10-01 21h12.54.900890 +0530,
-50,x,38,38,9,,,,,x,1,0.5941684170102235,None,,,,,9,38,38,3,329.6902038749831,,,,,,,,,,,,,,,,329.6809102499974,329.6902038749831,330.67162529198686,330.67162529198686,330.67162529198686,330.67162529198686,330.68785950000165,331.678975332994,331.678975332994,332.28062162498827,x,1,0.5941684170102235,None,04,001,2025-10-01_21h12.38.499,MotorSequence,,2025.1.1,119.39276788681335,2025-10-01 21h12.54.900890 +0530,
50,c,39,39,8,,,,,c,1,0.29330920899519697,None,,,,,8,39,39,0,332.29019425000297,,,,,,,,,,,,,,,,332.28134370798944,332.29019425000297,333.27904933298123,333.27904933298123,333.27904933298123,333.27904933298123,333.2867465419986,334.27896562498063,334.27896562498063,334.5799567079812,c,1,0.29330920899519697,None,04,001,2025-10-01_21h12.38.499,MotorSequence,,2025.1.1,119.39276788681335,2025-10-01 21h12.54.900890 +0530,
-50,x,40,40,10,,,,,x,1,0.3128187089751009,None,,,,,10,40,40,3,334.58856737500173,,,,,,,,,,,,,,,,334.58036841699504,334.58856737500173,335.5715420419874,335.5715420419874,335.5715420419874,335.5715420419874,335.5793769999873,336.5713901249983,336.5713901249983,336.8883153749921,x,1,0.3128187089751009,None,04,001,2025-10-01_21h12.38.499,MotorSequence,,2025.1.1,119.39276788681335,2025-10-01 21h12.54.900890 +0530,
50,c,41,41,9,,,,,c,1,0.39215724999667145,None,,,,,9,41,41,0,336.89793095798814,,,,,,,,,,,,,,,,336.88888745798613,336.89793095798814,337.8896474170033,337.8896474170033,337.8896474170033,337.8896474170033,337.89737745799357,338.8871377919859,338.8871377919859,339.28057054200326,c,1,0.39215724999667145,None,04,001,2025-10-01_21h12.38.499,MotorSequence,,2025.1.1,119.39276788681335,2025-10-01 21h12.54.900890 +0530,
150,v,42,42,9,,,,,v,1,0.5272646679950412,None,,,,,9,42,42,2,339.28758745797677,,,,,,,,,,,,,,,,339.2810754579841,339.28758745797677,340.2794528329978,340.2794528329978,340.2794528329978,340.2794528329978,340.2794528329978,341.2709426249785,341.2709426249785,341.8046087079856,v,1,0.5272646679950412,None,04,001,2025-10-01_21h12.38.499,MotorSequence,,2025.1.1,119.39276788681335,2025-10-01 21h12.54.900890 +0530,
-50,x,43,43,11,,,,,x,1,0.3013130839972291,None,,,,,11,43,43,3,341.8146939169965,,,,,,,,,,,,,,,,341.80514620800386,341.8146939169965,342.8061023329792,342.8061023329792,342.8061023329792,342.8061023329792,342.81397008299245,343.80407070799265,343.80407070799265,344.1141527919972,x,1,0.3013130839972291,None,04,001,2025-10-01_21h12.38.499,MotorSequence,,2025.1.1,119.39276788681335,2025-10-01 21h12.54.900890 +0530,
-50,x,44,44,12,,,,,x,1,0.457615084014833,None,,,,,12,44,44,3,344.1235368329799,,,,,,,,,,,,,,,,344.1146506249788,344.1235368329799,345.105601541989,345.105601541989,345.105601541989,345.105601541989,345.12077412498184,346.1127613330027,346.1127613330027,346.5807933329779,x,1,0.457615084014833,None,04,001,2025-10-01_21h12.38.499,MotorSequence,,2025.1.1,119.39276788681335,2025-10-01 21h12.54.900890 +0530,
-150,z,45,45,12,,,,,z,1,0.9759057089977432,None,,,,,12,45,45,1,346.58966299999156,,,,,,,,,,,,,,,,346.5812954999856,346.58966299999156,347.5794739999983,347.5794739999983,347.5794739999983,347.5794739999983,347.58728904198506,348.57953937500133,348.57953937500133,349.5643730829761,z,1,0.9759057089977432,None,04,001,2025-10-01_21h12.38.499,MotorSequence,,2025.1.1,119.39276788681335,2025-10-01 21h12.54.900890 +0530,
50,c,46,46,10,,,,,c,1,0.4776030009961687,None,,,,,10,46,46,0,349.573830874986,,,,,,,,,,,,,,,,349.56495820797863,349.573830874986,350.56290358299157,350.56290358299157,350.56290358299157,350.56290358299157,350.57028362498386,351.56291462498484,351.56291462498484,352.04760354198515,c,1,0.4776030009961687,None,04,001,2025-10-01_21h12.38.499,MotorSequence,,2025.1.1,119.39276788681335,2025-10-01 21h12.54.900890 +0530,
-150,z,47,47,13,,,,,z,1,1.0310583749960642,None,,,,,13,47,47,1,352.0571714169928,,,,,,,,,,,,,,,,352.0481320419931,352.0571714169928,353.04638108299696,353.04638108299696,353.04638108299696,353.04638108299696,353.0541554999945,354.04635545797646,354.04635545797646,355.0808589999797,z,1,1.0310583749960642,None,04,001,2025-10-01_21h12.38.499,MotorSequence,,2025.1.1,119.39276788681335,2025-10-01 21h12.54.900890 +0530,
150,v,48,48,10,,,,,v,1,0.5600385840225499,None,,,,,10,48,48,2,355.0899556669756,,,,,,,,,,,,,,,,355.08138983297977,355.0899556669756,356.07244062499376,356.07244062499376,356.07244062499376,356.07244062499376,356.080186666979,357.0714093330025,357.0714093330025,357.6380977499939,v,1,0.5600385840225499,None,04,001,2025-10-01_21h12.38.499,MotorSequence,,2025.1.1,119.39276788681335,2025-10-01 21h12.54.900890 +0530,
150,v,49,49,11,,,,,v,1,1.3815537510090508,None,,,,,11,49,49,2,357.647896999988,,,,,,,,,,,,,,,,357.63861566697597,357.647896999988,358.6299928329827,358.6299928329827,358.6299928329827,358.6299928329827,358.64645958298934,359.6299459169968,359.6299459169968,361.01457941698027,v,1,1.3815537510090508,None,04,001,2025-10-01_21h12.38.499,MotorSequence,,2025.1.1,119.39276788681335,2025-10-01 21h12.54.900890 +0530,
50,c,50,50,11,,,,,c,1,0.5632607509905938,None,,,,,11,50,50,0,361.02416312499554,,,,,,,,,,,,,,,,361.01510249997955,361.02416312499554,362.0051653329865,362.0051653329865,362.0051653329865,362.0051653329865,362.02028154197615,363.0133897920023,363.0133897920023,363.58124487497844,c,1,0.5632607509905938,None,04,001,2025-10-01_21h12.38.499,MotorSequence,,2025.1.1,119.39276788681335,2025-10-01 21h12.54.900890 +0530,
-150,z,51,51,14,,,,,z,1,0.44237495900597423,None,,,,,14,51,51,1,363.59028304199455,,,,,,,,,,,,,,,,363.58179050000035,363.59028304199455,364.5727754579857,364.5727754579857,364.5727754579857,364.5727754579857,364.5808137499844,365.580266999983,365.580266999983,366.0315847499878,z,1,0.44237495900597423,None,04,001,2025-10-01_21h12.38.499,MotorSequence,,2025.1.1,119.39276788681335,2025-10-01 21h12.54.900890 +0530,
-50,x,52,52,13,,,,,x,1,0.37139179301448166,None,,,,,13,52,52,3,366.04053029199713,,,,,,,,,,,,,,,,366.03211004199693,366.04053029199713,367.0301823329937,367.0301823329937,367.0301823329937,367.0301823329937,367.03792137498385,368.0301317499834,368.0301317499834,368.405794041988,x,1,0.37139179301448166,None,04,001,2025-10-01_21h12.38.499,MotorSequence,,2025.1.1,119.39276788681335,2025-10-01 21h12.54.900890 +0530,
-150,z,53,53,15,,,,,z,1,0.441640250995988,None,,,,,15,53,53,1,368.4304399169923,,,,,,,,,,,,,,,,368.40642229199875,368.4304399169923,369.4062517499842,369.4062517499842,369.4062517499842,369.4062517499842,369.42140399999334,370.405030666996,370.405030666996,370.84849708300317,z,1,0.441640250995988,None,04,001,2025-10-01_21h12.38.499,MotorSequence,,2025.1.1,119.39276788681335,2025-10-01 21h12.54.900890 +0530,
50,c,54,54,12,,,,,c,1,0.46369729199795984,None,,,,,12,54,54,0,370.8578864169831,,,,,,,,,,,,,,,,370.8491498749936,370.8578864169831,371.8469260830025,371.8469260830025,371.8469260830025,371.8469260830025,371.8546667499759,372.84698987498996,372.84698987498996,373.3147898329771,c,1,0.46369729199795984,None,04,001,2025-10-01_21h12.38.499,MotorSequence,,2025.1.1,119.39276788681335,2025-10-01 21h12.54.900890 +0530,
150,v,55,55,12,,,,,v,1,0.9348606260027736,None,,,,,12,55,55,2,373.3237409580033,,,,,,,,,,,,,,,,373.31530424999073,373.3237409580033,374.3073874169786,374.3073874169786,374.3073874169786,374.3073874169786,374.3152391249896,375.31372166698566,375.31372166698566,376.2560402919771,v,1,0.9348606260027736,None,04,001,2025-10-01_21h12.38.499,MotorSequence,,2025.1.1,119.39276788681335,2025-10-01 21h12.54.900890 +0530,
-150,z,56,56,16,,,,,z,1,0.4209461669961456,None,,,,,16,56,56,1,376.26553158299066,,,,,,,,,,,,,,,,376.2565557079797,376.26553158299066,377.2565133750031,377.2565133750031,377.2565133750031,377.2565133750031,377.2645071669831,378.2555892079836,378.2555892079836,378.68212858299376,z,1,0.4209461669961456,None,04,001,2025-10-01_21h12.38.499,MotorSequence,,2025.1.1,119.39276788681335,2025-10-01 21h12.54.900890 +0530,
-50,x,57,57,14,,,,,x,1,0.3772497510071844,None,,,,,14,57,57,3,378.69053954200353,,,,,,,,,,,,,,,,378.6827390419785,378.69053954200353,379.68060562497703,379.68060562497703,379.68060562497703,379.68060562497703,379.68888804200105,380.68058508299873,380.68058508299873,381.06551470799604,x,1,0.3772497510071844,None,04,001,2025-10-01_21h12.38.499,MotorSequence,,2025.1.1,119.39276788681335,2025-10-01 21h12.54.900890 +0530,
-50,x,58,58,15,,,,,x,1,0.8998089589877054,None,,,,,15,58,58,3,381.0743601669965,,,,,,,,,,,,,,,,381.0660260419827,381.0743601669965,382.06420024999534,382.06420024999534,382.06420024999534,382.06420024999534,382.07210566700087,383.0640227079857,383.0640227079857,383.96522379197995,x,1,0.8998089589877054,None,04,001,2025-10-01_21h12.38.499,MotorSequence,,2025.1.1,119.39276788681335,2025-10-01 21h12.54.900890 +0530,
150,v,59,59,13,,,,,v,1,0.78447833401151,None,,,,,13,59,59,2,383.97195383298094,,,,,,,,,,,,,,,,383.9657518329914,383.97195383298094,384.9567234579881,384.9567234579881,384.9567234579881,384.9567234579881,384.9649540829996,385.96412587497616,385.96412587497616,386.7564357499941,v,1,0.78447833401151,None,04,001,2025-10-01_21h12.38.499,MotorSequence,,2025.1.1,119.39276788681335,2025-10-01 21h12.54.900890 +0530,
150,v,60,60,14,,,,,v,1,0.5036880419938825,None,,,,,14,60,60,2,386.7659891670046,,,,,,,,,,,,,,,,386.7569704579946,386.7659891670046,387.756624874979,387.756624874979,387.756624874979,387.756624874979,387.7646394579788,388.75616562500363,388.75616562500363,389.2656992499833,v,1,0.5036880419938825,None,04,001,2025-10-01_21h12.38.499,MotorSequence,,2025.1.1,119.39276788681335,2025-10-01 21h12.54.900890 +0530,
-150,z,61,61,17,,,,,z,1,0.7686868339951616,None,,,,,17,61,61,1,389.27489079200313,,,,,,,,,,,,,,,,389.2662392499915,389.27489079200313,390.2642931669834,390.2642931669834,390.2642931669834,390.2642931669834,390.2717866669991,391.26419716698,391.26419716698,392.03921695798635,z,1,0.7686868339951616,None,04,001,2025-10-01_21h12.38.499,MotorSequence,,2025.1.1,119.39276788681335,2025-10-01 21h12.54.900890 +0530,
150,v,62,62,15,,,,,v,1,0.7368657930055633,None,,,,,15,62,62,2,392.0486675830034,,,,,,,,,,,,,,,,392.0397537499957,392.0486675830034,393.03099549998296,393.03099549998296,393.03099549998296,393.03099549998296,393.0480235419818,394.0311055829807,394.0311055829807,394.7726358329819,v,1,0.7368657930055633,None,04,001,2025-10-01_21h12.38.499,MotorSequence,,2025.1.1,119.39276788681335,2025-10-01 21h12.54.900890 +0530,
150,v,63,63,16,,,,,v,1,0.567528375016991,None,,,,,16,63,63,2,394.782085874991,,,,,,,,,,,,,,,,394.7731475000037,394.782085874991,395.7734865829989,395.7734865829989,395.7734865829989,395.7734865829989,395.7734865829989,396.764507874992,396.764507874992,397.339921124978,v,1,0.567528375016991,None,04,001,2025-10-01_21h12.38.499,MotorSequence,,2025.1.1,119.39276788681335,2025-10-01 21h12.54.900890 +0530,
-50,x,64,64,16,,,,,x,1,0.4779120009916369,None,,,,,16,64,64,3,397.34969683300005,,,,,,,,,,,,,,,,397.3404234999907,397.34969683300005,398.3410206249973,398.3410206249973,398.3410206249973,398.3410206249973,398.34932533299434,399.33999070798745,399.33999070798745,399.8230397499865,x,1,0.4779120009916369,None,04,001,2025-10-01_21h12.38.499,MotorSequence,,2025.1.1,119.39276788681335,2025-10-01 21h12.54.900890 +0530,
50,c,65,65,13,,,,,c,1,0.684837000007974,None,,,,,13,65,65,0,399.832442666986,,,,,,,,,,,,,,,,399.8235602079949,399.832442666986,400.8238944999757,400.8238944999757,400.8238944999757,400.8238944999757,400.8238944999757,401.8230913330044,401.8230913330044,402.5157403749763,c,1,0.684837000007974,None,04,001,2025-10-01_21h12.38.499,MotorSequence,,2025.1.1,119.39276788681335,2025-10-01 21h12.54.900890 +0530,
-150,z,66,66,18,,,,,z,1,0.8834099170053378,None,,,,,18,66,66,1,402.5251374579966,,,,,,,,,,,,,,,,402.5162514169933,402.5251374579966,403.50712270798977,403.50712270798977,403.50712270798977,403.50712270798977,403.5221968329861,404.5154781669844,404.5154781669844,405.40642474999186,z,1,0.8834099170053378,None,04,001,2025-10-01_21h12.38.499,MotorSequence,,2025.1.1,119.39276788681335,2025-10-01 21h12.54.900890 +0530,
-50,x,67,67,17,,,,,x,1,0.426303917018231,None,,,,,17,67,67,3,405.4164628330036,,,,,,,,,,,,,,,,405.4069929579855,405.4164628330036,406.39819524998893,406.39819524998893,406.39819524998893,406.39819524998893,406.41479224999784,407.4066577079939,407.4066577079939,407.8406622079783,x,1,0.426303917018231,None,04,001,2025-10-01_21h12.38.499,MotorSequence,,2025.1.1,119.39276788681335,2025-10-01 21h12.54.900890 +0530,
-150,z,68,68,19,,,,,z,1,0.5487370000046212,None,,,,,19,68,68,1,407.8650682079897,,,,,,,,,,,,,,,,407.8412029579922,407.8650682079897,408.8409760829818,408.8409760829818,408.8409760829818,408.8409760829818,408.8566837919934,409.8394586670038,409.8394586670038,410.3904402079934,z,1,0.5487370000046212,None,04,001,2025-10-01_21h12.38.499,MotorSequence,,2025.1.1,119.39276788681335,2025-10-01 21h12.54.900890 +0530,
-50,x,69,69,18,,,,,x,1,0.46570112599874847,None,,,,,18,69,69,3,410.4151705830009,,,,,,,,,,,,,,,,410.39104470799793,410.4151705830009,411.3911941249971,411.3911941249971,411.3911941249971,411.3911941249971,411.40772587500396,412.38944999998785,412.38944999998785,412.8575259579811,x,1,0.46570112599874847,None,04,001,2025-10-01_21h12.38.499,MotorSequence,,2025.1.1,119.39276788681335,2025-10-01 21h12.54.900890 +0530,
-150,z,70,70,20,,,,,z,1,1.5044957509962842,None,,,,,20,70,70,1,412.867121999996,,,,,,,,,,,,,,,,412.85806941697956,412.867121999996,413.8567624169809,413.8567624169809,413.8567624169809,413.8567624169809,413.8650580419926,414.85675933299353,414.85675933299353,416.3665414999996,z,1,1.5044957509962842,None,04,001,2025-10-01_21h12.38.499,MotorSequence,,2025.1.1,119.39276788681335,2025-10-01 21h12.54.900890 +0530,
50,c,71,71,14,,,,,c,1,0.8291733749792911,None,,,,,14,71,71,0,416.375414582988,,,,,,,,,,,,,,,,416.3670897919801,416.375414582988,417.35775229198043,417.35775229198043,417.35775229198043,417.35775229198043,417.3656399169995,418.35701908299234,418.35701908299234,419.19091495798784,c,1,0.8291733749792911,None,04,001,2025-10-01_21h12.38.499,MotorSequence,,2025.1.1,119.39276788681335,2025-10-01 21h12.54.900890 +0530,
150,v,72,72,17,,,,,v,1,0.9826881260087248,None,,,,,17,72,72,2,419.20054129199707,,,,,,,,,,,,,,,,419.19148108299123,419.20054129199707,420.1910604579898,420.1910604579898,420.1910604579898,420.1910604579898,420.1989074579906,421.19060858298326,421.19060858298326,422.18318399999407,v,1,0.9826881260087248,None,04,001,2025-10-01_21h12.38.499,MotorSequence,,2025.1.1,119.39276788681335,2025-10-01 21h12.54.900890 +0530,
50,c,73,73,15,,,,,c,1,1.321193834010046,None,,,,,15,73,73,0,422.19255104198237,,,,,,,,,,,,,,,,422.18374666699674,422.19255104198237,423.1746793749917,423.1746793749917,423.1746793749917,423.1746793749917,423.1899609579996,424.1820580420026,424.1820580420026,425.50766783297877,c,1,1.321193834010046,None,04,001,2025-10-01_21h12.38.499,MotorSequence,,2025.1.1,119.39276788681335,2025-10-01 21h12.54.900890 +0530,
50,c,74,74,16,,,,,c,1,0.5963611670013051,None,,,,,16,74,74,0,425.51760462499806,,,,,,,,,,,,,,,,425.50820266699884,425.51760462499806,426.50805904198205,426.50805904198205,426.50805904198205,426.50805904198205,426.5162762499822,427.50799374998314,427.50799374998314,428.1074300829787,c,1,0.5963611670013051,None,04,001,2025-10-01_21h12.38.499,MotorSequence,,2025.1.1,119.39276788681335,2025-10-01 21h12.54.900890 +0530,
150,v,75,75,18,,,,,v,1,1.4435956259840168,None,,,,,18,75,75,2,428.11776366698905,,,,,,,,,,,,,,,,428.1080448749999,428.11776366698905,429.1080166249885,429.1080166249885,429.1080166249885,429.1080166249885,429.1160933749925,430.107642707997,430.107642707997,431.55760274999193,v,1,1.4435956259840168,None,04,001,2025-10-01_21h12.38.499,MotorSequence,,2025.1.1,119.39276788681335,2025-10-01 21h12.54.900890 +0530,
50,c,76,76,17,,,,,c,1,0.8528935000067577,None,,,,,17,76,76,0,431.5676729999832,,,,,,,,,,,,,,,,431.5581695830042,431.5676729999832,432.5585165419907,432.5585165419907,432.5585165419907,432.5585165419907,432.5667137919809,433.5575942079886,433.5575942079886,434.4169012919883,c,1,0.8528935000067577,None,04,001,2025-10-01_21h12.38.499,MotorSequence,,2025.1.1,119.39276788681335,2025-10-01 21h12.54.900890 +0530,
-150,z,77,77,21,,,,,z,1,0.9262362510198727,None,,,,,21,77,77,1,434.4260199579876,,,,,,,,,,,,,,,,434.41743370800395,434.4260199579876,435.4079272499948,435.4079272499948,435.4079272499948,435.4079272499948,435.42398466699524,436.4071663749928,436.4071663749928,437.341617707978,z,1,0.9262362510198727,None,04,001,2025-10-01_21h12.38.499,MotorSequence,,2025.1.1,119.39276788681335,2025-10-01 21h12.54.900890 +0530,
150,v,78,78,19,,,,,v,1,0.8363087509933393,None,,,,,19,78,78,2,437.3515259169799,,,,,,,,,,,,,,,,437.3421434579941,437.3515259169799,438.34149512500153,438.34149512500153,438.34149512500153,438.34149512500153,438.34942154199234,439.34124512498965,439.34124512498965,440.18410004198086,v,1,0.8363087509933393,None,04,001,2025-10-01_21h12.38.499,MotorSequence,,2025.1.1,119.39276788681335,2025-10-01 21h12.54.900890 +0530,
-50,x,79,79,19,,,,,x,1,0.3355127929826267,None,,,,,19,79,79,3,440.19443079197663,,,,,,,,,,,,,,,,440.18469979197835,440.19443079197663,441.1826979579928,441.1826979579928,441.1826979579928,441.1826979579928,441.1903653329937,442.1830301669834,442.1830301669834,442.52488841698505,x,1,0.3355127929826267,None,04,001,2025-10-01_21h12.38.499,MotorSequence,,2025.1.1,119.39276788681335,2025-10-01 21h12.54.900890 +0530,
-50,x,80,80,20,,,,,x,1,1.6026704590185545,None,,,,,20,80,80,3,442.5346740419918,,,,,,,,,,,,,,,,442.5254406250024,442.5346740419918,443.5251962500042,443.5251962500042,443.5251962500042,443.5251962500042,443.5329809169925,444.52495516699855,444.52495516699855,446.1344354999892,x,1,1.6026704590185545,None,04,001,2025-10-01_21h12.38.499,MotorSequence,,2025.1.1,119.39276788681335,2025-10-01 21h12.54.900890 +0530,
-50,x,81,81,21,,,,,x,1,0.4266258339921478,None,,,,,21,81,81,3,446.1431324169971,,,,,,,,,,,,,,,,446.1349607500015,446.1431324169971,447.1328553749772,447.1328553749772,447.1328553749772,447.1328553749772,447.1408367919794,448.1328720419842,448.1328720419842,448.5675999169762,x,1,0.4266258339921478,None,04,001,2025-10-01_21h12.38.499,MotorSequence,,2025.1.1,119.39276788681335,2025-10-01 21h12.54.900890 +0530,
150,v,82,82,20,,,,,v,1,0.6473741259833332,None,,,,,20,82,82,2,448.5776398329763,,,,,,,,,,,,,,,,448.5681998329819,448.5776398329763,449.56628912498127,449.56628912498127,449.56628912498127,449.56628912498127,449.5737981669954,450.566233791993,450.566233791993,451.21768945798976,v,1,0.6473741259833332,None,04,001,2025-10-01_21h12.38.499,MotorSequence,,2025.1.1,119.39276788681335,2025-10-01 21h12.54.900890 +0530,
-50,x,83,83,22,,,,,x,1,0.5933624590106774,None,,,,,22,83,83,3,451.22713404198294,,,,,,,,,,,,,,,,451.21826183298253,451.22713404198294,452.2102034169948,452.2102034169948,452.2102034169948,452.2102034169948,452.2334272500011,453.21631720798905,453.21631720798905,453.8180843750015,x,1,0.5933624590106774,None,04,001,2025-10-01_21h12.38.499,MotorSequence,,2025.1.1,119.39276788681335,2025-10-01 21h12.54.900890 +0530,
50,c,84,84,18,,,,,c,1,0.6222053759847768,None,,,,,18,84,84,0,453.8282828749798,,,,,,,,,,,,,,,,453.8187171249883,453.8282828749798,454.8165046669892,454.8165046669892,454.8165046669892,454.8165046669892,454.8241399169783,455.8164637500013,455.8164637500013,456.44154274999164,c,1,0.6222053759847768,None,04,001,2025-10-01_21h12.38.499,MotorSequence,,2025.1.1,119.39276788681335,2025-10-01 21h12.54.900890 +0530,
-150,z,85,85,22,,,,,z,1,0.3476836670015473,None,,,,,22,85,85,1,456.45145591697656,,,,,,,,,,,,,,,,456.4420981669973,456.45145591697656,457.4336726249894,457.4336726249894,457.4336726249894,457.4336726249894,457.44982829198125,458.4419779579912,458.4419779579912,458.7920202499954,z,1,0.3476836670015473,None,04,001,2025-10-01_21h12.38.499,MotorSequence,,2025.1.1,119.39276788681335,2025-10-01 21h12.54.900890 +0530,
50,c,86,86,19,,,,,c,1,0.6458754590130411,None,,,,,19,86,86,0,458.7998608329799,,,,,,,,,,,,,,,,458.7925361249945,458.7998608329799,459.79198508299305,459.79198508299305,459.79198508299305,459.79198508299305,459.79198508299305,460.7918089579907,460.7918089579907,461.44156337500317,c,1,0.6458754590130411,None,04,001,2025-10-01_21h12.38.499,MotorSequence,,2025.1.1,119.39276788681335,2025-10-01 21h12.54.900890 +0530,
150,v,87,87,21,,,,,v,1,0.6053317920013797,None,,,,,21,87,87,2,461.45122904199525,,,,,,,,,,,,,,,,461.4420638750016,461.45122904199525,462.43351479197736,462.43351479197736,462.43351479197736,462.43351479197736,462.450027666986,463.4333954169997,463.4333954169997,464.04171804198995,v,1,0.6053317920013797,None,04,001,2025-10-01_21h12.38.499,MotorSequence,,2025.1.1,119.39276788681335,2025-10-01 21h12.54.900890 +0530,
50,c,88,88,20,,,,,c,1,1.391367749980418,None,,,,,20,88,88,0,464.05141070799436,,,,,,,,,,,,,,,,464.04224891698686,464.05141070799436,465.0417870829988,465.0417870829988,465.0417870829988,465.0417870829988,465.0417870829988,466.03348212499986,466.03348212499986,467.4353865000012,c,1,1.391367749980418,None,04,001,2025-10-01_21h12.38.499,MotorSequence,,2025.1.1,119.39276788681335,2025-10-01 21h12.54.900890 +0530,
-50,x,89,89,23,,,,,x,1,0.3862784589873627,None,,,,,23,89,89,3,467.4453209999774,,,,,,,,,,,,,,,,467.43601545799174,467.4453209999774,468.4337514999788,468.4337514999788,468.4337514999788,468.4337514999788,468.44143350000377,469.4335779999965,469.4335779999965,469.8253645829973,x,1,0.3862784589873627,None,04,001,2025-10-01_21h12.38.499,MotorSequence,,2025.1.1,119.39276788681335,2025-10-01 21h12.54.900890 +0530,
-150,z,90,90,23,,,,,z,1,0.8781322090071626,None,,,,,23,90,90,1,469.83510162497987,,,,,,,,,,,,,,,,469.8259131249797,469.83510162497987,470.82605620799586,470.82605620799586,470.82605620799586,470.82605620799586,470.82605620799586,471.8247541669989,471.8247541669989,472.70910833298694,z,1,0.8781322090071626,None,04,001,2025-10-01_21h12.38.499,MotorSequence,,2025.1.1,119.39276788681335,2025-10-01 21h12.54.900890 +0530,
50,c,91,91,21,,,,,c,1,1.1135410429851618,None,,,,,21,91,91,0,472.719127999997,,,,,,,,,,,,,,,,472.7096290419868,472.719127999997,473.7097166249878,473.7097166249878,473.7097166249878,473.7097166249878,473.717705957999,474.7083266249974,474.7083266249974,475.82584120798856,c,1,1.1135410429851618,None,04,001,2025-10-01_21h12.38.499,MotorSequence,,2025.1.1,119.39276788681335,2025-10-01 21h12.54.900890 +0530,
150,v,92,92,22,,,,,v,1,0.5282006670022383,None,,,,,22,92,92,2,475.83559233299457,,,,,,,,,,,,,,,,475.8263777079992,475.83559233299457,476.8178258329863,476.8178258329863,476.8178258329863,476.8178258329863,476.8337696249946,477.8257037079893,477.8257037079893,478.3588434580015,v,1,0.5282006670022383,None,04,001,2025-10-01_21h12.38.499,MotorSequence,,2025.1.1,119.39276788681335,2025-10-01 21h12.54.900890 +0530,
-50,x,93,93,24,,,,,x,1,0.805360333994031,None,,,,,24,93,93,3,478.3683609169966,,,,,,,,,,,,,,,,478.35940579199814,478.3683609169966,479.3593974169926,479.3593974169926,479.3593974169926,479.3593974169926,479.3593974169926,480.35059258298133,480.35059258298133,481.1594767079805,x,1,0.805360333994031,None,04,001,2025-10-01_21h12.38.499,MotorSequence,,2025.1.1,119.39276788681335,2025-10-01 21h12.54.900890 +0530,
-150,z,94,94,24,,,,,z,1,0.5145480420032982,None,,,,,24,94,94,1,481.16915924998466,,,,,,,,,,,,,,,,481.1600065829989,481.16915924998466,482.15954379198956,482.15954379198956,482.15954379198956,482.15954379198956,482.1679610830033,483.158457832993,483.158457832993,483.67565966700204,z,1,0.5145480420032982,None,04,001,2025-10-01_21h12.38.499,MotorSequence,,2025.1.1,119.39276788681335,2025-10-01 21h12.54.900890 +0530,
50,c,95,95,22,,,,,c,1,0.39163787598954514,None,,,,,22,95,95,0,483.68514116699225,,,,,,,,,,,,,,,,483.67619204198127,483.68514116699225,484.667442749982,484.667442749982,484.667442749982,484.667442749982,484.6841774999921,485.6763295419805,485.6763295419805,486.07677391698235,c,1,0.39163787598954514,None,04,001,2025-10-01_21h12.38.499,MotorSequence,,2025.1.1,119.39276788681335,2025-10-01 21h12.54.900890 +0530,
150,v,96,96,23,,,,,v,1,0.7114647919952404,None,,,,,23,96,96,2,486.1009496669867,,,,,,,,,,,,,,,,486.0773254169908,486.1009496669867,487.07640299998457,487.07640299998457,487.07640299998457,487.07640299998457,487.09174229198834,488.0765148749924,488.0765148749924,488.79297491698526,v,1,0.7114647919952404,None,04,001,2025-10-01_21h12.38.499,MotorSequence,,2025.1.1,119.39276788681335,2025-10-01 21h12.54.900890 +0530,
50,c,97,97,23,,,,,c,1,0.8348661680065561,None,,,,,23,97,97,0,488.8026649999956,,,,,,,,,,,,,,,,488.7935140829941,488.8026649999956,489.7935684999975,489.7935684999975,489.7935684999975,489.7935684999975,489.80163658299716,490.79323133299476,490.79323133299476,491.63561966698035,c,1,0.8348661680065561,None,04,001,2025-10-01_21h12.38.499,MotorSequence,,2025.1.1,119.39276788681335,2025-10-01 21h12.54.900890 +0530,
50,c,98,98,24,,,,,c,1,0.6011946669896133,None,,,,,24,98,98,0,491.64446899999166,,,,,,,,,,,,,,,,491.6361364169861,491.64446899999166,492.62717866699677,492.62717866699677,492.62717866699677,492.62717866699677,492.6350724999793,493.625916332996,493.625916332996,494.2355463329877,c,1,0.6011946669896133,None,04,001,2025-10-01_21h12.38.499,MotorSequence,,2025.1.1,119.39276788681335,2025-10-01 21h12.54.900890 +0530,
150,v,99,99,24,,,,,v,1,2.3169789590174332,None,,,,,24,99,99,2,494.2447459999821,,,,,,,,,,,,,,,,494.23605129198404,494.2447459999821,495.2269429169828,495.2269429169828,495.2269429169828,495.2269429169828,495.24244924998493,496.2260050829791,496.2260050829791,498.5526382919925,v,1,2.3169789590174332,None,04,001,2025-10-01_21h12.38.499,MotorSequence,,2025.1.1,119.39276788681335,2025-10-01 21h12.54.900890 +0530,
