stair.thisTrialN,stair.stepSize,stair.intensity,thisRow.t,notes,Instructions.started,instructions.started,Instructions.stopped,trial.started,fixation.started,grating.started,key_resp.started,fixation.stopped,grating.stopped,trial.stopped,corrAns,tilt,key_resp.corr,stair.response,key_resp.rt,Thank_You_.started,thank_you.started,thank_you.stopped,Thank_You_.stopped,participant,session,date,expName,expVersion,psychopyVersion,frameRate,expStart
,,,,,0.002909792,0.051216458,3.0106829999713227,,,,,,,,,,,,,,,,,414938,001,2025-09-03_08h55.14.096,adaptive_staircase,,2025.1.1,None,2025-09-03 08h55.16.497906 +0530
0,2,10,3.0220530829392374,,,,,3.011696374975145,3.0220530829392374,3.506344125024043,3.506344125024043,3.5098207079572603,3.797337875002995,4.293603416997939,right,10,1,1,0.5444329989841208,,,,,414938,001,2025-09-03_08h55.14.096,adaptive_staircase,,2025.1.1,None,2025-09-03 08h55.16.497906 +0530
1,2,8,4.305048333015293,,,,,4.293726374977268,4.305048333015293,4.782686625025235,4.782686625025235,4.797488207928836,5.081039082957432,5.412572582950816,left,-8,1,1,0.6231761659728363,,,,,414938,001,2025-09-03_08h55.14.096,adaptive_staircase,,2025.1.1,None,2025-09-03 08h55.16.497906 +0530
2,2,6,5.420138832996599,,,,,5.413000499946065,5.420138832996599,5.910666249925271,5.910666249925271,5.914489791961387,6.1975474579958245,6.349493250017986,left,-6,1,1,0.4340407069539651,,,,,414938,001,2025-09-03_08h55.14.096,adaptive_staircase,,2025.1.1,None,2025-09-03 08h55.16.497906 +0530
3,2,4,6.364760374999605,,,,,6.349874124978669,6.364760374999605,6.8498391669709235,6.8498391669709235,6.860425875,7.147846083040349,7.5799025419401005,left,-4,1,1,0.7200477910228074,,,,,414938,001,2025-09-03_08h55.14.096,adaptive_staircase,,2025.1.1,None,2025-09-03 08h55.16.497906 +0530
4,2,2,7.588184666936286,,,,,7.5804827499669045,7.588184666936286,8.077220583,8.077220583,8.081210082978942,8.364537207991816,8.548941208,right,2,1,1,0.4694631660822779,,,,,414938,001,2025-09-03_08h55.14.096,adaptive_staircase,,2025.1.1,None,2025-09-03 08h55.16.497906 +0530
5,2,1,8.560485000023618,,,,,8.549277249956504,8.560485000023618,9.043939791969024,9.043939791969024,9.047975542023778,9.331194582977332,9.632773707970046,right,1,1,1,0.5847247489728034,,,,,414938,001,2025-09-03_08h55.14.096,adaptive_staircase,,2025.1.1,None,2025-09-03 08h55.16.497906 +0530
6,2,1,9.644064499996603,,,,,9.633129624999128,9.644064499996603,10.132414749939926,10.132414749939926,10.132414749939926,10.43123183294665,10.749286792008206,right,1,1,1,0.6153473319718614,,,,,414938,001,2025-09-03_08h55.14.096,adaptive_staircase,,2025.1.1,None,2025-09-03 08h55.16.497906 +0530
7,2,1,10.760671500000171,,,,,10.749621832976118,10.760671500000171,11.244184957933612,11.244184957933612,11.248966292012483,11.531313957995735,12.47944699996151,left,-1,1,1,1.224520082003437,,,,,414938,001,2025-09-03_08h55.14.096,adaptive_staircase,,2025.1.1,None,2025-09-03 08h55.16.497906 +0530
8,2,1,12.487008832977153,,,,,12.479883500025608,12.487008832977153,12.977159957983531,12.977159957983531,12.981237582978792,13.264621417038143,13.69621904194355,left,-1,1,1,0.7096807910129428,,,,,414938,001,2025-09-03_08h55.14.096,adaptive_staircase,,2025.1.1,None,2025-09-03 08h55.16.497906 +0530
9,2,1,13.703876707935706,,,,,13.696654499974102,13.703876707935706,14.194164832937531,14.194164832937531,14.198256458039396,14.481602667015977,14.91269637492951,right,1,1,1,0.7075918330810964,,,,,414938,001,2025-09-03_08h55.14.096,adaptive_staircase,,2025.1.1,None,2025-09-03 08h55.16.497906 +0530
10,2,1,14.920370874926448,,,,,14.91312099993229,14.920370874926448,15.410895916982554,15.410895916982554,15.415342374937609,15.698018374969251,16.91293129196856,left,-1,1,1,1.4929512909147888,,,,,414938,001,2025-09-03_08h55.14.096,adaptive_staircase,,2025.1.1,None,2025-09-03 08h55.16.497906 +0530
11,2,1,16.920993624953553,,,,,16.913366624969058,16.920993624953553,17.41091687500011,17.41091687500011,17.415029749972746,17.69839375000447,18.09618600003887,left,-1,1,1,0.6708627069601789,,,,,414938,001,2025-09-03_08h55.14.096,adaptive_staircase,,2025.1.1,None,2025-09-03 08h55.16.497906 +0530
12,2,1,18.10361612495035,,,,,18.096604291931726,18.10361612495035,18.594184958026744,18.594184958026744,18.598028208012693,18.881154750008136,19.329650499974377,right,1,1,1,0.720629207,,,,,414938,001,2025-09-03_08h55.14.096,adaptive_staircase,,2025.1.1,None,2025-09-03 08h55.16.497906 +0530
13,1.5,1,19.33696508302819,,,,,19.33007833303418,19.33696508302819,19.827455166960135,19.827455166960135,19.831491541932337,20.11477574997116,20.562901375000365,left,-1,0,0,0.7274933329317719,,,,,414938,001,2025-09-03_08h55.14.096,adaptive_staircase,,2025.1.1,None,2025-09-03 08h55.16.497906 +0530
14,1.5,2.5,20.570574291981757,,,,,20.563343291985802,20.570574291981757,21.060924291959964,21.060924291959964,21.065285583026707,21.348160999943502,21.712451542029157,left,-2.5,0,0,0.6471273740753531,,,,,414938,001,2025-09-03_08h55.14.096,adaptive_staircase,,2025.1.1,None,2025-09-03 08h55.16.497906 +0530
15,1.5,4,21.71969362499658,,,,,21.712800708017312,21.71969362499658,22.210977750015445,22.210977750015445,22.215116249979474,22.498578042024747,23.09639466693625,right,4,1,1,0.8759253319585696,,,,,414938,001,2025-09-03_08h55.14.096,adaptive_staircase,,2025.1.1,None,2025-09-03 08h55.16.497906 +0530
16,1.5,4,23.10336470801849,,,,,23.09679124993272,23.10336470801849,23.594219416962005,23.594219416962005,23.598242999985814,23.881496249930933,24.279943667002954,left,-4,1,1,0.6716230829479173,,,,,414938,001,2025-09-03_08h55.14.096,adaptive_staircase,,2025.1.1,None,2025-09-03 08h55.16.497906 +0530
17,1,4,24.287434249999933,,,,,24.28047624998726,24.287434249999933,24.77771724993363,24.77771724993363,24.781798249925487,25.064771667006426,25.279446957982145,right,4,1,1,0.4982826659688726,,,,,414938,001,2025-09-03_08h55.14.096,adaptive_staircase,,2025.1.1,None,2025-09-03 08h55.16.497906 +0530
18,1,3,25.28668562497478,,,,,25.279853167012334,25.28668562497478,25.777902583009563,25.777902583009563,25.782269082963467,26.06499616696965,26.379980999976397,left,-3,1,1,0.5928776239743456,,,,,414938,001,2025-09-03_08h55.14.096,adaptive_staircase,,2025.1.1,None,2025-09-03 08h55.16.497906 +0530
19,1,3,26.386731958016753,,,,,26.38038458302617,26.386731958016753,26.877720832941122,26.877720832941122,26.88246795802843,27.165001792018302,27.479723041993566,right,3,1,1,0.590086791,,,,,414938,001,2025-09-03_08h55.14.096,adaptive_staircase,,2025.1.1,None,2025-09-03 08h55.16.497906 +0530
20,1,3,27.486436332925223,,,,,27.480071166995913,27.486436332925223,27.977645625011064,27.977645625011064,27.98171929,28.265165042015724,28.496645457926206,left,-3,1,1,0.5103565829340369,,,,,414938,001,2025-09-03_08h55.14.096,adaptive_staircase,,2025.1.1,None,2025-09-03 08h55.16.497906 +0530
21,1,2,28.503332916996442,,,,,28.497046874952503,28.503332916996442,28.99465504195541,28.99465504195541,28.998797417036258,29.281795750022866,29.567738833022304,right,2,1,1,0.5692239159252495,,,,,414938,001,2025-09-03_08h55.14.096,adaptive_staircase,,2025.1.1,None,2025-09-03 08h55.16.497906 +0530
22,1,2,29.57750766701065,,,,,29.568158874986693,29.57750766701065,30.06618666695431,30.06618666695431,30.06618666695431,30.365123708033934,30.563220583018847,left,-2,1,1,0.49199608201161027,,,,,414938,001,2025-09-03_08h55.14.096,adaptive_staircase,,2025.1.1,None,2025-09-03 08h55.16.497906 +0530
23,1,2,30.570384457940236,,,,,30.563622749992646,30.570384457940236,31.061199249932542,31.061199249932542,31.065980041981675,31.348474332946353,31.55029012495652,left,-2,1,1,0.4855911659542471,,,,,414938,001,2025-09-03_08h55.14.096,adaptive_staircase,,2025.1.1,None,2025-09-03 08h55.16.497906 +0530
24,1,1,31.56117424997501,,,,,31.550668166950345,31.56117424997501,32.050421708030626,32.050421708030626,32.050421708030626,32.34856850001961,32.74720695801079,left,-1,1,1,0.6814535410376266,,,,,414938,001,2025-09-03_08h55.14.096,adaptive_staircase,,2025.1.1,None,2025-09-03 08h55.16.497906 +0530
25,1,1,32.75512099999469,,,,,32.74771892,32.75512099999469,33.244687458034605,33.244687458034605,33.24852912500501,33.53210383292753,33.746739124995656,left,-1,1,1,0.49016920709982514,,,,,414938,001,2025-09-03_08h55.14.096,adaptive_staircase,,2025.1.1,None,2025-09-03 08h55.16.497906 +0530
26,1,1,33.753863957943395,,,,,33.747162832994945,33.753863957943395,34.24491362494882,34.24491362494882,34.24899879202712,34.53171799995471,35.14671041700058,right,1,1,1,0.8909379160031676,,,,,414938,001,2025-09-03_08h55.14.096,adaptive_staircase,,2025.1.1,None,2025-09-03 08h55.16.497906 +0530
27,1,1,35.15368474996649,,,,,35.14714837493375,35.15368474996649,35.644718041992746,35.644718041992746,35.649416625034064,35.932032666984014,36.38005566701759,right,1,1,1,0.7220889569725841,,,,,414938,001,2025-09-03_08h55.14.096,adaptive_staircase,,2025.1.1,None,2025-09-03 08h55.16.497906 +0530
28,1,1,36.38739412499126,,,,,36.38048187503591,36.38739412499126,36.87794658297207,36.87794658297207,36.88197350001428,37.165300042019226,37.480304250027984,right,1,1,1,0.5909171239472926,,,,,414938,001,2025-09-03_08h55.14.096,adaptive_staircase,,2025.1.1,None,2025-09-03 08h55.16.497906 +0530
29,1,1,37.48797999997623,,,,,37.48072120803408,37.48797999997623,37.977926500025205,37.977926500025205,37.98193570796866,38.26545979,38.56365121,right,1,1,1,0.5750505409669131,,,,,414938,001,2025-09-03_08h55.14.096,adaptive_staircase,,2025.1.1,None,2025-09-03 08h55.16.497906 +0530
30,1,1,38.57111854,,,,,38.564108832972124,38.57111854,39.06143683299888,39.06143683299888,39.06547104,39.348553,39.59673758293502,right,1,1,1,0.529378499,,,,,414938,001,2025-09-03_08h55.14.096,adaptive_staircase,,2025.1.1,None,2025-09-03 08h55.16.497906 +0530
31,1,1,39.60360779194161,,,,,39.597111999988556,39.60360779194161,40.09487604198512,40.09487604198512,40.09899329196196,40.38199245801661,40.597605791990645,right,1,1,1,0.48904841602779925,,,,,414938,001,2025-09-03_08h55.14.096,adaptive_staircase,,2025.1.1,None,2025-09-03 08h55.16.497906 +0530
32,1,1,40.60665516695008,,,,,40.59813658,40.60665516695008,41.094902832992375,41.094902832992375,41.09899587498512,41.38257583300583,41.980081207933836,left,-1,1,1,0.8709920409601182,,,,,414938,001,2025-09-03_08h55.14.096,adaptive_staircase,,2025.1.1,None,2025-09-03 08h55.16.497906 +0530
33,1,1,41.987476042006165,,,,,41.98051858297549,41.987476042006165,42.47840699995868,42.47840699995868,42.48344595800154,42.76559491700027,43.01419608294964,left,-1,1,1,0.5298157080542296,,,,,414938,001,2025-09-03_08h55.14.096,adaptive_staircase,,2025.1.1,None,2025-09-03 08h55.16.497906 +0530
34,1,1,43.022125124931335,,,,,43.01468795794062,43.022125124931335,43.511906833038665,43.511906833038665,43.516368167009205,43.79873362497892,44.03405779,left,-1,1,1,0.5200272910296917,,,,,414938,001,2025-09-03_08h55.14.096,adaptive_staircase,,2025.1.1,None,2025-09-03 08h55.16.497906 +0530
35,1,1,44.04468445794191,,,,,44.03448304196354,44.04468445794191,44.53420529,44.53420529,44.53420529,44.83235591696575,45.463618458015844,left,-1,1,1,0.9156578329857439,,,,,414938,001,2025-09-03_08h55.14.096,adaptive_staircase,,2025.1.1,None,2025-09-03 08h55.16.497906 +0530
36,1,1,45.47111883293837,,,,,45.46405624994077,45.47111883293837,45.96170812495984,45.96170812495984,45.966699167038314,46.24915345793124,46.84663812501822,right,1,1,1,0.8785065410193056,,,,,414938,001,2025-09-03_08h55.14.096,adaptive_staircase,,2025.1.1,None,2025-09-03 08h55.16.497906 +0530
37,1,1,46.85338424996007,,,,,46.84698087500874,46.85338424996007,47.34515341697261,47.34515341697261,47.349534458015114,47.63248304196168,47.98017566697672,left,-1,1,1,0.6238677910296246,,,,,414938,001,2025-09-03_08h55.14.096,adaptive_staircase,,2025.1.1,None,2025-09-03 08h55.16.497906 +0530
38,1,1,47.98717037495226,,,,,47.98057858,47.98717037495226,48.478463332983665,48.478463332983665,48.48335929203313,48.76588358299341,49.06353899999522,left,-1,1,1,0.5755044569959864,,,,,414938,001,2025-09-03_08h55.14.096,adaptive_staircase,,2025.1.1,None,2025-09-03 08h55.16.497906 +0530
39,1,1,49.07093095802702,,,,,49.06396770803258,49.07093095802702,49.56171908299439,49.56171908299439,49.56581879,49.84906208293978,50.21729070798028,left,-1,1,1,0.6503539580153301,,,,,414938,001,2025-09-03_08h55.14.096,adaptive_staircase,,2025.1.1,None,2025-09-03 08h55.16.497906 +0530
40,1,1,50.22821900004055,,,,,50.217648791964166,50.22821900004055,50.71740337496158,50.71740337496158,50.71740337496158,51.01190104195848,51.65224570792634,left,-1,1,1,0.9286769570317119,,,,,414938,001,2025-09-03_08h55.14.096,adaptive_staircase,,2025.1.1,None,2025-09-03 08h55.16.497906 +0530
41,1,1,51.661235583014786,,,,,51.65268612501677,51.661235583014786,52.15025329194032,52.15025329194032,52.15025329194032,52.449018624960445,53.04777563,left,-1,1,1,0.8910227079177275,,,,,414938,001,2025-09-03_08h55.14.096,adaptive_staircase,,2025.1.1,None,2025-09-03 08h55.16.497906 +0530
42,1,1,53.056155708036385,,,,,53.048289166996256,53.056155708036385,53.54518667,53.54518667,53.54958904196974,53.832334083039314,54.09788387501612,right,1,1,1,0.5471367080463096,,,,,414938,001,2025-09-03_08h55.14.096,adaptive_staircase,,2025.1.1,None,2025-09-03 08h55.16.497906 +0530
43,1,1,54.106170832994394,,,,,54.09837721,54.106170832994394,54.59540820796974,54.59540820796974,54.60038237494882,54.88252466695849,55.264104292029515,right,1,1,1,0.6608093740651384,,,,,414938,001,2025-09-03_08h55.14.096,adaptive_staircase,,2025.1.1,None,2025-09-03 08h55.16.497906 +0530
44,0.5,1,55.27245212497655,,,,,55.26463666697964,55.27245212497655,55.76194337499328,55.76194337499328,55.76620633294806,56.04924945801031,56.430923916981556,left,-1,0,0,0.6623410830507055,,,,,414938,001,2025-09-03_08h55.14.096,adaptive_staircase,,2025.1.1,None,2025-09-03 08h55.16.497906 +0530
45,0.5,1.5,56.43840437498875,,,,,56.43135129194707,56.43840437498875,56.92866208299529,56.92866208299529,56.93271579197608,57.216017375001684,57.401156374951825,right,1.5,1,1,0.4684754160698503,,,,,414938,001,2025-09-03_08h55.14.096,adaptive_staircase,,2025.1.1,None,2025-09-03 08h55.16.497906 +0530
46,0.5,1.5,57.411763667012565,,,,,57.401512125041336,57.411763667012565,57.900810541934334,57.900810541934334,57.900810541934334,58.19930179195944,58.447398375021294,right,1.5,1,1,0.5384462910005823,,,,,414938,001,2025-09-03_08h55.14.096,adaptive_staircase,,2025.1.1,None,2025-09-03 08h55.16.497906 +0530
47,0.5,1.5,58.454638082999736,,,,,58.447821583016776,58.454638082999736,58.94549516693223,58.94549516693223,58.94984050001949,59.232810667017475,59.66809541697148,left,-1.5,1,1,0.7185532490257174,,,,,414938,001,2025-09-03_08h55.14.096,adaptive_staircase,,2025.1.1,None,2025-09-03 08h55.16.497906 +0530
48,0.5,1,59.67847433302086,,,,,59.66847666702233,59.67847433302086,60.16710187494755,60.16710187494755,60.16710187494755,60.46218241692986,60.88428775,left,-1,1,1,0.7120147489476949,,,,,414938,001,2025-09-03_08h55.14.096,adaptive_staircase,,2025.1.1,None,2025-09-03 08h55.16.497906 +0530
49,0.5,1,60.89523188,,,,,60.884637458017096,60.89523188,61.38370991696138,61.38370991696138,61.38370991696138,61.67885867,62.11411500000395,left,-1,1,1,0.720505916,,,,,414938,001,2025-09-03_08h55.14.096,adaptive_staircase,,2025.1.1,None,2025-09-03 08h55.16.497906 +0530
50,0.5,1,62.121341833029874,,,,,62.11452924995683,62.121341833029874,62.612169667030685,62.612169667030685,62.617159832967445,62.89948233298492,63.18510250002146,right,1,1,1,0.5679472079500556,,,,,414938,001,2025-09-03_08h55.14.096,adaptive_staircase,,2025.1.1,None,2025-09-03 08h55.16.497906 +0530
51,0.5,1,63.195257624960504,,,,,63.18546524993144,63.195257624960504,63.683318292023614,63.683318292023614,63.683318292023614,63.97871745796874,64.58059108,left,-1,1,1,0.8828338739695027,,,,,414938,001,2025-09-03_08h55.14.096,adaptive_staircase,,2025.1.1,None,2025-09-03 08h55.16.497906 +0530
52,0.5,1,64.58744520798791,,,,,64.58094008,64.58744520798791,65.07896962494124,65.07896962494124,65.08402595797088,65.366275,65.88087337499019,left,-1,1,1,0.7911938319448382,,,,,414938,001,2025-09-03_08h55.14.096,adaptive_staircase,,2025.1.1,None,2025-09-03 08h55.16.497906 +0530
53,0.5,1,65.88820916693658,,,,,65.88131095794961,65.88820916693658,66.37890141701791,66.37890141701791,66.38323520799167,66.66626170801464,67.14756766695064,right,1,1,1,0.764503832,,,,,414938,001,2025-09-03_08h55.14.096,adaptive_staircase,,2025.1.1,None,2025-09-03 08h55.16.497906 +0530
54,0.5,1,67.15493958303705,,,,,67.14796400000341,67.15493958303705,67.64567945792805,67.64567945792805,67.64977499993984,67.93303066701628,68.71842962503433,right,1,1,1,1.0695022080326453,,,,,414938,001,2025-09-03_08h55.14.096,adaptive_staircase,,2025.1.1,None,2025-09-03 08h55.16.497906 +0530
55,0.5,1,68.72878304193728,,,,,68.71880758,68.72878304193728,69.21866937493905,69.21866937493905,69.21866937493905,69.51630196,69.81501708296128,right,1,1,1,0.5864948739763349,,,,,414938,001,2025-09-03_08h55.14.096,adaptive_staircase,,2025.1.1,None,2025-09-03 08h55.16.497906 +0530
56,0.5,1,69.82257650000975,,,,,69.81553270795848,69.82257650000975,70.31240979197901,70.31240979197901,70.31738320796285,70.59966883296147,70.86432525003329,right,1,1,1,0.5428290410200134,,,,,414938,001,2025-09-03_08h55.14.096,adaptive_staircase,,2025.1.1,None,2025-09-03 08h55.16.497906 +0530
57,0.5,1,70.87162254203577,,,,,70.86478887498379,70.87162254203577,71.36248000001069,71.36248000001069,71.36654233303852,71.64977416698821,71.98090470803436,right,1,1,1,0.6067122489912435,,,,,414938,001,2025-09-03_08h55.14.096,adaptive_staircase,,2025.1.1,None,2025-09-03 08h55.16.497906 +0530
58,0.5,1,71.98814575001597,,,,,71.98132137500215,71.98814575001597,72.47916445799638,72.47916445799638,72.48331483302172,72.76660137495492,73.11442141700536,right,1,1,1,0.6312759569846094,,,,,414938,001,2025-09-03_08h55.14.096,adaptive_staircase,,2025.1.1,None,2025-09-03 08h55.16.497906 +0530
59,0.5,1,73.12170016695745,,,,,73.11481425003149,73.12170016695745,73.61245937494095,73.61245937494095,73.61627374996897,73.89974875,74.50090646,left,-1,1,1,0.8867083740187809,,,,,414938,001,2025-09-03_08h55.14.096,adaptive_staircase,,2025.1.1,None,2025-09-03 08h55.16.497906 +0530
60,0.5,1,74.51264974998776,,,,,74.50124404,74.51264974998776,75.00112587492913,75.00112587492913,75.00112587492913,75.29989137500525,75.83127987501211,right,1,1,1,0.8160222079604864,,,,,414938,001,2025-09-03_08h55.14.096,adaptive_staircase,,2025.1.1,None,2025-09-03 08h55.16.497906 +0530
61,0.5,1,75.83864891703706,,,,,75.83170212502591,75.83864891703706,76.32920304196887,76.32920304196887,76.33300304203294,76.61656074994244,77.24791449995246,left,-1,1,1,0.9152564990799874,,,,,414938,001,2025-09-03_08h55.14.096,adaptive_staircase,,2025.1.1,None,2025-09-03 08h55.16.497906 +0530
62,0.5,1,77.25537354196422,,,,,77.248311,77.25537354196422,77.74592691694852,77.74592691694852,77.75053554202896,78.03330008301418,78.33524579193909,left,-1,1,1,0.5862445820821449,,,,,414938,001,2025-09-03_08h55.14.096,adaptive_staircase,,2025.1.1,None,2025-09-03 08h55.16.497906 +0530
63,0.5,1,78.34570458298549,,,,,78.33566141698975,78.34570458298549,78.83429787494242,78.83429787494242,78.83429787494242,79.13329720799811,79.51527979201637,left,-1,1,1,0.6689677080139518,,,,,414938,001,2025-09-03_08h55.14.096,adaptive_staircase,,2025.1.1,None,2025-09-03 08h55.16.497906 +0530
64,0.5,1,79.52283516700845,,,,,79.51580699998885,79.52283516700845,80.01267904194538,80.01267904194538,80.01678104198072,80.30005466693547,80.78543333301786,left,-1,1,1,0.7675105830421671,,,,,414938,001,2025-09-03_08h55.14.096,adaptive_staircase,,2025.1.1,None,2025-09-03 08h55.16.497906 +0530
65,0.5,1,80.79577370802872,,,,,80.78578270797152,80.79577370802872,81.28498170792591,81.28498170792591,81.28498170792591,81.58326824998949,82.28215454192832,right,1,1,1,0.9863323329482228,,,,,414938,001,2025-09-03_08h55.14.096,adaptive_staircase,,2025.1.1,None,2025-09-03 08h55.16.497906 +0530
66,0.5,1,82.29011095792521,,,,,82.28267383296043,82.29011095792521,82.77941317,82.77941317,82.78344408294652,83.06681596,83.36516708298586,left,-1,1,1,0.583005374,,,,,414938,001,2025-09-03_08h55.14.096,adaptive_staircase,,2025.1.1,None,2025-09-03 08h55.16.497906 +0530
67,0.5,1,83.37273041694425,,,,,83.36568124999758,83.37273041694425,83.86290629196446,83.86290629196446,83.86668729200028,84.15003488,84.56464487500489,right,1,1,1,0.6985744159901515,,,,,414938,001,2025-09-03_08h55.14.096,adaptive_staircase,,2025.1.1,None,2025-09-03 08h55.16.497906 +0530
68,0.5,1,84.57185895799194,,,,,84.56504304194823,84.57185895799194,85.06293579202611,85.06293579202611,85.06701091700234,85.34995283302851,85.71935699996538,left,-1,1,1,0.6514577909838408,,,,,414938,001,2025-09-03_08h55.14.096,adaptive_staircase,,2025.1.1,None,2025-09-03 08h55.16.497906 +0530
69,0.5,1,85.72926912503317,,,,,85.71975504199509,85.72926912503317,86.21819820802193,86.21819820802193,86.21819820802193,86.51293674996123,86.71487095800694,right,1,1,1,0.4882257910212502,,,,,414938,001,2025-09-03_08h55.14.096,adaptive_staircase,,2025.1.1,None,2025-09-03 08h55.16.497906 +0530
70,0.5,1,86.72190150001552,,,,,86.71529237,86.72190150001552,87.21293475001585,87.21293475001585,87.21703125000931,87.50030179193709,87.83487558295019,left,-1,1,1,0.6183529580011964,,,,,414938,001,2025-09-03_08h55.14.096,adaptive_staircase,,2025.1.1,None,2025-09-03 08h55.16.497906 +0530
71,0.5,1,87.84640308294911,,,,,87.83522891695611,87.84640308294911,88.33404158300254,88.33404158300254,88.33404158300254,88.62973954202607,88.89903979201335,right,1,0,0,0.5523256659507751,,,,,414938,001,2025-09-03_08h55.14.096,adaptive_staircase,,2025.1.1,None,2025-09-03 08h55.16.497906 +0530
72,0.5,1.5,88.90665641694795,,,,,88.89959408296272,88.90665641694795,89.39639704,89.39639704,89.40018491703086,89.68361129192635,89.86938516702503,right,1.5,0,0,0.47097391600254923,,,,,414938,001,2025-09-03_08h55.14.096,adaptive_staircase,,2025.1.1,None,2025-09-03 08h55.16.497906 +0530
73,0.5,2,89.87946570792701,,,,,89.86981416703202,89.87946570792701,90.36843537492678,90.36843537492678,90.36843537492678,90.66322408302221,90.93177329201717,right,2,1,1,0.5529946250608191,,,,,414938,001,2025-09-03_08h55.14.096,adaptive_staircase,,2025.1.1,None,2025-09-03 08h55.16.497906 +0530
74,0.5,2,90.93892429198604,,,,,90.93222345795948,90.93892429198604,91.42967695801053,91.42967695801053,91.43372537498362,91.71718816703651,92.29886191699188,left,-2,1,1,0.856711458,,,,,414938,001,2025-09-03_08h55.14.096,adaptive_staircase,,2025.1.1,None,2025-09-03 08h55.16.497906 +0530
75,0.5,2,92.30641887499951,,,,,92.29939245793503,92.30641887499951,92.79645812499803,92.79645812499803,92.80052004,93.08365633303765,93.38538687501568,left,-2,1,1,0.5859536660136655,,,,,414938,001,2025-09-03_08h55.14.096,adaptive_staircase,,2025.1.1,None,2025-09-03 08h55.16.497906 +0530
76,0.5,1.5,93.39623375004157,,,,,93.38574020797387,93.39623375004157,93.88545974995941,93.88545974995941,93.88545974995941,94.18373091693502,94.54838425002526,right,1.5,1,1,0.661022458,,,,,414938,001,2025-09-03_08h55.14.096,adaptive_staircase,,2025.1.1,None,2025-09-03 08h55.16.497906 +0530
77,0.5,1.5,94.55587020795792,,,,,94.54880604194477,94.55587020795792,95.04645820800215,95.04645820800215,95.05047087499406,95.33381125,95.79857504193205,left,-1.5,1,1,0.7420212080469355,,,,,414938,001,2025-09-03_08h55.14.096,adaptive_staircase,,2025.1.1,None,2025-09-03 08h55.16.497906 +0530
78,0.5,1.5,95.80572375003248,,,,,95.79898358299397,95.80572375003248,96.29645050002728,96.29645050002728,96.30047787493095,96.58369679,96.81516666698735,right,1.5,1,1,0.5060288329841569,,,,,414938,001,2025-09-03_08h55.14.096,adaptive_staircase,,2025.1.1,None,2025-09-03 08h55.16.497906 +0530
79,0.5,1,96.82237716694362,,,,,96.81557924998924,96.82237716694362,97.31321291695349,97.31321291695349,97.31835808302276,97.60094470798504,97.83538895798847,right,1,1,1,0.519141874,,,,,414938,001,2025-09-03_08h55.14.096,adaptive_staircase,,2025.1.1,None,2025-09-03 08h55.16.497906 +0530
80,0.5,1,97.84640625002794,,,,,97.83580066694412,97.84640625002794,98.33469858299941,98.33469858299941,98.33469858299941,98.62997024995275,99.31571058300324,left,-1,1,1,0.9788020409177989,,,,,414938,001,2025-09-03_08h55.14.096,adaptive_staircase,,2025.1.1,None,2025-09-03 08h55.16.497906 +0530
81,0.5,1,99.32367583294399,,,,,99.31621841702145,99.32367583294399,99.81341321,99.81341321,99.81766974995844,100.10049766697921,100.51958783296868,right,1,1,1,0.7040614580037072,,,,,414938,001,2025-09-03_08h55.14.096,adaptive_staircase,,2025.1.1,None,2025-09-03 08h55.16.497906 +0530
82,0.5,1,100.52976958302315,,,,,100.52000150003005,100.52976958302315,101.01861529203597,101.01861529203597,101.01861529203597,101.31730445800349,101.93563887500204,right,1,1,1,0.9118929160758853,,,,,414938,001,2025-09-03_08h55.14.096,adaptive_staircase,,2025.1.1,None,2025-09-03 08h55.16.497906 +0530
83,0.5,1,101.94647774996702,,,,,101.93599554197863,101.94647774996702,102.43452870799229,102.43452870799229,102.43452870799229,102.73022925003897,103.53213670803234,right,1,1,1,1.087852373952046,,,,,414938,001,2025-09-03_08h55.14.096,adaptive_staircase,,2025.1.1,None,2025-09-03 08h55.16.497906 +0530
84,0.5,1,103.53911241702735,,,,,103.53258504194673,103.53911241702735,104.03020833292976,104.03020833292976,104.03418808302376,104.31724033295177,105.14859787502792,left,-1,0,0,1.113647458027117,,,,,414938,001,2025-09-03_08h55.14.096,adaptive_staircase,,2025.1.1,None,2025-09-03 08h55.16.497906 +0530
85,0.5,1.5,105.15611400001217,,,,,105.14894074993208,105.15611400001217,105.64697324996814,105.64697324996814,105.65131674997974,105.93424808303826,106.66907591698691,left,-1.5,0,0,1.0175225409911945,,,,,414938,001,2025-09-03_08h55.14.096,adaptive_staircase,,2025.1.1,None,2025-09-03 08h55.16.497906 +0530
86,0.5,2,106.6799641669495,,,,,106.66942695796024,106.6799641669495,107.16899775003549,107.16899775003549,107.16899775003549,107.46370012499392,107.7661737499293,right,2,1,1,0.588706958,,,,,414938,001,2025-09-03_08h55.14.096,adaptive_staircase,,2025.1.1,None,2025-09-03 08h55.16.497906 +0530
87,0.5,2,107.7736578329932,,,,,107.76669258298352,107.7736578329932,108.26366516703274,108.26366516703274,108.26740629202686,108.55073383299168,108.8161787,right,2,1,1,0.5429912910331041,,,,,414938,001,2025-09-03_08h55.14.096,adaptive_staircase,,2025.1.1,None,2025-09-03 08h55.16.497906 +0530
88,0.5,2,108.8242173329927,,,,,108.81669637502637,108.8242173329927,109.31367674993817,109.31367674993817,109.31774208298884,109.6011272079777,109.74964941700455,right,2,1,1,0.4239027069415897,,,,,414938,001,2025-09-03_08h55.14.096,adaptive_staircase,,2025.1.1,None,2025-09-03 08h55.16.497906 +0530
89,0.5,1.5,109.75744404201396,,,,,109.7502019579988,109.75744404201396,110.24715429195203,110.24715429195203,110.25129183300305,110.53521795803681,110.9490114999935,left,-1.5,1,1,0.6995008739177138,,,,,414938,001,2025-09-03_08h55.14.096,adaptive_staircase,,2025.1.1,None,2025-09-03 08h55.16.497906 +0530
90,0.5,1.5,110.95640641695354,,,,,110.94938954198733,110.95640641695354,111.4471343,111.4471343,111.45130312500987,111.73525516700465,112.06628708296921,right,1.5,1,1,0.6166581240249798,,,,,414938,001,2025-09-03_08h55.14.096,adaptive_staircase,,2025.1.1,None,2025-09-03 08h55.16.497906 +0530
91,0.5,1.5,112.07366229197942,,,,,112.06678058300167,112.07366229197942,112.56371629203204,112.56371629203204,112.56748758303002,112.85106812498998,113.16580266703386,left,-1.5,1,1,0.5919068319490179,,,,,414938,001,2025-09-03_08h55.14.096,adaptive_staircase,,2025.1.1,None,2025-09-03 08h55.16.497906 +0530
92,0.5,1,113.17294216703158,,,,,113.16623370803427,113.17294216703158,113.66390637494624,113.66390637494624,113.66812929196749,113.95098258298822,114.21655529201962,left,-1,1,1,0.5479184159776196,,,,,414938,001,2025-09-03_08h55.14.096,adaptive_staircase,,2025.1.1,None,2025-09-03 08h55.16.497906 +0530
93,0.5,1,114.22419179196004,,,,,114.21705808292609,114.22419179196004,114.71390120801516,114.71390120801516,114.71798137493897,115.00131495797541,115.3832596669672,right,1,1,1,0.6556620409246534,,,,,414938,001,2025-09-03_08h55.14.096,adaptive_staircase,,2025.1.1,None,2025-09-03 08h55.16.497906 +0530
94,0.5,1,115.39092970802449,,,,,115.38379441702273,115.39092970802449,115.88068299996667,115.88068299996667,115.88490062498022,116.16774491698015,117.09994716697838,right,1,1,1,1.2142335410462692,,,,,414938,001,2025-09-03_08h55.14.096,adaptive_staircase,,2025.1.1,None,2025-09-03 08h55.16.497906 +0530
95,0.5,1,117.10768975003157,,,,,117.10034129198175,117.10768975003157,117.59719100000802,117.59719100000802,117.60122137493454,117.88464937498793,118.19919170800131,right,1,1,1,0.5986486239125952,,,,,414938,001,2025-09-03_08h55.14.096,adaptive_staircase,,2025.1.1,None,2025-09-03 08h55.16.497906 +0530
96,0.5,1,118.20664874999784,,,,,118.19958120794035,118.20664874999784,118.69740425003693,118.69740425003693,118.70110824995209,118.98422045796178,119.78714354196563,right,1,1,1,1.086290081962943,,,,,414938,001,2025-09-03_08h55.14.096,adaptive_staircase,,2025.1.1,None,2025-09-03 08h55.16.497906 +0530
97,0.5,1,119.79719554202165,,,,,119.7875563330017,119.79719554202165,120.2850897499593,120.2850897499593,120.2850897499593,120.58072962495498,120.97025174996816,right,1,1,1,0.680605749,,,,,414938,001,2025-09-03_08h55.14.096,adaptive_staircase,,2025.1.1,None,2025-09-03 08h55.16.497906 +0530
98,0.5,1,120.98033920803573,,,,,120.97066875000019,120.98033920803573,121.47013720800169,121.47013720800169,121.47013720800169,121.76806587493047,121.81650479196105,right,1,1,1,0.3388115830020979,,,,,414938,001,2025-09-03_08h55.14.096,adaptive_staircase,,2025.1.1,None,2025-09-03 08h55.16.497906 +0530
99,0.5,1,121.82392958295532,,,,,121.8170202919282,121.82392958295532,122.3141290829517,122.3141290829517,122.31823237496428,122.60115658293944,122.74958391697146,right,1,1,1,0.42140229092910886,,,,,414938,001,2025-09-03_08h55.14.096,adaptive_staircase,,2025.1.1,None,2025-09-03 08h55.16.497906 +0530
,,,,,,,,,,,,,,,,,,,,122.74990583292674,122.75931754196063,124.75091504200827,124.74794441694394,414938,001,2025-09-03_08h55.14.096,adaptive_staircase,,2025.1.1,None,2025-09-03 08h55.16.497906 +0530